<!-- DWF2XML 2.00.01 - Raisonance Dwarf information extractor -->
<aoffile Header="MStroy2.0" Path="D:\WkPjt\MStory2.0\Mango-M32.Firmware\M32.Src011.getchar\project\RIDE\MStroy2.0.elf">
 <Def>
  <Col Header="DeclFile" Desc="File"/>
  <Col Header="Type" Desc="Type"/>
  <Col Header="Header" Desc="Name"/>
 </Def>
 <type Header="uint8_t" Icon="1" Type="type" Desc=": unsigned char" DeclFile="c:\program files\raisonance\ride\arm-gcc\arm-none-eabi\include\stdint.h" DeclLine="46" Pointer="No"/>
 <type Header="uint16_t" Icon="1" Type="type" Desc=": unsigned int" DeclFile="c:\program files\raisonance\ride\arm-gcc\arm-none-eabi\include\stdint.h" DeclLine="58" Pointer="No"/>
 <type Header="uint32_t" Icon="1" Type="type" Desc=": unsigned long" DeclFile="c:\program files\raisonance\ride\arm-gcc\arm-none-eabi\include\stdint.h" DeclLine="84" Pointer="No"/>
 <type Header="GPIOSpeed_TypeDef" Icon="1" Type="type" Desc=": unsigned char" DeclFile="D:\WkPjt\MStory2.0\Mango-M32.Firmware\M32.Src011.getchar\inc\platform_config.h" DeclLine="24" Pointer="No"/>
 <type Header="GPIOMode_TypeDef" Icon="1" Type="type" Desc=": unsigned char" DeclFile="D:\WkPjt\MStory2.0\Mango-M32.Firmware\M32.Src011.getchar\inc\platform_config.h" DeclLine="35" Pointer="No"/>
 <type Header="GPIO_InitTypeDef" Icon="1" Type="type" Desc=": struct " DeclFile="D:\WkPjt\MStory2.0\Mango-M32.Firmware\M32.Src011.getchar\inc\platform_config.h" DeclLine="42" Pointer="No"/>
 <type Header="FlagStatus" Icon="1" Type="type" Desc=": unsigned char" DeclFile="D:\WkPjt\MStory2.0\Mango-M32.Firmware\M32.Src011.getchar\inc\platform_config.h" DeclLine="54" Pointer="No"/>
 <type Header="GPIO_TypeDef" Icon="1" Type="type" Desc=": struct " DeclFile="D:\WkPjt\MStory2.0\Mango-M32.Firmware\M32.Src011.getchar\inc\platform_config.h" DeclLine="127" Pointer="No"/>
 <type Header="USART_TypeDef" Icon="1" Type="type" Desc=": struct " DeclFile="D:\WkPjt\MStory2.0\Mango-M32.Firmware\M32.Src011.getchar\inc\platform_config.h" DeclLine="145" Pointer="No"/>
 <type Header="USART_InitTypeDef" Icon="1" Type="type" Desc=": struct " DeclFile="D:\WkPjt\MStory2.0\Mango-M32.Firmware\M32.Src011.getchar\src\main.c" DeclLine="100" Pointer="No"/>
 <func Header="delay_int_count" Icon="3" Type="func" Desc=":   void" DeclFile="D:\WkPjt\MStory2.0\Mango-M32.Firmware\M32.Src011.getchar\src\main.c" DeclLine="18"/>
 <func Header="delay_1_second" Icon="3" Type="func" Desc=":   void" DeclFile="D:\WkPjt\MStory2.0\Mango-M32.Firmware\M32.Src011.getchar\src\main.c" DeclLine="23"/>
 <func Header="delay_100_milli_second" Icon="3" Type="func" Desc=":   void" DeclFile="D:\WkPjt\MStory2.0\Mango-M32.Firmware\M32.Src011.getchar\src\main.c" DeclLine="28"/>
 <func Header="USART_SendData" Icon="3" Type="func" Desc=":   void" DeclFile="D:\WkPjt\MStory2.0\Mango-M32.Firmware\M32.Src011.getchar\src\main.c" DeclLine="33"/>
 <func Header="USART_ReceiveData" Icon="3" Type="func" Desc=":   unsigned int" DeclFile="D:\WkPjt\MStory2.0\Mango-M32.Firmware\M32.Src011.getchar\src\main.c" DeclLine="39"/>
 <func Header="USART_GetFlagStatus" Icon="3" Type="func" Desc=":   unsigned char" DeclFile="D:\WkPjt\MStory2.0\Mango-M32.Firmware\M32.Src011.getchar\src\main.c" DeclLine="45"/>
 <func Header="SerialPutChar" Icon="3" Type="func" Desc=":   void" DeclFile="D:\WkPjt\MStory2.0\Mango-M32.Firmware\M32.Src011.getchar\src\main.c" DeclLine="60"/>
 <func Header="Serial_PutString" Icon="3" Type="func" Desc=":   void" DeclFile="D:\WkPjt\MStory2.0\Mango-M32.Firmware\M32.Src011.getchar\src\main.c" DeclLine="66"/>
 <func Header="USART_Init" Icon="3" Type="func" Desc=":   void" DeclFile="D:\WkPjt\MStory2.0\Mango-M32.Firmware\M32.Src011.getchar\src\main.c" DeclLine="131"/>
 <func Header="USART1_Init" Icon="3" Type="func" Desc=":   void" DeclFile="D:\WkPjt\MStory2.0\Mango-M32.Firmware\M32.Src011.getchar\src\main.c" DeclLine="183"/>
 <func Header="GPIO_Init" Icon="3" Type="func" Desc=":   void" DeclFile="D:\WkPjt\MStory2.0\Mango-M32.Firmware\M32.Src011.getchar\src\main.c" DeclLine="211"/>
 <func Header="GPIO_Configuration" Icon="3" Type="func" Desc=":   void" DeclFile="D:\WkPjt\MStory2.0\Mango-M32.Firmware\M32.Src011.getchar\src\main.c" DeclLine="292"/>
 <func Header="__io_putchar" Icon="3" Type="func" Desc=":   long" DeclFile="D:\WkPjt\MStory2.0\Mango-M32.Firmware\M32.Src011.getchar\src\main.c" DeclLine="336"/>
 <func Header="USART_GetCharacter" Icon="3" Type="func" Desc=":   unsigned char" DeclFile="D:\WkPjt\MStory2.0\Mango-M32.Firmware\M32.Src011.getchar\src\main.c" DeclLine="353"/>
 <func Header="System_Information" Icon="3" Type="func" Desc=":   void" DeclFile="D:\WkPjt\MStory2.0\Mango-M32.Firmware\M32.Src011.getchar\src\main.c" DeclLine="370"/>
 <func Header="main" Icon="3" Type="func" Desc=":   long" DeclFile="D:\WkPjt\MStory2.0\Mango-M32.Firmware\M32.Src011.getchar\src\main.c" DeclLine="381"/>
 <type Header="uint32_t" Icon="1" Type="type" Desc=": unsigned long" DeclFile="c:\program files\raisonance\ride\arm-gcc\arm-none-eabi\include\stdint.h" DeclLine="84" Pointer="No"/>
 <func Header="LED_On_Red" Icon="3" Type="func" Desc=":   void" DeclFile="D:\WkPjt\MStory2.0\Mango-M32.Firmware\M32.Src011.getchar\src\led.c" DeclLine="23"/>
 <func Header="LED_Off_Red" Icon="3" Type="func" Desc=":   void" DeclFile="D:\WkPjt\MStory2.0\Mango-M32.Firmware\M32.Src011.getchar\src\led.c" DeclLine="28"/>
 <func Header="LED_On_Yellow" Icon="3" Type="func" Desc=":   void" DeclFile="D:\WkPjt\MStory2.0\Mango-M32.Firmware\M32.Src011.getchar\src\led.c" DeclLine="33"/>
 <func Header="LED_Off_Yellow" Icon="3" Type="func" Desc=":   void" DeclFile="D:\WkPjt\MStory2.0\Mango-M32.Firmware\M32.Src011.getchar\src\led.c" DeclLine="38"/>
 <func Header="LED_On_Blue" Icon="3" Type="func" Desc=":   void" DeclFile="D:\WkPjt\MStory2.0\Mango-M32.Firmware\M32.Src011.getchar\src\led.c" DeclLine="43"/>
 <func Header="LED_Off_Blue" Icon="3" Type="func" Desc=":   void" DeclFile="D:\WkPjt\MStory2.0\Mango-M32.Firmware\M32.Src011.getchar\src\led.c" DeclLine="48"/>
 <func Header="LED_Off_All" Icon="3" Type="func" Desc=":   void" DeclFile="D:\WkPjt\MStory2.0\Mango-M32.Firmware\M32.Src011.getchar\src\led.c" DeclLine="60"/>
 <func Header="LED_OnOffAll_Mult" Icon="3" Type="func" Desc=":   void" DeclFile="D:\WkPjt\MStory2.0\Mango-M32.Firmware\M32.Src011.getchar\src\led.c" DeclLine="67"/>
 <func Header="LED_Test" Icon="3" Type="func" Desc=":   void" DeclFile="D:\WkPjt\MStory2.0\Mango-M32.Firmware\M32.Src011.getchar\src\led.c" DeclLine="88"/>
 <type Header="uint8_t" Icon="1" Type="type" Desc=": unsigned char" DeclFile="c:\program files\raisonance\ride\arm-gcc\arm-none-eabi\include\stdint.h" DeclLine="46" Pointer="No"/>
 <type Header="uint16_t" Icon="1" Type="type" Desc=": unsigned int" DeclFile="c:\program files\raisonance\ride\arm-gcc\arm-none-eabi\include\stdint.h" DeclLine="58" Pointer="No"/>
 <type Header="uint32_t" Icon="1" Type="type" Desc=": unsigned long" DeclFile="c:\program files\raisonance\ride\arm-gcc\arm-none-eabi\include\stdint.h" DeclLine="84" Pointer="No"/>
 <type Header="GPIO_TypeDef" Icon="1" Type="type" Desc=": struct " DeclFile="D:\WkPjt\MStory2.0\Mango-M32.Firmware\M32.Src011.getchar\inc\platform_config.h" DeclLine="127" Pointer="No"/>
 <func Header="GPIO_ReadInputDataBit" Icon="3" Type="func" Desc=":   unsigned char" DeclFile="D:\WkPjt\MStory2.0\Mango-M32.Firmware\M32.Src011.getchar\src\key.c" DeclLine="17"/>
 <func Header="KEY_Test" Icon="3" Type="func" Desc=":   void" DeclFile="D:\WkPjt\MStory2.0\Mango-M32.Firmware\M32.Src011.getchar\src\key.c" DeclLine="43"/>
</aoffile>

