<!-- DWF2XML 2.00.01 - Raisonance Dwarf information extractor -->
<aoffile Filename="MStroy2.0" dwarf="1">
 <modulelist>
  <module Name="D:\WkPjt\MStory2.0\Mango-M32.Firmware\M32.Src011.getchar\src\main.c" >
   <type Family="Base" Name="signed char" ID="37"/>
   <type Family="Base" Name="unsigned char" ID="55"/>
   <type Family="typedef" Name="uint8_t" Line="46" ID="44" toTI="55"/>
   <type Family="Base" Name="short int" ID="62"/>
   <type Family="Base" Name="short unsigned int" ID="80"/>
   <type Family="typedef" Name="uint16_t" Line="58" ID="69" toTI="80"/>
   <type Family="Base" Name="long int" ID="87"/>
   <type Family="Base" Name="long unsigned int" ID="105"/>
   <type Family="typedef" Name="uint32_t" Line="84" ID="94" toTI="105"/>
   <type Family="Base" Name="long long int" ID="112"/>
   <type Family="Base" Name="long long unsigned int" ID="119"/>
   <type Family="Base" Name="int" ID="126"/>
   <type Family="Base" Name="unsigned int" ID="133"/>
   <type Family="typedef" Name="GPIOSpeed_TypeDef" Line="24" ID="167" toTI="140"/>
   <type Family="typedef" Name="GPIOMode_TypeDef" Line="35" ID="236" toTI="178"/>
   <type Family="ComponentList" Line="38" ID="247">
    <Component Name="GPIO_Pin" TI="255" Line="39" Offs="0"/>
    <Component Name="GPIO_Speed" TI="269" Line="40" Offs="2"/>
    <Component Name="GPIO_Mode" TI="283" Line="41" Offs="3"/>
   </type>
   <type Family="typedef" Name="GPIO_InitTypeDef" Line="42" ID="298" toTI="247"/>
   <type Family="typedef" Name="FlagStatus" Line="54" ID="330" toTI="309"/>
   <type Family="ComponentList" Line="101" ID="341">
    <Component Name="CR" TI="349" Line="102" Offs="0"/>
    <Component Name="CFGR" TI="362" Line="103" Offs="4"/>
    <Component Name="CIR" TI="376" Line="104" Offs="8"/>
    <Component Name="APB2RSTR" TI="390" Line="105" Offs="12"/>
    <Component Name="APB1RSTR" TI="404" Line="106" Offs="16"/>
    <Component Name="AHBENR" TI="418" Line="107" Offs="20"/>
    <Component Name="APB2ENR" TI="432" Line="108" Offs="24"/>
    <Component Name="APB1ENR" TI="446" Line="109" Offs="28"/>
    <Component Name="BDCR" TI="460" Line="110" Offs="32"/>
    <Component Name="CSR" TI="474" Line="111" Offs="36"/>
   </type>
   <type Family="ComponentList" Line="119" ID="494">
    <Component Name="CRL" TI="502" Line="120" Offs="0"/>
    <Component Name="CRH" TI="516" Line="121" Offs="4"/>
    <Component Name="IDR" TI="530" Line="122" Offs="8"/>
    <Component Name="ODR" TI="544" Line="123" Offs="12"/>
    <Component Name="BSRR" TI="558" Line="124" Offs="16"/>
    <Component Name="BRR" TI="572" Line="125" Offs="20"/>
    <Component Name="LCKR" TI="586" Line="126" Offs="24"/>
   </type>
   <type Family="typedef" Name="GPIO_TypeDef" Line="127" ID="601" toTI="494"/>
   <type Family="ComponentList" Line="130" ID="612">
    <Component Name="SR" TI="620" Line="131" Offs="0"/>
    <Component Name="RESERVED0" TI="633" Line="132" Offs="2"/>
    <Component Name="DR" TI="647" Line="133" Offs="4"/>
    <Component Name="RESERVED1" TI="660" Line="134" Offs="6"/>
    <Component Name="BRR" TI="674" Line="135" Offs="8"/>
    <Component Name="RESERVED2" TI="688" Line="136" Offs="10"/>
    <Component Name="CR1" TI="702" Line="137" Offs="12"/>
    <Component Name="RESERVED3" TI="716" Line="138" Offs="14"/>
    <Component Name="CR2" TI="730" Line="139" Offs="16"/>
    <Component Name="RESERVED4" TI="744" Line="140" Offs="18"/>
    <Component Name="CR3" TI="758" Line="141" Offs="20"/>
    <Component Name="RESERVED5" TI="772" Line="142" Offs="22"/>
    <Component Name="GTPR" TI="786" Line="143" Offs="24"/>
    <Component Name="RESERVED6" TI="800" Line="144" Offs="26"/>
   </type>
   <type Family="typedef" Name="USART_TypeDef" Line="145" ID="820" toTI="612"/>
   <type Family="Base" Name="char" ID="834"/>
   <type Family="ComponentList" Line="75" ID="841">
    <Component Name="USART_BaudRate" TI="849" Line="76" Offs="0"/>
    <Component Name="USART_WordLength" TI="863" Line="81" Offs="4"/>
    <Component Name="USART_StopBits" TI="877" Line="84" Offs="6"/>
    <Component Name="USART_Parity" TI="891" Line="87" Offs="8"/>
    <Component Name="USART_Mode" TI="905" Line="94" Offs="10"/>
    <Component Name="USART_HardwareFlowControl" TI="919" Line="97" Offs="12"/>
   </type>
   <type Family="typedef" Name="USART_InitTypeDef" Line="100" ID="934" toTI="841"/>
   <function Name="delay_int_count" TI="0" FileName="D:\WkPjt\MStory2.0\Mango-M32.Firmware\M32.Src011.getchar\src\main.c" Line="18">
    <parameter Name="nTime" TI="985" FileName="D:\WkPjt\MStory2.0\Mango-M32.Firmware\M32.Src011.getchar\src\main.c" Line="18" Addr="0x0" Param="Yes"/>
   </function >
   <function Name="delay_1_second" TI="0" FileName="D:\WkPjt\MStory2.0\Mango-M32.Firmware\M32.Src011.getchar\src\main.c" Line="23">
   </function >
   <function Name="delay_100_milli_second" TI="0" FileName="D:\WkPjt\MStory2.0\Mango-M32.Firmware\M32.Src011.getchar\src\main.c" Line="28">
   </function >
   <function Name="USART_SendData" TI="0" FileName="D:\WkPjt\MStory2.0\Mango-M32.Firmware\M32.Src011.getchar\src\main.c" Line="33">
   <type Family="Pointer" TI="1084" toTI="820"/>
    <parameter Name="USARTx" TI="1084" FileName="D:\WkPjt\MStory2.0\Mango-M32.Firmware\M32.Src011.getchar\src\main.c" Line="33" Addr="0x0" Param="Yes"/>
    <parameter Name="Data" TI="69" FileName="D:\WkPjt\MStory2.0\Mango-M32.Firmware\M32.Src011.getchar\src\main.c" Line="33" Addr="0x1" Param="Yes"/>
   </function >
   <function Name="USART_ReceiveData" TI="69" FileName="D:\WkPjt\MStory2.0\Mango-M32.Firmware\M32.Src011.getchar\src\main.c" Line="39">
    <parameter Name="USARTx" TI="1084" FileName="D:\WkPjt\MStory2.0\Mango-M32.Firmware\M32.Src011.getchar\src\main.c" Line="39" Addr="0x0" Param="Yes"/>
   </function >
   <function Name="USART_GetFlagStatus" TI="330" FileName="D:\WkPjt\MStory2.0\Mango-M32.Firmware\M32.Src011.getchar\src\main.c" Line="45">
    <parameter Name="USARTx" TI="1084" FileName="D:\WkPjt\MStory2.0\Mango-M32.Firmware\M32.Src011.getchar\src\main.c" Line="45" Addr="0x0" Param="Yes"/>
    <parameter Name="USART_FLAG" TI="69" FileName="D:\WkPjt\MStory2.0\Mango-M32.Firmware\M32.Src011.getchar\src\main.c" Line="45" Addr="0x1" Param="Yes"/>
   </function >
   <function Name="SerialPutChar" TI="0" FileName="D:\WkPjt\MStory2.0\Mango-M32.Firmware\M32.Src011.getchar\src\main.c" Line="60">
    <parameter Name="c" TI="44" FileName="D:\WkPjt\MStory2.0\Mango-M32.Firmware\M32.Src011.getchar\src\main.c" Line="60" Addr="0x0" Param="Yes"/>
   </function >
   <function Name="Serial_PutString" TI="0" FileName="D:\WkPjt\MStory2.0\Mango-M32.Firmware\M32.Src011.getchar\src\main.c" Line="66">
   <type Family="Pointer" TI="1278" toTI="44"/>
    <parameter Name="s" TI="1278" FileName="D:\WkPjt\MStory2.0\Mango-M32.Firmware\M32.Src011.getchar\src\main.c" Line="66" Addr="0x0" Param="Yes"/>
   </function >
   <function Name="USART_Init" TI="0" FileName="D:\WkPjt\MStory2.0\Mango-M32.Firmware\M32.Src011.getchar\src\main.c" Line="131">
    <parameter Name="USARTx" TI="1084" FileName="D:\WkPjt\MStory2.0\Mango-M32.Firmware\M32.Src011.getchar\src\main.c" Line="131" Addr="0x0" Param="Yes"/>
   <type Family="Pointer" TI="1390" toTI="934"/>
    <parameter Name="USART_InitStruct" TI="1390" FileName="D:\WkPjt\MStory2.0\Mango-M32.Firmware\M32.Src011.getchar\src\main.c" Line="131" Addr="0x1" Param="Yes"/>
    <variable Name="tmpreg" FileName="D:\WkPjt\MStory2.0\Mango-M32.Firmware\M32.Src011.getchar\src\main.c" Line="132" Addr="0x3" TI="94"/>
    <variable Name="integerdivider" FileName="D:\WkPjt\MStory2.0\Mango-M32.Firmware\M32.Src011.getchar\src\main.c" Line="133" Addr="0x3" TI="94"/>
   </function >
   <function Name="USART1_Init" TI="0" FileName="D:\WkPjt\MStory2.0\Mango-M32.Firmware\M32.Src011.getchar\src\main.c" Line="183">
    <variable Name="USART_InitStructure" FileName="D:\WkPjt\MStory2.0\Mango-M32.Firmware\M32.Src011.getchar\src\main.c" Line="184" Addr="0x34000000" TI="934"/>
   </function >
   <function Name="GPIO_Init" TI="0" FileName="D:\WkPjt\MStory2.0\Mango-M32.Firmware\M32.Src011.getchar\src\main.c" Line="211">
   <type Family="Pointer" TI="1570" toTI="601"/>
    <parameter Name="GPIOx" TI="1570" FileName="D:\WkPjt\MStory2.0\Mango-M32.Firmware\M32.Src011.getchar\src\main.c" Line="211" Addr="0x0" Param="Yes"/>
   <type Family="Pointer" TI="1576" toTI="298"/>
    <parameter Name="GPIO_InitStruct" TI="1576" FileName="D:\WkPjt\MStory2.0\Mango-M32.Firmware\M32.Src011.getchar\src\main.c" Line="211" Addr="0x1" Param="Yes"/>
    <variable Name="currentmode" FileName="D:\WkPjt\MStory2.0\Mango-M32.Firmware\M32.Src011.getchar\src\main.c" Line="212" Addr="0x7" TI="94"/>
    <variable Name="currentpin" FileName="D:\WkPjt\MStory2.0\Mango-M32.Firmware\M32.Src011.getchar\src\main.c" Line="212" Addr="0x1" TI="94"/>
    <variable Name="pinpos" FileName="D:\WkPjt\MStory2.0\Mango-M32.Firmware\M32.Src011.getchar\src\main.c" Line="212" Addr="0xC" TI="94"/>
    <variable Name="pos" FileName="D:\WkPjt\MStory2.0\Mango-M32.Firmware\M32.Src011.getchar\src\main.c" Line="212" Addr="0x3" TI="94"/>
    <variable Name="tmpreg" FileName="D:\WkPjt\MStory2.0\Mango-M32.Firmware\M32.Src011.getchar\src\main.c" Line="213" Addr="0x4" TI="94"/>
   </function >
   <function Name="GPIO_Configuration" TI="0" FileName="D:\WkPjt\MStory2.0\Mango-M32.Firmware\M32.Src011.getchar\src\main.c" Line="292">
    <variable Name="GPIO_InitStructure" FileName="D:\WkPjt\MStory2.0\Mango-M32.Firmware\M32.Src011.getchar\src\main.c" Line="293" Addr="0x34000004" TI="298"/>
   </function >
   <function Name="__io_putchar" TI="126" FileName="D:\WkPjt\MStory2.0\Mango-M32.Firmware\M32.Src011.getchar\src\main.c" Line="336">
    <parameter Name="ch" TI="126" FileName="D:\WkPjt\MStory2.0\Mango-M32.Firmware\M32.Src011.getchar\src\main.c" Line="336" Addr="0x0" Param="Yes"/>
   </function >
   <function Name="USART_GetCharacter" TI="44" FileName="D:\WkPjt\MStory2.0\Mango-M32.Firmware\M32.Src011.getchar\src\main.c" Line="353">
    <parameter Name="usart_p" TI="1084" FileName="D:\WkPjt\MStory2.0\Mango-M32.Firmware\M32.Src011.getchar\src\main.c" Line="353" Addr="0x0" Param="Yes"/>
    <variable Name="data" FileName="D:\WkPjt\MStory2.0\Mango-M32.Firmware\M32.Src011.getchar\src\main.c" Line="354" Addr="0x4" TI="44"/>
   </function >
   <function Name="System_Information" TI="0" FileName="D:\WkPjt\MStory2.0\Mango-M32.Firmware\M32.Src011.getchar\src\main.c" Line="370">
   </function >
   <function Name="main" TI="126" FileName="D:\WkPjt\MStory2.0\Mango-M32.Firmware\M32.Src011.getchar\src\main.c" Line="381">
    <variable Name="ch" FileName="D:\WkPjt\MStory2.0\Mango-M32.Firmware\M32.Src011.getchar\src\main.c" Line="382" Addr="0x4" TI="44"/>
   </function >
  </module>
  <module Name="D:\WkPjt\MStory2.0\Mango-M32.Firmware\M32.Src011.getchar\src\led.c" >
   <type Family="Base" Name="signed char" ID="1832"/>
   <type Family="Base" Name="unsigned char" ID="1839"/>
   <type Family="Base" Name="short int" ID="1846"/>
   <type Family="Base" Name="short unsigned int" ID="1853"/>
   <type Family="Base" Name="long int" ID="1860"/>
   <type Family="Base" Name="long unsigned int" ID="1878"/>
   <type Family="typedef" Name="uint32_t" Line="84" ID="1867" toTI="1878"/>
   <type Family="Base" Name="long long int" ID="1885"/>
   <type Family="Base" Name="long long unsigned int" ID="1892"/>
   <type Family="Base" Name="int" ID="1899"/>
   <type Family="Base" Name="unsigned int" ID="1906"/>
   <type Family="ComponentList" Line="119" ID="1918">
    <Component Name="CRL" TI="1926" Line="120" Offs="0"/>
    <Component Name="CRH" TI="1940" Line="121" Offs="4"/>
    <Component Name="IDR" TI="1954" Line="122" Offs="8"/>
    <Component Name="ODR" TI="1968" Line="123" Offs="12"/>
    <Component Name="BSRR" TI="1982" Line="124" Offs="16"/>
    <Component Name="BRR" TI="1996" Line="125" Offs="20"/>
    <Component Name="LCKR" TI="2010" Line="126" Offs="24"/>
   </type>
   <function Name="LED_On_Red" TI="0" FileName="D:\WkPjt\MStory2.0\Mango-M32.Firmware\M32.Src011.getchar\src\led.c" Line="23">
   </function >
   <function Name="LED_Off_Red" TI="0" FileName="D:\WkPjt\MStory2.0\Mango-M32.Firmware\M32.Src011.getchar\src\led.c" Line="28">
   </function >
   <function Name="LED_On_Yellow" TI="0" FileName="D:\WkPjt\MStory2.0\Mango-M32.Firmware\M32.Src011.getchar\src\led.c" Line="33">
   </function >
   <function Name="LED_Off_Yellow" TI="0" FileName="D:\WkPjt\MStory2.0\Mango-M32.Firmware\M32.Src011.getchar\src\led.c" Line="38">
   </function >
   <function Name="LED_On_Blue" TI="0" FileName="D:\WkPjt\MStory2.0\Mango-M32.Firmware\M32.Src011.getchar\src\led.c" Line="43">
   </function >
   <function Name="LED_Off_Blue" TI="0" FileName="D:\WkPjt\MStory2.0\Mango-M32.Firmware\M32.Src011.getchar\src\led.c" Line="48">
   </function >
   <function Name="LED_Off_All" TI="0" FileName="D:\WkPjt\MStory2.0\Mango-M32.Firmware\M32.Src011.getchar\src\led.c" Line="60">
   </function >
   <function Name="LED_OnOffAll_Mult" TI="0" FileName="D:\WkPjt\MStory2.0\Mango-M32.Firmware\M32.Src011.getchar\src\led.c" Line="67">
    <parameter Name="count" TI="1867" FileName="D:\WkPjt\MStory2.0\Mango-M32.Firmware\M32.Src011.getchar\src\led.c" Line="67" Addr="0x0" Param="Yes"/>
   </function >
   <function Name="LED_Test" TI="0" FileName="D:\WkPjt\MStory2.0\Mango-M32.Firmware\M32.Src011.getchar\src\led.c" Line="88">
   </function >
  </module>
  <module Name="D:\WkPjt\MStory2.0\Mango-M32.Firmware\M32.Src011.getchar\src\key.c" >
   <type Family="Base" Name="signed char" ID="2281"/>
   <type Family="Base" Name="unsigned char" ID="2299"/>
   <type Family="typedef" Name="uint8_t" Line="46" ID="2288" toTI="2299"/>
   <type Family="Base" Name="short int" ID="2306"/>
   <type Family="Base" Name="short unsigned int" ID="2324"/>
   <type Family="typedef" Name="uint16_t" Line="58" ID="2313" toTI="2324"/>
   <type Family="Base" Name="long int" ID="2331"/>
   <type Family="Base" Name="long unsigned int" ID="2349"/>
   <type Family="typedef" Name="uint32_t" Line="84" ID="2338" toTI="2349"/>
   <type Family="Base" Name="long long int" ID="2356"/>
   <type Family="Base" Name="long long unsigned int" ID="2363"/>
   <type Family="Base" Name="int" ID="2370"/>
   <type Family="Base" Name="unsigned int" ID="2377"/>
   <type Family="ComponentList" Line="119" ID="2410">
    <Component Name="CRL" TI="2418" Line="120" Offs="0"/>
    <Component Name="CRH" TI="2432" Line="121" Offs="4"/>
    <Component Name="IDR" TI="2446" Line="122" Offs="8"/>
    <Component Name="ODR" TI="2460" Line="123" Offs="12"/>
    <Component Name="BSRR" TI="2474" Line="124" Offs="16"/>
    <Component Name="BRR" TI="2488" Line="125" Offs="20"/>
    <Component Name="LCKR" TI="2502" Line="126" Offs="24"/>
   </type>
   <type Family="typedef" Name="GPIO_TypeDef" Line="127" ID="2517" toTI="2410"/>
   <function Name="GPIO_ReadInputDataBit" TI="2288" FileName="D:\WkPjt\MStory2.0\Mango-M32.Firmware\M32.Src011.getchar\src\key.c" Line="17">
   <type Family="Pointer" TI="2595" toTI="2517"/>
    <parameter Name="GPIOx" TI="2595" FileName="D:\WkPjt\MStory2.0\Mango-M32.Firmware\M32.Src011.getchar\src\key.c" Line="17" Addr="0x0" Param="Yes"/>
    <parameter Name="GPIO_Pin" TI="2313" FileName="D:\WkPjt\MStory2.0\Mango-M32.Firmware\M32.Src011.getchar\src\key.c" Line="17" Addr="0x1" Param="Yes"/>
   </function >
   <function Name="KEY_Test" TI="0" FileName="D:\WkPjt\MStory2.0\Mango-M32.Firmware\M32.Src011.getchar\src\key.c" Line="43">
    <variable Name="i" FileName="D:\WkPjt\MStory2.0\Mango-M32.Firmware\M32.Src011.getchar\src\key.c" Line="44" Addr="0x4" TI="2338"/>
   </function >
  </module>
 </modulelist>
</aoffile>

