<!-- DWF2XML 2.00.01 - Raisonance Dwarf information extractor -->
<aoffile Filename="MStroy2.0" dwarf="1">
 <modulelist>
  <module Name="D:\WkPjt\MStory2.0\Mango-M32.Firmware\M32.Src016.KeyInterrupt\src\main.c" >
   <type Family="Base" Name="signed char" ID="37"/>
   <type Family="Base" Name="unsigned char" ID="55"/>
   <type Family="typedef" Name="uint8_t" Line="46" ID="44" toTI="55"/>
   <type Family="Base" Name="short int" ID="62"/>
   <type Family="Base" Name="short unsigned int" ID="80"/>
   <type Family="typedef" Name="uint16_t" Line="58" ID="69" toTI="80"/>
   <type Family="Base" Name="long int" ID="87"/>
   <type Family="Base" Name="long unsigned int" ID="105"/>
   <type Family="typedef" Name="uint32_t" Line="84" ID="94" toTI="105"/>
   <type Family="Base" Name="long long int" ID="112"/>
   <type Family="Base" Name="long long unsigned int" ID="119"/>
   <type Family="Base" Name="int" ID="126"/>
   <type Family="Base" Name="unsigned int" ID="133"/>
   <type Family="Base" Name="char" ID="143"/>
   <type Family="ComponentList" Line="182" ID="150">
    <Component Name="CR" TI="158" Line="183" Offs="0"/>
    <Component Name="CFGR" TI="171" Line="184" Offs="4"/>
    <Component Name="CIR" TI="185" Line="185" Offs="8"/>
    <Component Name="APB2RSTR" TI="199" Line="186" Offs="12"/>
    <Component Name="APB1RSTR" TI="213" Line="187" Offs="16"/>
    <Component Name="AHBENR" TI="227" Line="188" Offs="20"/>
    <Component Name="APB2ENR" TI="241" Line="189" Offs="24"/>
    <Component Name="APB1ENR" TI="255" Line="190" Offs="28"/>
    <Component Name="BDCR" TI="269" Line="191" Offs="32"/>
    <Component Name="CSR" TI="283" Line="192" Offs="36"/>
   </type>
   <type Family="ComponentList" Line="211" ID="303">
    <Component Name="SR" TI="311" Line="212" Offs="0"/>
    <Component Name="RESERVED0" TI="324" Line="213" Offs="2"/>
    <Component Name="DR" TI="338" Line="214" Offs="4"/>
    <Component Name="RESERVED1" TI="351" Line="215" Offs="6"/>
    <Component Name="BRR" TI="365" Line="216" Offs="8"/>
    <Component Name="RESERVED2" TI="379" Line="217" Offs="10"/>
    <Component Name="CR1" TI="393" Line="218" Offs="12"/>
    <Component Name="RESERVED3" TI="407" Line="219" Offs="14"/>
    <Component Name="CR2" TI="421" Line="220" Offs="16"/>
    <Component Name="RESERVED4" TI="435" Line="221" Offs="18"/>
    <Component Name="CR3" TI="449" Line="222" Offs="20"/>
    <Component Name="RESERVED5" TI="463" Line="223" Offs="22"/>
    <Component Name="GTPR" TI="477" Line="224" Offs="24"/>
    <Component Name="RESERVED6" TI="491" Line="225" Offs="26"/>
   </type>
   <type Family="ComponentList" Line="242" ID="511">
    <Component Name="SYSCLK_Frequency" TI="519" Line="243" Offs="0"/>
    <Component Name="HCLK_Frequency" TI="533" Line="244" Offs="4"/>
    <Component Name="PCLK1_Frequency" TI="547" Line="245" Offs="8"/>
    <Component Name="PCLK2_Frequency" TI="561" Line="246" Offs="12"/>
    <Component Name="ADCCLK_Frequency" TI="575" Line="247" Offs="16"/>
   </type>
   <type Family="typedef" Name="RCC_ClocksTypeDef" Line="248" ID="590" toTI="511"/>
   <function Name="DELAY_Test" TI="0" FileName="D:\WkPjt\MStory2.0\Mango-M32.Firmware\M32.Src016.KeyInterrupt\src\main.c" Line="33">
    <variable Name="i" FileName="D:\WkPjt\MStory2.0\Mango-M32.Firmware\M32.Src016.KeyInterrupt\src\main.c" Line="34" Addr="0x4" TI="94"/>
   </function >
   <function Name="System_Information" TI="0" FileName="D:\WkPjt\MStory2.0\Mango-M32.Firmware\M32.Src016.KeyInterrupt\src\main.c" Line="21">
   </function >
   <function Name="main" TI="126" FileName="D:\WkPjt\MStory2.0\Mango-M32.Firmware\M32.Src016.KeyInterrupt\src\main.c" Line="51">
    <variable Name="ch" FileName="D:\WkPjt\MStory2.0\Mango-M32.Firmware\M32.Src016.KeyInterrupt\src\main.c" Line="52" Addr="0x4" TI="44"/>
   </function >
   <variable Name="rcc_clocks" FileName="D:\WkPjt\MStory2.0\Mango-M32.Firmware\M32.Src016.KeyInterrupt\src\main.c" Line="18" Addr="0x20000558" TI="590"/>
  </module>
  <module Name="D:\WkPjt\MStory2.0\Mango-M32.Firmware\M32.Src016.KeyInterrupt\src\led.c" >
   <type Family="Base" Name="signed char" ID="771"/>
   <type Family="Base" Name="unsigned char" ID="778"/>
   <type Family="Base" Name="short int" ID="785"/>
   <type Family="Base" Name="short unsigned int" ID="792"/>
   <type Family="Base" Name="long int" ID="799"/>
   <type Family="Base" Name="long unsigned int" ID="817"/>
   <type Family="typedef" Name="uint32_t" Line="84" ID="806" toTI="817"/>
   <type Family="Base" Name="long long int" ID="824"/>
   <type Family="Base" Name="long long unsigned int" ID="831"/>
   <type Family="Base" Name="int" ID="838"/>
   <type Family="Base" Name="unsigned int" ID="845"/>
   <type Family="Base" Name="char" ID="855"/>
   <type Family="ComponentList" Line="200" ID="867">
    <Component Name="CRL" TI="875" Line="201" Offs="0"/>
    <Component Name="CRH" TI="889" Line="202" Offs="4"/>
    <Component Name="IDR" TI="903" Line="203" Offs="8"/>
    <Component Name="ODR" TI="917" Line="204" Offs="12"/>
    <Component Name="BSRR" TI="931" Line="205" Offs="16"/>
    <Component Name="BRR" TI="945" Line="206" Offs="20"/>
    <Component Name="LCKR" TI="959" Line="207" Offs="24"/>
   </type>
   <function Name="LED_On_Red" TI="0" FileName="D:\WkPjt\MStory2.0\Mango-M32.Firmware\M32.Src016.KeyInterrupt\src\led.c" Line="23">
   </function >
   <function Name="LED_Off_Red" TI="0" FileName="D:\WkPjt\MStory2.0\Mango-M32.Firmware\M32.Src016.KeyInterrupt\src\led.c" Line="28">
   </function >
   <function Name="LED_On_Yellow" TI="0" FileName="D:\WkPjt\MStory2.0\Mango-M32.Firmware\M32.Src016.KeyInterrupt\src\led.c" Line="33">
   </function >
   <function Name="LED_Off_Yellow" TI="0" FileName="D:\WkPjt\MStory2.0\Mango-M32.Firmware\M32.Src016.KeyInterrupt\src\led.c" Line="38">
   </function >
   <function Name="LED_On_Blue" TI="0" FileName="D:\WkPjt\MStory2.0\Mango-M32.Firmware\M32.Src016.KeyInterrupt\src\led.c" Line="43">
   </function >
   <function Name="LED_Off_Blue" TI="0" FileName="D:\WkPjt\MStory2.0\Mango-M32.Firmware\M32.Src016.KeyInterrupt\src\led.c" Line="48">
   </function >
   <function Name="LED_On_All" TI="0" FileName="D:\WkPjt\MStory2.0\Mango-M32.Firmware\M32.Src016.KeyInterrupt\src\led.c" Line="53">
   </function >
   <function Name="LED_Off_All" TI="0" FileName="D:\WkPjt\MStory2.0\Mango-M32.Firmware\M32.Src016.KeyInterrupt\src\led.c" Line="60">
   </function >
   <function Name="LED_OnOffAll_Mult" TI="0" FileName="D:\WkPjt\MStory2.0\Mango-M32.Firmware\M32.Src016.KeyInterrupt\src\led.c" Line="67">
    <parameter Name="count" TI="806" FileName="D:\WkPjt\MStory2.0\Mango-M32.Firmware\M32.Src016.KeyInterrupt\src\led.c" Line="67" Addr="0x0" Param="Yes"/>
   </function >
   <function Name="LED_Test" TI="0" FileName="D:\WkPjt\MStory2.0\Mango-M32.Firmware\M32.Src016.KeyInterrupt\src\led.c" Line="94">
   </function >
  </module>
  <module Name="D:\WkPjt\MStory2.0\Mango-M32.Firmware\M32.Src016.KeyInterrupt\src\key.c" >
   <type Family="Base" Name="signed char" ID="1230"/>
   <type Family="Base" Name="unsigned char" ID="1237"/>
   <type Family="Base" Name="short int" ID="1244"/>
   <type Family="Base" Name="short unsigned int" ID="1251"/>
   <type Family="Base" Name="long int" ID="1258"/>
   <type Family="Base" Name="long unsigned int" ID="1276"/>
   <type Family="typedef" Name="uint32_t" Line="84" ID="1265" toTI="1276"/>
   <type Family="Base" Name="long long int" ID="1283"/>
   <type Family="Base" Name="long long unsigned int" ID="1290"/>
   <type Family="Base" Name="int" ID="1297"/>
   <type Family="Base" Name="unsigned int" ID="1304"/>
   <type Family="Base" Name="char" ID="1314"/>
   <type Family="ComponentList" Line="200" ID="1347">
    <Component Name="CRL" TI="1355" Line="201" Offs="0"/>
    <Component Name="CRH" TI="1369" Line="202" Offs="4"/>
    <Component Name="IDR" TI="1383" Line="203" Offs="8"/>
    <Component Name="ODR" TI="1397" Line="204" Offs="12"/>
    <Component Name="BSRR" TI="1411" Line="205" Offs="16"/>
    <Component Name="BRR" TI="1425" Line="206" Offs="20"/>
    <Component Name="LCKR" TI="1439" Line="207" Offs="24"/>
   </type>
   <function Name="KEY_Test" TI="0" FileName="D:\WkPjt\MStory2.0\Mango-M32.Firmware\M32.Src016.KeyInterrupt\src\key.c" Line="17">
    <variable Name="i" FileName="D:\WkPjt\MStory2.0\Mango-M32.Firmware\M32.Src016.KeyInterrupt\src\key.c" Line="18" Addr="0x4" TI="1265"/>
   </function >
  </module>
  <module Name="D:\WkPjt\MStory2.0\Mango-M32.Firmware\M32.Src016.KeyInterrupt\src\seven_segment.c" >
   <type Family="Base" Name="signed char" ID="1525"/>
   <type Family="Base" Name="unsigned char" ID="1532"/>
   <type Family="Base" Name="short int" ID="1539"/>
   <type Family="Base" Name="short unsigned int" ID="1557"/>
   <type Family="typedef" Name="uint16_t" Line="58" ID="1546" toTI="1557"/>
   <type Family="Base" Name="long int" ID="1564"/>
   <type Family="Base" Name="long unsigned int" ID="1582"/>
   <type Family="typedef" Name="uint32_t" Line="84" ID="1571" toTI="1582"/>
   <type Family="Base" Name="long long int" ID="1589"/>
   <type Family="Base" Name="long long unsigned int" ID="1596"/>
   <type Family="Base" Name="int" ID="1603"/>
   <type Family="Base" Name="unsigned int" ID="1610"/>
   <type Family="Base" Name="char" ID="1620"/>
   <type Family="typedef" Name="GPIOSpeed_TypeDef" Line="26" ID="1654" toTI="1627"/>
   <type Family="typedef" Name="GPIOMode_TypeDef" Line="37" ID="1723" toTI="1665"/>
   <type Family="ComponentList" Line="40" ID="1734">
    <Component Name="GPIO_Pin" TI="1742" Line="41" Offs="0"/>
    <Component Name="GPIO_Speed" TI="1756" Line="42" Offs="2"/>
    <Component Name="GPIO_Mode" TI="1770" Line="43" Offs="3"/>
   </type>
   <type Family="typedef" Name="GPIO_InitTypeDef" Line="44" ID="1785" toTI="1734"/>
   <type Family="ComponentList" Line="182" ID="1796">
    <Component Name="CR" TI="1804" Line="183" Offs="0"/>
    <Component Name="CFGR" TI="1817" Line="184" Offs="4"/>
    <Component Name="CIR" TI="1831" Line="185" Offs="8"/>
    <Component Name="APB2RSTR" TI="1845" Line="186" Offs="12"/>
    <Component Name="APB1RSTR" TI="1859" Line="187" Offs="16"/>
    <Component Name="AHBENR" TI="1873" Line="188" Offs="20"/>
    <Component Name="APB2ENR" TI="1887" Line="189" Offs="24"/>
    <Component Name="APB1ENR" TI="1901" Line="190" Offs="28"/>
    <Component Name="BDCR" TI="1915" Line="191" Offs="32"/>
    <Component Name="CSR" TI="1929" Line="192" Offs="36"/>
   </type>
   <type Family="ComponentList" Line="200" ID="1949">
    <Component Name="CRL" TI="1957" Line="201" Offs="0"/>
    <Component Name="CRH" TI="1971" Line="202" Offs="4"/>
    <Component Name="IDR" TI="1985" Line="203" Offs="8"/>
    <Component Name="ODR" TI="1999" Line="204" Offs="12"/>
    <Component Name="BSRR" TI="2013" Line="205" Offs="16"/>
    <Component Name="BRR" TI="2027" Line="206" Offs="20"/>
    <Component Name="LCKR" TI="2041" Line="207" Offs="24"/>
   </type>
   <function Name="PowerOn_7_SEG" TI="0" FileName="D:\WkPjt\MStory2.0\Mango-M32.Firmware\M32.Src016.KeyInterrupt\src\seven_segment.c" Line="29">
   </function >
   <function Name="On_7_SEG_OnePin" TI="0" FileName="D:\WkPjt\MStory2.0\Mango-M32.Firmware\M32.Src016.KeyInterrupt\src\seven_segment.c" Line="39">
    <parameter Name="pinNum" TI="1546" FileName="D:\WkPjt\MStory2.0\Mango-M32.Firmware\M32.Src016.KeyInterrupt\src\seven_segment.c" Line="39" Addr="0x0" Param="Yes"/>
   </function >
   <function Name="Off_7_SEG_OnePin" TI="0" FileName="D:\WkPjt\MStory2.0\Mango-M32.Firmware\M32.Src016.KeyInterrupt\src\seven_segment.c" Line="44">
    <parameter Name="pinNum" TI="1546" FileName="D:\WkPjt\MStory2.0\Mango-M32.Firmware\M32.Src016.KeyInterrupt\src\seven_segment.c" Line="44" Addr="0x0" Param="Yes"/>
   </function >
   <function Name="Off_7_SEG_AllPin" TI="0" FileName="D:\WkPjt\MStory2.0\Mango-M32.Firmware\M32.Src016.KeyInterrupt\src\seven_segment.c" Line="57">
   </function >
   <function Name="OutPut_7_SEG_Number" TI="0" FileName="D:\WkPjt\MStory2.0\Mango-M32.Firmware\M32.Src016.KeyInterrupt\src\seven_segment.c" Line="65">
    <parameter Name="num" TI="1610" FileName="D:\WkPjt\MStory2.0\Mango-M32.Firmware\M32.Src016.KeyInterrupt\src\seven_segment.c" Line="65" Addr="0x0" Param="Yes"/>
   </function >
   <function Name="Seven_Segment_Test" TI="0" FileName="D:\WkPjt\MStory2.0\Mango-M32.Firmware\M32.Src016.KeyInterrupt\src\seven_segment.c" Line="135">
    <variable Name="GPIO_InitStructure" FileName="D:\WkPjt\MStory2.0\Mango-M32.Firmware\M32.Src016.KeyInterrupt\src\seven_segment.c" Line="136" Addr="0x34000004" TI="1785"/>
    <variable Name="i" FileName="D:\WkPjt\MStory2.0\Mango-M32.Firmware\M32.Src016.KeyInterrupt\src\seven_segment.c" Line="137" Addr="0x4" TI="1603"/>
   </function >
  </module>
  <module Name="D:\WkPjt\MStory2.0\Mango-M32.Firmware\M32.Src016.KeyInterrupt\src\hw_config.c" >
   <type Family="Base" Name="signed char" ID="2340"/>
   <type Family="Base" Name="unsigned char" ID="2358"/>
   <type Family="typedef" Name="uint8_t" Line="46" ID="2347" toTI="2358"/>
   <type Family="Base" Name="short int" ID="2365"/>
   <type Family="Base" Name="short unsigned int" ID="2383"/>
   <type Family="typedef" Name="uint16_t" Line="58" ID="2372" toTI="2383"/>
   <type Family="Base" Name="long int" ID="2390"/>
   <type Family="Base" Name="long unsigned int" ID="2408"/>
   <type Family="typedef" Name="uint32_t" Line="84" ID="2397" toTI="2408"/>
   <type Family="Base" Name="long long int" ID="2415"/>
   <type Family="Base" Name="long long unsigned int" ID="2422"/>
   <type Family="Base" Name="int" ID="2429"/>
   <type Family="Base" Name="unsigned int" ID="2436"/>
   <type Family="Base" Name="char" ID="2446"/>
   <type Family="typedef" Name="GPIOSpeed_TypeDef" Line="26" ID="2480" toTI="2453"/>
   <type Family="typedef" Name="GPIOMode_TypeDef" Line="37" ID="2549" toTI="2491"/>
   <type Family="ComponentList" Line="40" ID="2560">
    <Component Name="GPIO_Pin" TI="2568" Line="41" Offs="0"/>
    <Component Name="GPIO_Speed" TI="2582" Line="42" Offs="2"/>
    <Component Name="GPIO_Mode" TI="2596" Line="43" Offs="3"/>
   </type>
   <type Family="typedef" Name="GPIO_InitTypeDef" Line="44" ID="2611" toTI="2560"/>
   <type Family="typedef" Name="FunctionalState" Line="62" ID="2664" toTI="2643"/>
   <type Family="ComponentList" Line="65" ID="2675">
    <Component Name="USART_BaudRate" TI="2683" Line="66" Offs="0"/>
    <Component Name="USART_WordLength" TI="2697" Line="71" Offs="4"/>
    <Component Name="USART_StopBits" TI="2711" Line="74" Offs="6"/>
    <Component Name="USART_Parity" TI="2725" Line="77" Offs="8"/>
    <Component Name="USART_Mode" TI="2739" Line="84" Offs="10"/>
    <Component Name="USART_HardwareFlowControl" TI="2753" Line="87" Offs="12"/>
   </type>
   <type Family="typedef" Name="USART_InitTypeDef" Line="90" ID="2768" toTI="2675"/>
   <type Family="ComponentList" Line="182" ID="2779">
    <Component Name="CR" TI="2787" Line="183" Offs="0"/>
    <Component Name="CFGR" TI="2800" Line="184" Offs="4"/>
    <Component Name="CIR" TI="2814" Line="185" Offs="8"/>
    <Component Name="APB2RSTR" TI="2828" Line="186" Offs="12"/>
    <Component Name="APB1RSTR" TI="2842" Line="187" Offs="16"/>
    <Component Name="AHBENR" TI="2856" Line="188" Offs="20"/>
    <Component Name="APB2ENR" TI="2870" Line="189" Offs="24"/>
    <Component Name="APB1ENR" TI="2884" Line="190" Offs="28"/>
    <Component Name="BDCR" TI="2898" Line="191" Offs="32"/>
    <Component Name="CSR" TI="2912" Line="192" Offs="36"/>
   </type>
   <type Family="ComponentList" Line="200" ID="2932">
    <Component Name="CRL" TI="2940" Line="201" Offs="0"/>
    <Component Name="CRH" TI="2954" Line="202" Offs="4"/>
    <Component Name="IDR" TI="2968" Line="203" Offs="8"/>
    <Component Name="ODR" TI="2982" Line="204" Offs="12"/>
    <Component Name="BSRR" TI="2996" Line="205" Offs="16"/>
    <Component Name="BRR" TI="3010" Line="206" Offs="20"/>
    <Component Name="LCKR" TI="3024" Line="207" Offs="24"/>
   </type>
   <type Family="ComponentList" Line="211" ID="3039">
    <Component Name="SR" TI="3047" Line="212" Offs="0"/>
    <Component Name="RESERVED0" TI="3060" Line="213" Offs="2"/>
    <Component Name="DR" TI="3074" Line="214" Offs="4"/>
    <Component Name="RESERVED1" TI="3087" Line="215" Offs="6"/>
    <Component Name="BRR" TI="3101" Line="216" Offs="8"/>
    <Component Name="RESERVED2" TI="3115" Line="217" Offs="10"/>
    <Component Name="CR1" TI="3129" Line="218" Offs="12"/>
    <Component Name="RESERVED3" TI="3143" Line="219" Offs="14"/>
    <Component Name="CR2" TI="3157" Line="220" Offs="16"/>
    <Component Name="RESERVED4" TI="3171" Line="221" Offs="18"/>
    <Component Name="CR3" TI="3185" Line="222" Offs="20"/>
    <Component Name="RESERVED5" TI="3199" Line="223" Offs="22"/>
    <Component Name="GTPR" TI="3213" Line="224" Offs="24"/>
    <Component Name="RESERVED6" TI="3227" Line="225" Offs="26"/>
   </type>
   <type Family="typedef" Name="USART_TypeDef" Line="226" ID="3247" toTI="3039"/>
   <type Family="ComponentList" Line="229" ID="3258">
    <Component Name="ACR" TI="3266" Line="230" Offs="0"/>
    <Component Name="KEYR" TI="3280" Line="231" Offs="4"/>
    <Component Name="OPTKEYR" TI="3294" Line="232" Offs="8"/>
    <Component Name="SR" TI="3308" Line="233" Offs="12"/>
    <Component Name="CR" TI="3321" Line="234" Offs="16"/>
    <Component Name="AR" TI="3334" Line="235" Offs="20"/>
    <Component Name="RESERVED" TI="3347" Line="236" Offs="24"/>
    <Component Name="OBR" TI="3361" Line="237" Offs="28"/>
    <Component Name="WRPR" TI="3375" Line="238" Offs="32"/>
   </type>
   <type Family="array" ID="3390" toTI="2397"/>
   <type Family="ComponentList" Line="281" ID="3411">
    <Component Name="CPUID" TI="3420" Line="282" Offs="0"/>
    <Component Name="ICSR" TI="3435" Line="283" Offs="4"/>
    <Component Name="VTOR" TI="3450" Line="284" Offs="8"/>
    <Component Name="AIRCR" TI="3465" Line="285" Offs="12"/>
    <Component Name="SCR" TI="3480" Line="286" Offs="16"/>
    <Component Name="CCR" TI="3495" Line="287" Offs="20"/>
   <type Family="array" ID="3706" toTI="2347"/>
    <Component Name="SHP" TI="3510" Line="288" Offs="24"/>
    <Component Name="SHCSR" TI="3525" Line="289" Offs="36"/>
    <Component Name="CFSR" TI="3540" Line="290" Offs="40"/>
    <Component Name="HFSR" TI="3555" Line="291" Offs="44"/>
    <Component Name="DFSR" TI="3570" Line="292" Offs="48"/>
    <Component Name="MMFAR" TI="3585" Line="293" Offs="52"/>
    <Component Name="BFAR" TI="3600" Line="294" Offs="56"/>
    <Component Name="AFSR" TI="3615" Line="295" Offs="60"/>
   <type Family="array" ID="3727" toTI="2397"/>
    <Component Name="PFR" TI="3630" Line="296" Offs="64"/>
    <Component Name="DFR" TI="3645" Line="297" Offs="72"/>
    <Component Name="ADR" TI="3660" Line="298" Offs="76"/>
    <Component Name="MMFR" TI="3675" Line="299" Offs="80"/>
   <type Family="array" ID="3763" toTI="2397"/>
    <Component Name="ISAR" TI="3690" Line="300" Offs="96"/>
   </type>
   <type Family="ComponentList" Line="555" ID="4109">
    <Component Name="NVIC_IRQChannel" TI="4118" Line="556" Offs="0"/>
    <Component Name="NVIC_IRQChannelPreemptionPriority" TI="4133" Line="561" Offs="1"/>
    <Component Name="NVIC_IRQChannelSubPriority" TI="4148" Line="565" Offs="2"/>
    <Component Name="NVIC_IRQChannelCmd" TI="4163" Line="569" Offs="3"/>
   </type>
   <type Family="typedef" Name="NVIC_InitTypeDef" Line="572" ID="4179" toTI="4109"/>
   <type Family="typedef" Name="EXTIMode_TypeDef" Line="581" ID="4213" toTI="4191"/>
   <type Family="typedef" Name="EXTITrigger_TypeDef" Line="588" ID="4253" toTI="4225"/>
   <type Family="ComponentList" Line="591" ID="4265">
    <Component Name="EXTI_Line" TI="4274" Line="592" Offs="0"/>
    <Component Name="EXTI_Mode" TI="4289" Line="595" Offs="4"/>
    <Component Name="EXTI_Trigger" TI="4304" Line="598" Offs="5"/>
    <Component Name="EXTI_LineCmd" TI="4319" Line="601" Offs="6"/>
   </type>
   <type Family="typedef" Name="EXTI_InitTypeDef" Line="603" ID="4335" toTI="4265"/>
   <function Name="RCC_Configuration" TI="0" FileName="D:\WkPjt\MStory2.0\Mango-M32.Firmware\M32.Src016.KeyInterrupt\src\hw_config.c" Line="89">
    <variable Name="HSEStatus" FileName="D:\WkPjt\MStory2.0\Mango-M32.Firmware\M32.Src016.KeyInterrupt\src\hw_config.c" Line="90" Addr="0x3400000C" TI="2927"/>
   </function >
   <function Name="NVIC_SetVectorTable" TI="0" FileName="D:\WkPjt\MStory2.0\Mango-M32.Firmware\M32.Src016.KeyInterrupt\src\hw_config.c" Line="135">
    <parameter Name="NVIC_VectTab" TI="2397" FileName="D:\WkPjt\MStory2.0\Mango-M32.Firmware\M32.Src016.KeyInterrupt\src\hw_config.c" Line="135" Addr="0x0" Param="Yes"/>
    <parameter Name="Offset" TI="2397" FileName="D:\WkPjt\MStory2.0\Mango-M32.Firmware\M32.Src016.KeyInterrupt\src\hw_config.c" Line="135" Addr="0x1" Param="Yes"/>
   </function >
   <function Name="Delay" TI="0" FileName="D:\WkPjt\MStory2.0\Mango-M32.Firmware\M32.Src016.KeyInterrupt\src\hw_config.c" Line="241">
    <parameter Name="nTime" TI="2927" FileName="D:\WkPjt\MStory2.0\Mango-M32.Firmware\M32.Src016.KeyInterrupt\src\hw_config.c" Line="241" Addr="0x0" Param="Yes"/>
   </function >
   <function Name="delay_100_milli_second" TI="0" FileName="D:\WkPjt\MStory2.0\Mango-M32.Firmware\M32.Src016.KeyInterrupt\src\hw_config.c" Line="26">
   </function >
   <function Name="delay_1_second" TI="0" FileName="D:\WkPjt\MStory2.0\Mango-M32.Firmware\M32.Src016.KeyInterrupt\src\hw_config.c" Line="21">
   </function >
   <function Name="TimingDelay_Decrement" TI="0" FileName="D:\WkPjt\MStory2.0\Mango-M32.Firmware\M32.Src016.KeyInterrupt\src\hw_config.c" Line="253">
   </function >
   <function Name="USART_GetCharacter" TI="2347" FileName="D:\WkPjt\MStory2.0\Mango-M32.Firmware\M32.Src016.KeyInterrupt\src\hw_config.c" Line="284">
   <type Family="Pointer" TI="4603" toTI="3247"/>
    <parameter Name="usart_p" TI="4603" FileName="D:\WkPjt\MStory2.0\Mango-M32.Firmware\M32.Src016.KeyInterrupt\src\hw_config.c" Line="284" Addr="0x0" Param="Yes"/>
    <variable Name="data" FileName="D:\WkPjt\MStory2.0\Mango-M32.Firmware\M32.Src016.KeyInterrupt\src\hw_config.c" Line="285" Addr="0x4" TI="2347"/>
   </function >
   <function Name="__io_putchar" TI="2429" FileName="D:\WkPjt\MStory2.0\Mango-M32.Firmware\M32.Src016.KeyInterrupt\src\hw_config.c" Line="267">
    <parameter Name="ch" TI="2429" FileName="D:\WkPjt\MStory2.0\Mango-M32.Firmware\M32.Src016.KeyInterrupt\src\hw_config.c" Line="267" Addr="0x0" Param="Yes"/>
   </function >
   <type Family="Pointer" TI="4733" toTI="2347"/>
   <function Name="EXTI_Configuration" TI="0" FileName="D:\WkPjt\MStory2.0\Mango-M32.Firmware\M32.Src016.KeyInterrupt\src\hw_config.c" Line="209">
    <variable Name="EXTI_InitStructure" FileName="D:\WkPjt\MStory2.0\Mango-M32.Firmware\M32.Src016.KeyInterrupt\src\hw_config.c" Line="210" Addr="0x34000000" TI="4335"/>
   </function >
   <function Name="GPIO_Configuration" TI="0" FileName="D:\WkPjt\MStory2.0\Mango-M32.Firmware\M32.Src016.KeyInterrupt\src\hw_config.c" Line="171">
    <variable Name="GPIO_InitStructure" FileName="D:\WkPjt\MStory2.0\Mango-M32.Firmware\M32.Src016.KeyInterrupt\src\hw_config.c" Line="172" Addr="0x34000004" TI="2611"/>
   </function >
   <function Name="NVIC_Configuration" TI="0" FileName="D:\WkPjt\MStory2.0\Mango-M32.Firmware\M32.Src016.KeyInterrupt\src\hw_config.c" Line="140">
    <variable Name="NVIC_InitStructure" FileName="D:\WkPjt\MStory2.0\Mango-M32.Firmware\M32.Src016.KeyInterrupt\src\hw_config.c" Line="141" Addr="0x34000004" TI="4179"/>
   </function >
   <function Name="USART1_Init" TI="0" FileName="D:\WkPjt\MStory2.0\Mango-M32.Firmware\M32.Src016.KeyInterrupt\src\hw_config.c" Line="52">
    <variable Name="USART_InitStructure" FileName="D:\WkPjt\MStory2.0\Mango-M32.Firmware\M32.Src016.KeyInterrupt\src\hw_config.c" Line="53" Addr="0x34000000" TI="2768"/>
   </function >
   <variable Name="TimingDelay" FileName="D:\WkPjt\MStory2.0\Mango-M32.Firmware\M32.Src016.KeyInterrupt\src\hw_config.c" Line="16" Addr="0x2000051C" TI="2927"/>
   <variable Name="StartUpCounter" FileName="D:\WkPjt\MStory2.0\Mango-M32.Firmware\M32.Src016.KeyInterrupt\src\hw_config.c" Line="86" Addr="0x20000518" TI="2927"/>
  </module>
  <module Name="D:\WkPjt\MStory2.0\Mango-M32.Firmware\M32.Src016.KeyInterrupt\src\stm.c" >
   <type Family="Base" Name="signed char" ID="4972"/>
   <type Family="Base" Name="unsigned char" ID="4990"/>
   <type Family="typedef" Name="uint8_t" Line="46" ID="4979" toTI="4990"/>
   <type Family="Base" Name="short int" ID="4997"/>
   <type Family="Base" Name="short unsigned int" ID="5015"/>
   <type Family="typedef" Name="uint16_t" Line="58" ID="5004" toTI="5015"/>
   <type Family="Base" Name="long int" ID="5022"/>
   <type Family="Base" Name="long unsigned int" ID="5040"/>
   <type Family="typedef" Name="uint32_t" Line="84" ID="5029" toTI="5040"/>
   <type Family="Base" Name="long long int" ID="5047"/>
   <type Family="Base" Name="long long unsigned int" ID="5054"/>
   <type Family="Base" Name="int" ID="5061"/>
   <type Family="Base" Name="unsigned int" ID="5068"/>
   <type Family="Base" Name="char" ID="5078"/>
   <type Family="typedef" Name="GPIOSpeed_TypeDef" Line="26" ID="5112" toTI="5085"/>
   <type Family="typedef" Name="GPIOMode_TypeDef" Line="37" ID="5181" toTI="5123"/>
   <type Family="ComponentList" Line="40" ID="5192">
    <Component Name="GPIO_Pin" TI="5200" Line="41" Offs="0"/>
    <Component Name="GPIO_Speed" TI="5214" Line="42" Offs="2"/>
    <Component Name="GPIO_Mode" TI="5228" Line="43" Offs="3"/>
   </type>
   <type Family="typedef" Name="GPIO_InitTypeDef" Line="44" ID="5243" toTI="5192"/>
   <type Family="typedef" Name="FlagStatus" Line="56" ID="5296" toTI="5275"/>
   <type Family="typedef" Name="ITStatus" Line="56" ID="5307" toTI="5275"/>
   <type Family="typedef" Name="FunctionalState" Line="62" ID="5339" toTI="5318"/>
   <type Family="ComponentList" Line="65" ID="5350">
    <Component Name="USART_BaudRate" TI="5358" Line="66" Offs="0"/>
    <Component Name="USART_WordLength" TI="5372" Line="71" Offs="4"/>
    <Component Name="USART_StopBits" TI="5386" Line="74" Offs="6"/>
    <Component Name="USART_Parity" TI="5400" Line="77" Offs="8"/>
    <Component Name="USART_Mode" TI="5414" Line="84" Offs="10"/>
    <Component Name="USART_HardwareFlowControl" TI="5428" Line="87" Offs="12"/>
   </type>
   <type Family="typedef" Name="USART_InitTypeDef" Line="90" ID="5443" toTI="5350"/>
   <type Family="ComponentList" Line="182" ID="5454">
    <Component Name="CR" TI="5462" Line="183" Offs="0"/>
    <Component Name="CFGR" TI="5475" Line="184" Offs="4"/>
    <Component Name="CIR" TI="5489" Line="185" Offs="8"/>
    <Component Name="APB2RSTR" TI="5503" Line="186" Offs="12"/>
    <Component Name="APB1RSTR" TI="5517" Line="187" Offs="16"/>
    <Component Name="AHBENR" TI="5531" Line="188" Offs="20"/>
    <Component Name="APB2ENR" TI="5545" Line="189" Offs="24"/>
    <Component Name="APB1ENR" TI="5559" Line="190" Offs="28"/>
    <Component Name="BDCR" TI="5573" Line="191" Offs="32"/>
    <Component Name="CSR" TI="5587" Line="192" Offs="36"/>
   </type>
   <type Family="ComponentList" Line="200" ID="5607">
    <Component Name="CRL" TI="5615" Line="201" Offs="0"/>
    <Component Name="CRH" TI="5629" Line="202" Offs="4"/>
    <Component Name="IDR" TI="5643" Line="203" Offs="8"/>
    <Component Name="ODR" TI="5657" Line="204" Offs="12"/>
    <Component Name="BSRR" TI="5671" Line="205" Offs="16"/>
    <Component Name="BRR" TI="5685" Line="206" Offs="20"/>
    <Component Name="LCKR" TI="5699" Line="207" Offs="24"/>
   </type>
   <type Family="typedef" Name="GPIO_TypeDef" Line="208" ID="5714" toTI="5607"/>
   <type Family="ComponentList" Line="211" ID="5725">
    <Component Name="SR" TI="5733" Line="212" Offs="0"/>
    <Component Name="RESERVED0" TI="5746" Line="213" Offs="2"/>
    <Component Name="DR" TI="5760" Line="214" Offs="4"/>
    <Component Name="RESERVED1" TI="5773" Line="215" Offs="6"/>
    <Component Name="BRR" TI="5787" Line="216" Offs="8"/>
    <Component Name="RESERVED2" TI="5801" Line="217" Offs="10"/>
    <Component Name="CR1" TI="5815" Line="218" Offs="12"/>
    <Component Name="RESERVED3" TI="5829" Line="219" Offs="14"/>
    <Component Name="CR2" TI="5843" Line="220" Offs="16"/>
    <Component Name="RESERVED4" TI="5857" Line="221" Offs="18"/>
    <Component Name="CR3" TI="5871" Line="222" Offs="20"/>
    <Component Name="RESERVED5" TI="5885" Line="223" Offs="22"/>
    <Component Name="GTPR" TI="5899" Line="224" Offs="24"/>
    <Component Name="RESERVED6" TI="5913" Line="225" Offs="26"/>
   </type>
   <type Family="typedef" Name="USART_TypeDef" Line="226" ID="5933" toTI="5725"/>
   <type Family="ComponentList" Line="242" ID="5944">
    <Component Name="SYSCLK_Frequency" TI="5952" Line="243" Offs="0"/>
    <Component Name="HCLK_Frequency" TI="5966" Line="244" Offs="4"/>
    <Component Name="PCLK1_Frequency" TI="5980" Line="245" Offs="8"/>
    <Component Name="PCLK2_Frequency" TI="5994" Line="246" Offs="12"/>
    <Component Name="ADCCLK_Frequency" TI="6008" Line="247" Offs="16"/>
   </type>
   <type Family="typedef" Name="RCC_ClocksTypeDef" Line="248" ID="6023" toTI="5944"/>
   <type Family="ComponentList" Line="251" ID="6034">
    <Component Name="EVCR" TI="6042" Line="252" Offs="0"/>
    <Component Name="MAPR" TI="6056" Line="253" Offs="4"/>
   <type Family="array" ID="6085" toTI="5029"/>
    <Component Name="EXTICR" TI="6070" Line="254" Offs="8"/>
   </type>
   <type Family="ComponentList" Line="258" ID="6106">
    <Component Name="IMR" TI="6115" Line="259" Offs="0"/>
    <Component Name="EMR" TI="6130" Line="260" Offs="4"/>
    <Component Name="RTSR" TI="6145" Line="261" Offs="8"/>
    <Component Name="FTSR" TI="6160" Line="262" Offs="12"/>
    <Component Name="SWIER" TI="6175" Line="263" Offs="16"/>
    <Component Name="PR" TI="6190" Line="264" Offs="20"/>
   </type>
   <type Family="ComponentList" Line="273" ID="6205">
    <Component Name="CTRL" TI="6214" Line="274" Offs="0"/>
    <Component Name="LOAD" TI="6229" Line="275" Offs="4"/>
    <Component Name="VAL" TI="6244" Line="276" Offs="8"/>
    <Component Name="CALIB" TI="6259" Line="277" Offs="12"/>
   </type>
   <type Family="ComponentList" Line="281" ID="6280">
    <Component Name="CPUID" TI="6289" Line="282" Offs="0"/>
    <Component Name="ICSR" TI="6304" Line="283" Offs="4"/>
    <Component Name="VTOR" TI="6319" Line="284" Offs="8"/>
    <Component Name="AIRCR" TI="6334" Line="285" Offs="12"/>
    <Component Name="SCR" TI="6349" Line="286" Offs="16"/>
    <Component Name="CCR" TI="6364" Line="287" Offs="20"/>
   <type Family="array" ID="6575" toTI="4979"/>
    <Component Name="SHP" TI="6379" Line="288" Offs="24"/>
    <Component Name="SHCSR" TI="6394" Line="289" Offs="36"/>
    <Component Name="CFSR" TI="6409" Line="290" Offs="40"/>
    <Component Name="HFSR" TI="6424" Line="291" Offs="44"/>
    <Component Name="DFSR" TI="6439" Line="292" Offs="48"/>
    <Component Name="MMFAR" TI="6454" Line="293" Offs="52"/>
    <Component Name="BFAR" TI="6469" Line="294" Offs="56"/>
    <Component Name="AFSR" TI="6484" Line="295" Offs="60"/>
   <type Family="array" ID="6596" toTI="5029"/>
    <Component Name="PFR" TI="6499" Line="296" Offs="64"/>
    <Component Name="DFR" TI="6514" Line="297" Offs="72"/>
    <Component Name="ADR" TI="6529" Line="298" Offs="76"/>
    <Component Name="MMFR" TI="6544" Line="299" Offs="80"/>
   <type Family="array" ID="6632" toTI="5029"/>
    <Component Name="ISAR" TI="6559" Line="300" Offs="96"/>
   </type>
   <type Family="ComponentList" Line="304" ID="6658">
   <type Family="array" ID="6874" toTI="5029"/>
    <Component Name="ISER" TI="6668" Line="305" Offs="0"/>
   <type Family="array" ID="6895" toTI="5029"/>
    <Component Name="RESERVED0" TI="6683" Line="306" Offs="32"/>
    <Component Name="ICER" TI="6698" Line="307" Offs="128"/>
    <Component Name="RSERVED1" TI="6714" Line="308" Offs="160"/>
    <Component Name="ISPR" TI="6730" Line="309" Offs="256"/>
    <Component Name="RESERVED2" TI="6746" Line="310" Offs="288"/>
    <Component Name="ICPR" TI="6762" Line="311" Offs="384"/>
    <Component Name="RESERVED3" TI="6778" Line="312" Offs="416"/>
    <Component Name="IABR" TI="6794" Line="313" Offs="512"/>
   <type Family="array" ID="6931" toTI="5029"/>
    <Component Name="RESERVED4" TI="6810" Line="314" Offs="544"/>
   <type Family="array" ID="6947" toTI="4979"/>
    <Component Name="IP" TI="6826" Line="315" Offs="768"/>
   <type Family="array" ID="6968" toTI="5029"/>
    <Component Name="RESERVED5" TI="6841" Line="316" Offs="1008"/>
    <Component Name="STIR" TI="6857" Line="317" Offs="3584"/>
   </type>
   <type Family="typedef" Name="IRQn_Type" Line="550" ID="7305" toTI="6985"/>
   <type Family="ComponentList" Line="555" ID="7317">
    <Component Name="NVIC_IRQChannel" TI="7326" Line="556" Offs="0"/>
    <Component Name="NVIC_IRQChannelPreemptionPriority" TI="7341" Line="561" Offs="1"/>
    <Component Name="NVIC_IRQChannelSubPriority" TI="7356" Line="565" Offs="2"/>
    <Component Name="NVIC_IRQChannelCmd" TI="7371" Line="569" Offs="3"/>
   </type>
   <type Family="typedef" Name="NVIC_InitTypeDef" Line="572" ID="7387" toTI="7317"/>
   <type Family="typedef" Name="EXTIMode_TypeDef" Line="581" ID="7421" toTI="7399"/>
   <type Family="typedef" Name="EXTITrigger_TypeDef" Line="588" ID="7461" toTI="7433"/>
   <type Family="ComponentList" Line="591" ID="7473">
    <Component Name="EXTI_Line" TI="7482" Line="592" Offs="0"/>
    <Component Name="EXTI_Mode" TI="7497" Line="595" Offs="4"/>
    <Component Name="EXTI_Trigger" TI="7512" Line="598" Offs="5"/>
    <Component Name="EXTI_LineCmd" TI="7527" Line="601" Offs="6"/>
   </type>
   <type Family="typedef" Name="EXTI_InitTypeDef" Line="603" ID="7543" toTI="7473"/>
   <function Name="GPIO_ReadInputDataBit" TI="4979" FileName="D:\WkPjt\MStory2.0\Mango-M32.Firmware\M32.Src016.KeyInterrupt\src\stm.c" Line="17">
   <type Family="Pointer" TI="7622" toTI="5714"/>
    <parameter Name="GPIOx" TI="7622" FileName="D:\WkPjt\MStory2.0\Mango-M32.Firmware\M32.Src016.KeyInterrupt\src\stm.c" Line="17" Addr="0x0" Param="Yes"/>
    <parameter Name="GPIO_Pin" TI="5004" FileName="D:\WkPjt\MStory2.0\Mango-M32.Firmware\M32.Src016.KeyInterrupt\src\stm.c" Line="17" Addr="0x1" Param="Yes"/>
   </function >
   <function Name="USART_SendData" TI="0" FileName="D:\WkPjt\MStory2.0\Mango-M32.Firmware\M32.Src016.KeyInterrupt\src\stm.c" Line="32">
   <type Family="Pointer" TI="7680" toTI="5933"/>
    <parameter Name="USARTx" TI="7680" FileName="D:\WkPjt\MStory2.0\Mango-M32.Firmware\M32.Src016.KeyInterrupt\src\stm.c" Line="32" Addr="0x0" Param="Yes"/>
    <parameter Name="Data" TI="5004" FileName="D:\WkPjt\MStory2.0\Mango-M32.Firmware\M32.Src016.KeyInterrupt\src\stm.c" Line="32" Addr="0x1" Param="Yes"/>
   </function >
   <function Name="USART_ReceiveData" TI="5004" FileName="D:\WkPjt\MStory2.0\Mango-M32.Firmware\M32.Src016.KeyInterrupt\src\stm.c" Line="38">
    <parameter Name="USARTx" TI="7680" FileName="D:\WkPjt\MStory2.0\Mango-M32.Firmware\M32.Src016.KeyInterrupt\src\stm.c" Line="38" Addr="0x0" Param="Yes"/>
   </function >
   <function Name="USART_GetFlagStatus" TI="5296" FileName="D:\WkPjt\MStory2.0\Mango-M32.Firmware\M32.Src016.KeyInterrupt\src\stm.c" Line="44">
    <parameter Name="USARTx" TI="7680" FileName="D:\WkPjt\MStory2.0\Mango-M32.Firmware\M32.Src016.KeyInterrupt\src\stm.c" Line="44" Addr="0x0" Param="Yes"/>
    <parameter Name="USART_FLAG" TI="5004" FileName="D:\WkPjt\MStory2.0\Mango-M32.Firmware\M32.Src016.KeyInterrupt\src\stm.c" Line="44" Addr="0x1" Param="Yes"/>
   </function >
   <function Name="RCC_GetClocksFreq" TI="0" FileName="D:\WkPjt\MStory2.0\Mango-M32.Firmware\M32.Src016.KeyInterrupt\src\stm.c" Line="71">
   <type Family="Pointer" TI="7889" toTI="6023"/>
    <parameter Name="RCC_Clocks" TI="7889" FileName="D:\WkPjt\MStory2.0\Mango-M32.Firmware\M32.Src016.KeyInterrupt\src\stm.c" Line="71" Addr="0x0" Param="Yes"/>
    <variable Name="tmp" FileName="D:\WkPjt\MStory2.0\Mango-M32.Firmware\M32.Src016.KeyInterrupt\src\stm.c" Line="72" Addr="0x3" TI="5029"/>
    <variable Name="pllmull" FileName="D:\WkPjt\MStory2.0\Mango-M32.Firmware\M32.Src016.KeyInterrupt\src\stm.c" Line="72" Addr="0x1" TI="5029"/>
   </function >
   <function Name="USART_Init" TI="0" FileName="D:\WkPjt\MStory2.0\Mango-M32.Firmware\M32.Src016.KeyInterrupt\src\stm.c" Line="147">
    <parameter Name="USARTx" TI="7680" FileName="D:\WkPjt\MStory2.0\Mango-M32.Firmware\M32.Src016.KeyInterrupt\src\stm.c" Line="147" Addr="0x0" Param="Yes"/>
   <type Family="Pointer" TI="7999" toTI="5443"/>
    <parameter Name="USART_InitStruct" TI="7999" FileName="D:\WkPjt\MStory2.0\Mango-M32.Firmware\M32.Src016.KeyInterrupt\src\stm.c" Line="147" Addr="0x1" Param="Yes"/>
    <variable Name="tmpreg" FileName="D:\WkPjt\MStory2.0\Mango-M32.Firmware\M32.Src016.KeyInterrupt\src\stm.c" Line="148" Addr="0x3" TI="5029"/>
    <variable Name="integerdivider" FileName="D:\WkPjt\MStory2.0\Mango-M32.Firmware\M32.Src016.KeyInterrupt\src\stm.c" Line="153" Addr="0x2" TI="5029"/>
   </function >
   <function Name="GPIO_Init" TI="0" FileName="D:\WkPjt\MStory2.0\Mango-M32.Firmware\M32.Src016.KeyInterrupt\src\stm.c" Line="203">
    <parameter Name="GPIOx" TI="7622" FileName="D:\WkPjt\MStory2.0\Mango-M32.Firmware\M32.Src016.KeyInterrupt\src\stm.c" Line="203" Addr="0x0" Param="Yes"/>
   <type Family="Pointer" TI="8139" toTI="5243"/>
    <parameter Name="GPIO_InitStruct" TI="8139" FileName="D:\WkPjt\MStory2.0\Mango-M32.Firmware\M32.Src016.KeyInterrupt\src\stm.c" Line="203" Addr="0x1" Param="Yes"/>
    <variable Name="currentmode" FileName="D:\WkPjt\MStory2.0\Mango-M32.Firmware\M32.Src016.KeyInterrupt\src\stm.c" Line="204" Addr="0x7" TI="5029"/>
    <variable Name="currentpin" FileName="D:\WkPjt\MStory2.0\Mango-M32.Firmware\M32.Src016.KeyInterrupt\src\stm.c" Line="204" Addr="0x1" TI="5029"/>
    <variable Name="pinpos" FileName="D:\WkPjt\MStory2.0\Mango-M32.Firmware\M32.Src016.KeyInterrupt\src\stm.c" Line="204" Addr="0xC" TI="5029"/>
    <variable Name="pos" FileName="D:\WkPjt\MStory2.0\Mango-M32.Firmware\M32.Src016.KeyInterrupt\src\stm.c" Line="204" Addr="0x3" TI="5029"/>
    <variable Name="tmpreg" FileName="D:\WkPjt\MStory2.0\Mango-M32.Firmware\M32.Src016.KeyInterrupt\src\stm.c" Line="205" Addr="0x4" TI="5029"/>
   </function >
   <function Name="NVIC_SetPriority" TI="0" FileName="D:\WkPjt\MStory2.0\Mango-M32.Firmware\M32.Src016.KeyInterrupt\src\stm.c" Line="284">
    <parameter Name="IRQn" TI="7305" FileName="D:\WkPjt\MStory2.0\Mango-M32.Firmware\M32.Src016.KeyInterrupt\src\stm.c" Line="284" Addr="0x0" Param="Yes"/>
    <parameter Name="priority" TI="5029" FileName="D:\WkPjt\MStory2.0\Mango-M32.Firmware\M32.Src016.KeyInterrupt\src\stm.c" Line="284" Addr="0x1" Param="Yes"/>
   </function >
   <function Name="SysTick_Config" TI="5029" FileName="D:\WkPjt\MStory2.0\Mango-M32.Firmware\M32.Src016.KeyInterrupt\src\stm.c" Line="292">
    <parameter Name="ticks" TI="5029" FileName="D:\WkPjt\MStory2.0\Mango-M32.Firmware\M32.Src016.KeyInterrupt\src\stm.c" Line="292" Addr="0x0" Param="Yes"/>
   </function >
   <function Name="EXTI_GetITStatus" TI="5307" FileName="D:\WkPjt\MStory2.0\Mango-M32.Firmware\M32.Src016.KeyInterrupt\src\stm.c" Line="308">
    <parameter Name="EXTI_Line" TI="5029" FileName="D:\WkPjt\MStory2.0\Mango-M32.Firmware\M32.Src016.KeyInterrupt\src\stm.c" Line="308" Addr="0x0" Param="Yes"/>
    <variable Name="bitstatus" FileName="D:\WkPjt\MStory2.0\Mango-M32.Firmware\M32.Src016.KeyInterrupt\src\stm.c" Line="309" Addr="0x0" TI="5307"/>
   </function >
   <function Name="EXTI_ClearITPendingBit" TI="0" FileName="D:\WkPjt\MStory2.0\Mango-M32.Firmware\M32.Src016.KeyInterrupt\src\stm.c" Line="325">
    <parameter Name="EXTI_Line" TI="5029" FileName="D:\WkPjt\MStory2.0\Mango-M32.Firmware\M32.Src016.KeyInterrupt\src\stm.c" Line="325" Addr="0x0" Param="Yes"/>
   </function >
   <function Name="NVIC_PriorityGroupConfig" TI="0" FileName="D:\WkPjt\MStory2.0\Mango-M32.Firmware\M32.Src016.KeyInterrupt\src\stm.c" Line="348">
    <parameter Name="NVIC_PriorityGroup" TI="5029" FileName="D:\WkPjt\MStory2.0\Mango-M32.Firmware\M32.Src016.KeyInterrupt\src\stm.c" Line="348" Addr="0x0" Param="Yes"/>
   </function >
   <function Name="NVIC_Init" TI="0" FileName="D:\WkPjt\MStory2.0\Mango-M32.Firmware\M32.Src016.KeyInterrupt\src\stm.c" Line="354">
   <type Family="Pointer" TI="8479" toTI="7387"/>
    <parameter Name="NVIC_InitStruct" TI="8479" FileName="D:\WkPjt\MStory2.0\Mango-M32.Firmware\M32.Src016.KeyInterrupt\src\stm.c" Line="354" Addr="0x0" Param="Yes"/>
    <variable Name="tmppriority" FileName="D:\WkPjt\MStory2.0\Mango-M32.Firmware\M32.Src016.KeyInterrupt\src\stm.c" Line="355" Addr="0x2" TI="5029"/>
   </function >
   <function Name="GPIO_EXTILineConfig" TI="0" FileName="D:\WkPjt\MStory2.0\Mango-M32.Firmware\M32.Src016.KeyInterrupt\src\stm.c" Line="383">
    <parameter Name="GPIO_PortSource" TI="4979" FileName="D:\WkPjt\MStory2.0\Mango-M32.Firmware\M32.Src016.KeyInterrupt\src\stm.c" Line="383" Addr="0x0" Param="Yes"/>
    <parameter Name="GPIO_PinSource" TI="4979" FileName="D:\WkPjt\MStory2.0\Mango-M32.Firmware\M32.Src016.KeyInterrupt\src\stm.c" Line="383" Addr="0x1" Param="Yes"/>
   </function >
   <function Name="EXTI_Init" TI="0" FileName="D:\WkPjt\MStory2.0\Mango-M32.Firmware\M32.Src016.KeyInterrupt\src\stm.c" Line="392">
   <type Family="Pointer" TI="8611" toTI="7543"/>
    <parameter Name="EXTI_InitStruct" TI="8611" FileName="D:\WkPjt\MStory2.0\Mango-M32.Firmware\M32.Src016.KeyInterrupt\src\stm.c" Line="392" Addr="0x0" Param="Yes"/>
   </function >
   <function Name="EXTI1_IRQHandler" TI="0" FileName="D:\WkPjt\MStory2.0\Mango-M32.Firmware\M32.Src016.KeyInterrupt\src\stm.c" Line="338">
   </function >
   <function Name="EXTI0_IRQHandler" TI="0" FileName="D:\WkPjt\MStory2.0\Mango-M32.Firmware\M32.Src016.KeyInterrupt\src\stm.c" Line="330">
   </function >
   <function Name="SysTick_Handler" TI="0" FileName="D:\WkPjt\MStory2.0\Mango-M32.Firmware\M32.Src016.KeyInterrupt\src\stm.c" Line="303">
   </function >
   <type Family="array" ID="8683" toTI="4979"/>
   <variable Name="APBAHBPrescTable" FileName="D:\WkPjt\MStory2.0\Mango-M32.Firmware\M32.Src016.KeyInterrupt\src\stm.c" Line="67" Addr="0x20000000" TI="8716"/>
   <type Family="array" ID="8726" toTI="4979"/>
   <variable Name="ADCPrescTable" FileName="D:\WkPjt\MStory2.0\Mango-M32.Firmware\M32.Src016.KeyInterrupt\src\stm.c" Line="68" Addr="0x20000010" TI="8759"/>
  </module>
 </modulelist>
</aoffile>

