<!-- DWF2XML 2.00.01 - Raisonance Dwarf information extractor -->
<aoffile Header="MStroy2.0" Path="D:\WkPjt\MStory2.0\Mango-M32.Firmware\M32.Src013.ClockControl\project\RIDE\MStroy2.0.elf">
 <Def>
  <Col Header="DeclFile" Desc="File"/>
  <Col Header="Type" Desc="Type"/>
  <Col Header="Header" Desc="Name"/>
 </Def>
 <type Header="uint8_t" Icon="1" Type="type" Desc=": unsigned char" DeclFile="c:\program files\raisonance\ride\arm-gcc\arm-none-eabi\include\stdint.h" DeclLine="46" Pointer="No"/>
 <type Header="uint16_t" Icon="1" Type="type" Desc=": unsigned int" DeclFile="c:\program files\raisonance\ride\arm-gcc\arm-none-eabi\include\stdint.h" DeclLine="58" Pointer="No"/>
 <type Header="uint32_t" Icon="1" Type="type" Desc=": unsigned long" DeclFile="c:\program files\raisonance\ride\arm-gcc\arm-none-eabi\include\stdint.h" DeclLine="84" Pointer="No"/>
 <func Header="System_Information" Icon="3" Type="func" Desc=":   void" DeclFile="D:\WkPjt\MStory2.0\Mango-M32.Firmware\M32.Src013.ClockControl\src\main.c" DeclLine="19"/>
 <func Header="main" Icon="3" Type="func" Desc=":   long" DeclFile="D:\WkPjt\MStory2.0\Mango-M32.Firmware\M32.Src013.ClockControl\src\main.c" DeclLine="31"/>
 <type Header="uint32_t" Icon="1" Type="type" Desc=": unsigned long" DeclFile="c:\program files\raisonance\ride\arm-gcc\arm-none-eabi\include\stdint.h" DeclLine="84" Pointer="No"/>
 <func Header="LED_On_Red" Icon="3" Type="func" Desc=":   void" DeclFile="D:\WkPjt\MStory2.0\Mango-M32.Firmware\M32.Src013.ClockControl\src\led.c" DeclLine="23"/>
 <func Header="LED_Off_Red" Icon="3" Type="func" Desc=":   void" DeclFile="D:\WkPjt\MStory2.0\Mango-M32.Firmware\M32.Src013.ClockControl\src\led.c" DeclLine="28"/>
 <func Header="LED_On_Yellow" Icon="3" Type="func" Desc=":   void" DeclFile="D:\WkPjt\MStory2.0\Mango-M32.Firmware\M32.Src013.ClockControl\src\led.c" DeclLine="33"/>
 <func Header="LED_Off_Yellow" Icon="3" Type="func" Desc=":   void" DeclFile="D:\WkPjt\MStory2.0\Mango-M32.Firmware\M32.Src013.ClockControl\src\led.c" DeclLine="38"/>
 <func Header="LED_On_Blue" Icon="3" Type="func" Desc=":   void" DeclFile="D:\WkPjt\MStory2.0\Mango-M32.Firmware\M32.Src013.ClockControl\src\led.c" DeclLine="43"/>
 <func Header="LED_Off_Blue" Icon="3" Type="func" Desc=":   void" DeclFile="D:\WkPjt\MStory2.0\Mango-M32.Firmware\M32.Src013.ClockControl\src\led.c" DeclLine="48"/>
 <func Header="LED_On_All" Icon="3" Type="func" Desc=":   void" DeclFile="D:\WkPjt\MStory2.0\Mango-M32.Firmware\M32.Src013.ClockControl\src\led.c" DeclLine="53"/>
 <func Header="LED_Off_All" Icon="3" Type="func" Desc=":   void" DeclFile="D:\WkPjt\MStory2.0\Mango-M32.Firmware\M32.Src013.ClockControl\src\led.c" DeclLine="60"/>
 <func Header="LED_OnOffAll_Mult" Icon="3" Type="func" Desc=":   void" DeclFile="D:\WkPjt\MStory2.0\Mango-M32.Firmware\M32.Src013.ClockControl\src\led.c" DeclLine="67"/>
 <func Header="LED_Test" Icon="3" Type="func" Desc=":   void" DeclFile="D:\WkPjt\MStory2.0\Mango-M32.Firmware\M32.Src013.ClockControl\src\led.c" DeclLine="94"/>
 <type Header="uint32_t" Icon="1" Type="type" Desc=": unsigned long" DeclFile="c:\program files\raisonance\ride\arm-gcc\arm-none-eabi\include\stdint.h" DeclLine="84" Pointer="No"/>
 <func Header="KEY_Test" Icon="3" Type="func" Desc=":   void" DeclFile="D:\WkPjt\MStory2.0\Mango-M32.Firmware\M32.Src013.ClockControl\src\key.c" DeclLine="17"/>
 <type Header="uint16_t" Icon="1" Type="type" Desc=": unsigned int" DeclFile="c:\program files\raisonance\ride\arm-gcc\arm-none-eabi\include\stdint.h" DeclLine="58" Pointer="No"/>
 <type Header="uint32_t" Icon="1" Type="type" Desc=": unsigned long" DeclFile="c:\program files\raisonance\ride\arm-gcc\arm-none-eabi\include\stdint.h" DeclLine="84" Pointer="No"/>
 <type Header="GPIOSpeed_TypeDef" Icon="1" Type="type" Desc=": unsigned char" DeclFile="D:\WkPjt\MStory2.0\Mango-M32.Firmware\M32.Src013.ClockControl\inc\stm.h" DeclLine="26" Pointer="No"/>
 <type Header="GPIOMode_TypeDef" Icon="1" Type="type" Desc=": unsigned char" DeclFile="D:\WkPjt\MStory2.0\Mango-M32.Firmware\M32.Src013.ClockControl\inc\stm.h" DeclLine="37" Pointer="No"/>
 <type Header="GPIO_InitTypeDef" Icon="1" Type="type" Desc=": struct " DeclFile="D:\WkPjt\MStory2.0\Mango-M32.Firmware\M32.Src013.ClockControl\inc\stm.h" DeclLine="44" Pointer="No"/>
 <func Header="PowerOn_7_SEG" Icon="3" Type="func" Desc=":   void" DeclFile="D:\WkPjt\MStory2.0\Mango-M32.Firmware\M32.Src013.ClockControl\src\seven_segment.c" DeclLine="29"/>
 <func Header="On_7_SEG_OnePin" Icon="3" Type="func" Desc=":   void" DeclFile="D:\WkPjt\MStory2.0\Mango-M32.Firmware\M32.Src013.ClockControl\src\seven_segment.c" DeclLine="39"/>
 <func Header="Off_7_SEG_OnePin" Icon="3" Type="func" Desc=":   void" DeclFile="D:\WkPjt\MStory2.0\Mango-M32.Firmware\M32.Src013.ClockControl\src\seven_segment.c" DeclLine="44"/>
 <func Header="Off_7_SEG_AllPin" Icon="3" Type="func" Desc=":   void" DeclFile="D:\WkPjt\MStory2.0\Mango-M32.Firmware\M32.Src013.ClockControl\src\seven_segment.c" DeclLine="57"/>
 <func Header="OutPut_7_SEG_Number" Icon="3" Type="func" Desc=":   void" DeclFile="D:\WkPjt\MStory2.0\Mango-M32.Firmware\M32.Src013.ClockControl\src\seven_segment.c" DeclLine="65"/>
 <func Header="Seven_Segment_Test" Icon="3" Type="func" Desc=":   void" DeclFile="D:\WkPjt\MStory2.0\Mango-M32.Firmware\M32.Src013.ClockControl\src\seven_segment.c" DeclLine="135"/>
 <type Header="uint8_t" Icon="1" Type="type" Desc=": unsigned char" DeclFile="c:\program files\raisonance\ride\arm-gcc\arm-none-eabi\include\stdint.h" DeclLine="46" Pointer="No"/>
 <type Header="uint16_t" Icon="1" Type="type" Desc=": unsigned int" DeclFile="c:\program files\raisonance\ride\arm-gcc\arm-none-eabi\include\stdint.h" DeclLine="58" Pointer="No"/>
 <type Header="uint32_t" Icon="1" Type="type" Desc=": unsigned long" DeclFile="c:\program files\raisonance\ride\arm-gcc\arm-none-eabi\include\stdint.h" DeclLine="84" Pointer="No"/>
 <type Header="GPIOSpeed_TypeDef" Icon="1" Type="type" Desc=": unsigned char" DeclFile="D:\WkPjt\MStory2.0\Mango-M32.Firmware\M32.Src013.ClockControl\inc\stm.h" DeclLine="26" Pointer="No"/>
 <type Header="GPIOMode_TypeDef" Icon="1" Type="type" Desc=": unsigned char" DeclFile="D:\WkPjt\MStory2.0\Mango-M32.Firmware\M32.Src013.ClockControl\inc\stm.h" DeclLine="37" Pointer="No"/>
 <type Header="GPIO_InitTypeDef" Icon="1" Type="type" Desc=": struct " DeclFile="D:\WkPjt\MStory2.0\Mango-M32.Firmware\M32.Src013.ClockControl\inc\stm.h" DeclLine="44" Pointer="No"/>
 <type Header="USART_InitTypeDef" Icon="1" Type="type" Desc=": struct " DeclFile="D:\WkPjt\MStory2.0\Mango-M32.Firmware\M32.Src013.ClockControl\inc\stm.h" DeclLine="90" Pointer="No"/>
 <type Header="USART_TypeDef" Icon="1" Type="type" Desc=": struct " DeclFile="D:\WkPjt\MStory2.0\Mango-M32.Firmware\M32.Src013.ClockControl\inc\stm.h" DeclLine="173" Pointer="No"/>
 <func Header="delay_int_count" Icon="3" Type="func" Desc=":   void" DeclFile="D:\WkPjt\MStory2.0\Mango-M32.Firmware\M32.Src013.ClockControl\src\hw_config.c" DeclLine="17"/>
 <func Header="delay_1_second" Icon="3" Type="func" Desc=":   void" DeclFile="D:\WkPjt\MStory2.0\Mango-M32.Firmware\M32.Src013.ClockControl\src\hw_config.c" DeclLine="22"/>
 <func Header="delay_100_milli_second" Icon="3" Type="func" Desc=":   void" DeclFile="D:\WkPjt\MStory2.0\Mango-M32.Firmware\M32.Src013.ClockControl\src\hw_config.c" DeclLine="27"/>
 <func Header="RCC_Configuration" Icon="3" Type="func" Desc=":   void" DeclFile="D:\WkPjt\MStory2.0\Mango-M32.Firmware\M32.Src013.ClockControl\src\hw_config.c" DeclLine="90"/>
 <func Header="USART_GetCharacter" Icon="3" Type="func" Desc=":   unsigned char" DeclFile="D:\WkPjt\MStory2.0\Mango-M32.Firmware\M32.Src013.ClockControl\src\hw_config.c" DeclLine="200"/>
 <func Header="__io_putchar" Icon="3" Type="func" Desc=":   long" DeclFile="D:\WkPjt\MStory2.0\Mango-M32.Firmware\M32.Src013.ClockControl\src\hw_config.c" DeclLine="183"/>
 <func Header="GPIO_Configuration" Icon="3" Type="func" Desc=":   void" DeclFile="D:\WkPjt\MStory2.0\Mango-M32.Firmware\M32.Src013.ClockControl\src\hw_config.c" DeclLine="139"/>
 <func Header="USART1_Init" Icon="3" Type="func" Desc=":   void" DeclFile="D:\WkPjt\MStory2.0\Mango-M32.Firmware\M32.Src013.ClockControl\src\hw_config.c" DeclLine="53"/>
 <variable Header="StartUpCounter" Icon="2" Type="variable" Desc=":   unsigned long" DeclFile="D:\WkPjt\MStory2.0\Mango-M32.Firmware\M32.Src013.ClockControl\src\hw_config.c" DeclLine="87" Pointer="No"/>
 <type Header="uint8_t" Icon="1" Type="type" Desc=": unsigned char" DeclFile="c:\program files\raisonance\ride\arm-gcc\arm-none-eabi\include\stdint.h" DeclLine="46" Pointer="No"/>
 <type Header="uint16_t" Icon="1" Type="type" Desc=": unsigned int" DeclFile="c:\program files\raisonance\ride\arm-gcc\arm-none-eabi\include\stdint.h" DeclLine="58" Pointer="No"/>
 <type Header="uint32_t" Icon="1" Type="type" Desc=": unsigned long" DeclFile="c:\program files\raisonance\ride\arm-gcc\arm-none-eabi\include\stdint.h" DeclLine="84" Pointer="No"/>
 <type Header="GPIOSpeed_TypeDef" Icon="1" Type="type" Desc=": unsigned char" DeclFile="D:\WkPjt\MStory2.0\Mango-M32.Firmware\M32.Src013.ClockControl\inc\stm.h" DeclLine="26" Pointer="No"/>
 <type Header="GPIOMode_TypeDef" Icon="1" Type="type" Desc=": unsigned char" DeclFile="D:\WkPjt\MStory2.0\Mango-M32.Firmware\M32.Src013.ClockControl\inc\stm.h" DeclLine="37" Pointer="No"/>
 <type Header="GPIO_InitTypeDef" Icon="1" Type="type" Desc=": struct " DeclFile="D:\WkPjt\MStory2.0\Mango-M32.Firmware\M32.Src013.ClockControl\inc\stm.h" DeclLine="44" Pointer="No"/>
 <type Header="FlagStatus" Icon="1" Type="type" Desc=": unsigned char" DeclFile="D:\WkPjt\MStory2.0\Mango-M32.Firmware\M32.Src013.ClockControl\inc\stm.h" DeclLine="56" Pointer="No"/>
 <type Header="USART_InitTypeDef" Icon="1" Type="type" Desc=": struct " DeclFile="D:\WkPjt\MStory2.0\Mango-M32.Firmware\M32.Src013.ClockControl\inc\stm.h" DeclLine="90" Pointer="No"/>
 <type Header="GPIO_TypeDef" Icon="1" Type="type" Desc=": struct " DeclFile="D:\WkPjt\MStory2.0\Mango-M32.Firmware\M32.Src013.ClockControl\inc\stm.h" DeclLine="155" Pointer="No"/>
 <type Header="USART_TypeDef" Icon="1" Type="type" Desc=": struct " DeclFile="D:\WkPjt\MStory2.0\Mango-M32.Firmware\M32.Src013.ClockControl\inc\stm.h" DeclLine="173" Pointer="No"/>
 <func Header="GPIO_ReadInputDataBit" Icon="3" Type="func" Desc=":   unsigned char" DeclFile="D:\WkPjt\MStory2.0\Mango-M32.Firmware\M32.Src013.ClockControl\src\stm.c" DeclLine="17"/>
 <func Header="USART_SendData" Icon="3" Type="func" Desc=":   void" DeclFile="D:\WkPjt\MStory2.0\Mango-M32.Firmware\M32.Src013.ClockControl\src\stm.c" DeclLine="32"/>
 <func Header="USART_ReceiveData" Icon="3" Type="func" Desc=":   unsigned int" DeclFile="D:\WkPjt\MStory2.0\Mango-M32.Firmware\M32.Src013.ClockControl\src\stm.c" DeclLine="38"/>
 <func Header="USART_GetFlagStatus" Icon="3" Type="func" Desc=":   unsigned char" DeclFile="D:\WkPjt\MStory2.0\Mango-M32.Firmware\M32.Src013.ClockControl\src\stm.c" DeclLine="44"/>
 <func Header="USART_Init" Icon="3" Type="func" Desc=":   void" DeclFile="D:\WkPjt\MStory2.0\Mango-M32.Firmware\M32.Src013.ClockControl\src\stm.c" DeclLine="59"/>
 <func Header="GPIO_Init" Icon="3" Type="func" Desc=":   void" DeclFile="D:\WkPjt\MStory2.0\Mango-M32.Firmware\M32.Src013.ClockControl\src\stm.c" DeclLine="115"/>
</aoffile>

