<!-- DWF2XML 2.00.01 - Raisonance Dwarf information extractor -->
<aoffile Filename="MStroy2.0" dwarf="1">
 <modulelist>
  <module Name="D:\WkPjt\MStory2.0\Mango-M32.Firmware\M32.Src013.ClockControl\src\main.c" >
   <type Family="Base" Name="signed char" ID="37"/>
   <type Family="Base" Name="unsigned char" ID="55"/>
   <type Family="typedef" Name="uint8_t" Line="46" ID="44" toTI="55"/>
   <type Family="Base" Name="short int" ID="62"/>
   <type Family="Base" Name="short unsigned int" ID="80"/>
   <type Family="typedef" Name="uint16_t" Line="58" ID="69" toTI="80"/>
   <type Family="Base" Name="long int" ID="87"/>
   <type Family="Base" Name="long unsigned int" ID="105"/>
   <type Family="typedef" Name="uint32_t" Line="84" ID="94" toTI="105"/>
   <type Family="Base" Name="long long int" ID="112"/>
   <type Family="Base" Name="long long unsigned int" ID="119"/>
   <type Family="Base" Name="int" ID="126"/>
   <type Family="Base" Name="unsigned int" ID="133"/>
   <type Family="Base" Name="char" ID="143"/>
   <type Family="ComponentList" Line="129" ID="150">
    <Component Name="CR" TI="158" Line="130" Offs="0"/>
    <Component Name="CFGR" TI="171" Line="131" Offs="4"/>
    <Component Name="CIR" TI="185" Line="132" Offs="8"/>
    <Component Name="APB2RSTR" TI="199" Line="133" Offs="12"/>
    <Component Name="APB1RSTR" TI="213" Line="134" Offs="16"/>
    <Component Name="AHBENR" TI="227" Line="135" Offs="20"/>
    <Component Name="APB2ENR" TI="241" Line="136" Offs="24"/>
    <Component Name="APB1ENR" TI="255" Line="137" Offs="28"/>
    <Component Name="BDCR" TI="269" Line="138" Offs="32"/>
    <Component Name="CSR" TI="283" Line="139" Offs="36"/>
   </type>
   <type Family="ComponentList" Line="158" ID="303">
    <Component Name="SR" TI="311" Line="159" Offs="0"/>
    <Component Name="RESERVED0" TI="324" Line="160" Offs="2"/>
    <Component Name="DR" TI="338" Line="161" Offs="4"/>
    <Component Name="RESERVED1" TI="351" Line="162" Offs="6"/>
    <Component Name="BRR" TI="365" Line="163" Offs="8"/>
    <Component Name="RESERVED2" TI="379" Line="164" Offs="10"/>
    <Component Name="CR1" TI="393" Line="165" Offs="12"/>
    <Component Name="RESERVED3" TI="407" Line="166" Offs="14"/>
    <Component Name="CR2" TI="421" Line="167" Offs="16"/>
    <Component Name="RESERVED4" TI="435" Line="168" Offs="18"/>
    <Component Name="CR3" TI="449" Line="169" Offs="20"/>
    <Component Name="RESERVED5" TI="463" Line="170" Offs="22"/>
    <Component Name="GTPR" TI="477" Line="171" Offs="24"/>
    <Component Name="RESERVED6" TI="491" Line="172" Offs="26"/>
   </type>
   <function Name="System_Information" TI="0" FileName="D:\WkPjt\MStory2.0\Mango-M32.Firmware\M32.Src013.ClockControl\src\main.c" Line="19">
   </function >
   <function Name="main" TI="126" FileName="D:\WkPjt\MStory2.0\Mango-M32.Firmware\M32.Src013.ClockControl\src\main.c" Line="31">
    <variable Name="ch" FileName="D:\WkPjt\MStory2.0\Mango-M32.Firmware\M32.Src013.ClockControl\src\main.c" Line="32" Addr="0x4" TI="44"/>
   </function >
  </module>
  <module Name="D:\WkPjt\MStory2.0\Mango-M32.Firmware\M32.Src013.ClockControl\src\led.c" >
   <type Family="Base" Name="signed char" ID="626"/>
   <type Family="Base" Name="unsigned char" ID="633"/>
   <type Family="Base" Name="short int" ID="640"/>
   <type Family="Base" Name="short unsigned int" ID="647"/>
   <type Family="Base" Name="long int" ID="654"/>
   <type Family="Base" Name="long unsigned int" ID="672"/>
   <type Family="typedef" Name="uint32_t" Line="84" ID="661" toTI="672"/>
   <type Family="Base" Name="long long int" ID="679"/>
   <type Family="Base" Name="long long unsigned int" ID="686"/>
   <type Family="Base" Name="int" ID="693"/>
   <type Family="Base" Name="unsigned int" ID="700"/>
   <type Family="Base" Name="char" ID="710"/>
   <type Family="ComponentList" Line="147" ID="722">
    <Component Name="CRL" TI="730" Line="148" Offs="0"/>
    <Component Name="CRH" TI="744" Line="149" Offs="4"/>
    <Component Name="IDR" TI="758" Line="150" Offs="8"/>
    <Component Name="ODR" TI="772" Line="151" Offs="12"/>
    <Component Name="BSRR" TI="786" Line="152" Offs="16"/>
    <Component Name="BRR" TI="800" Line="153" Offs="20"/>
    <Component Name="LCKR" TI="814" Line="154" Offs="24"/>
   </type>
   <function Name="LED_On_Red" TI="0" FileName="D:\WkPjt\MStory2.0\Mango-M32.Firmware\M32.Src013.ClockControl\src\led.c" Line="23">
   </function >
   <function Name="LED_Off_Red" TI="0" FileName="D:\WkPjt\MStory2.0\Mango-M32.Firmware\M32.Src013.ClockControl\src\led.c" Line="28">
   </function >
   <function Name="LED_On_Yellow" TI="0" FileName="D:\WkPjt\MStory2.0\Mango-M32.Firmware\M32.Src013.ClockControl\src\led.c" Line="33">
   </function >
   <function Name="LED_Off_Yellow" TI="0" FileName="D:\WkPjt\MStory2.0\Mango-M32.Firmware\M32.Src013.ClockControl\src\led.c" Line="38">
   </function >
   <function Name="LED_On_Blue" TI="0" FileName="D:\WkPjt\MStory2.0\Mango-M32.Firmware\M32.Src013.ClockControl\src\led.c" Line="43">
   </function >
   <function Name="LED_Off_Blue" TI="0" FileName="D:\WkPjt\MStory2.0\Mango-M32.Firmware\M32.Src013.ClockControl\src\led.c" Line="48">
   </function >
   <function Name="LED_On_All" TI="0" FileName="D:\WkPjt\MStory2.0\Mango-M32.Firmware\M32.Src013.ClockControl\src\led.c" Line="53">
   </function >
   <function Name="LED_Off_All" TI="0" FileName="D:\WkPjt\MStory2.0\Mango-M32.Firmware\M32.Src013.ClockControl\src\led.c" Line="60">
   </function >
   <function Name="LED_OnOffAll_Mult" TI="0" FileName="D:\WkPjt\MStory2.0\Mango-M32.Firmware\M32.Src013.ClockControl\src\led.c" Line="67">
    <parameter Name="count" TI="661" FileName="D:\WkPjt\MStory2.0\Mango-M32.Firmware\M32.Src013.ClockControl\src\led.c" Line="67" Addr="0x0" Param="Yes"/>
   </function >
   <function Name="LED_Test" TI="0" FileName="D:\WkPjt\MStory2.0\Mango-M32.Firmware\M32.Src013.ClockControl\src\led.c" Line="94">
   </function >
  </module>
  <module Name="D:\WkPjt\MStory2.0\Mango-M32.Firmware\M32.Src013.ClockControl\src\key.c" >
   <type Family="Base" Name="signed char" ID="1085"/>
   <type Family="Base" Name="unsigned char" ID="1092"/>
   <type Family="Base" Name="short int" ID="1099"/>
   <type Family="Base" Name="short unsigned int" ID="1106"/>
   <type Family="Base" Name="long int" ID="1113"/>
   <type Family="Base" Name="long unsigned int" ID="1131"/>
   <type Family="typedef" Name="uint32_t" Line="84" ID="1120" toTI="1131"/>
   <type Family="Base" Name="long long int" ID="1138"/>
   <type Family="Base" Name="long long unsigned int" ID="1145"/>
   <type Family="Base" Name="int" ID="1152"/>
   <type Family="Base" Name="unsigned int" ID="1159"/>
   <type Family="Base" Name="char" ID="1169"/>
   <type Family="ComponentList" Line="147" ID="1202">
    <Component Name="CRL" TI="1210" Line="148" Offs="0"/>
    <Component Name="CRH" TI="1224" Line="149" Offs="4"/>
    <Component Name="IDR" TI="1238" Line="150" Offs="8"/>
    <Component Name="ODR" TI="1252" Line="151" Offs="12"/>
    <Component Name="BSRR" TI="1266" Line="152" Offs="16"/>
    <Component Name="BRR" TI="1280" Line="153" Offs="20"/>
    <Component Name="LCKR" TI="1294" Line="154" Offs="24"/>
   </type>
   <function Name="KEY_Test" TI="0" FileName="D:\WkPjt\MStory2.0\Mango-M32.Firmware\M32.Src013.ClockControl\src\key.c" Line="17">
    <variable Name="i" FileName="D:\WkPjt\MStory2.0\Mango-M32.Firmware\M32.Src013.ClockControl\src\key.c" Line="18" Addr="0x4" TI="1120"/>
   </function >
  </module>
  <module Name="D:\WkPjt\MStory2.0\Mango-M32.Firmware\M32.Src013.ClockControl\src\seven_segment.c" >
   <type Family="Base" Name="signed char" ID="1380"/>
   <type Family="Base" Name="unsigned char" ID="1387"/>
   <type Family="Base" Name="short int" ID="1394"/>
   <type Family="Base" Name="short unsigned int" ID="1412"/>
   <type Family="typedef" Name="uint16_t" Line="58" ID="1401" toTI="1412"/>
   <type Family="Base" Name="long int" ID="1419"/>
   <type Family="Base" Name="long unsigned int" ID="1437"/>
   <type Family="typedef" Name="uint32_t" Line="84" ID="1426" toTI="1437"/>
   <type Family="Base" Name="long long int" ID="1444"/>
   <type Family="Base" Name="long long unsigned int" ID="1451"/>
   <type Family="Base" Name="int" ID="1458"/>
   <type Family="Base" Name="unsigned int" ID="1465"/>
   <type Family="Base" Name="char" ID="1475"/>
   <type Family="typedef" Name="GPIOSpeed_TypeDef" Line="26" ID="1509" toTI="1482"/>
   <type Family="typedef" Name="GPIOMode_TypeDef" Line="37" ID="1578" toTI="1520"/>
   <type Family="ComponentList" Line="40" ID="1589">
    <Component Name="GPIO_Pin" TI="1597" Line="41" Offs="0"/>
    <Component Name="GPIO_Speed" TI="1611" Line="42" Offs="2"/>
    <Component Name="GPIO_Mode" TI="1625" Line="43" Offs="3"/>
   </type>
   <type Family="typedef" Name="GPIO_InitTypeDef" Line="44" ID="1640" toTI="1589"/>
   <type Family="ComponentList" Line="129" ID="1651">
    <Component Name="CR" TI="1659" Line="130" Offs="0"/>
    <Component Name="CFGR" TI="1672" Line="131" Offs="4"/>
    <Component Name="CIR" TI="1686" Line="132" Offs="8"/>
    <Component Name="APB2RSTR" TI="1700" Line="133" Offs="12"/>
    <Component Name="APB1RSTR" TI="1714" Line="134" Offs="16"/>
    <Component Name="AHBENR" TI="1728" Line="135" Offs="20"/>
    <Component Name="APB2ENR" TI="1742" Line="136" Offs="24"/>
    <Component Name="APB1ENR" TI="1756" Line="137" Offs="28"/>
    <Component Name="BDCR" TI="1770" Line="138" Offs="32"/>
    <Component Name="CSR" TI="1784" Line="139" Offs="36"/>
   </type>
   <type Family="ComponentList" Line="147" ID="1804">
    <Component Name="CRL" TI="1812" Line="148" Offs="0"/>
    <Component Name="CRH" TI="1826" Line="149" Offs="4"/>
    <Component Name="IDR" TI="1840" Line="150" Offs="8"/>
    <Component Name="ODR" TI="1854" Line="151" Offs="12"/>
    <Component Name="BSRR" TI="1868" Line="152" Offs="16"/>
    <Component Name="BRR" TI="1882" Line="153" Offs="20"/>
    <Component Name="LCKR" TI="1896" Line="154" Offs="24"/>
   </type>
   <function Name="PowerOn_7_SEG" TI="0" FileName="D:\WkPjt\MStory2.0\Mango-M32.Firmware\M32.Src013.ClockControl\src\seven_segment.c" Line="29">
   </function >
   <function Name="On_7_SEG_OnePin" TI="0" FileName="D:\WkPjt\MStory2.0\Mango-M32.Firmware\M32.Src013.ClockControl\src\seven_segment.c" Line="39">
    <parameter Name="pinNum" TI="1401" FileName="D:\WkPjt\MStory2.0\Mango-M32.Firmware\M32.Src013.ClockControl\src\seven_segment.c" Line="39" Addr="0x0" Param="Yes"/>
   </function >
   <function Name="Off_7_SEG_OnePin" TI="0" FileName="D:\WkPjt\MStory2.0\Mango-M32.Firmware\M32.Src013.ClockControl\src\seven_segment.c" Line="44">
    <parameter Name="pinNum" TI="1401" FileName="D:\WkPjt\MStory2.0\Mango-M32.Firmware\M32.Src013.ClockControl\src\seven_segment.c" Line="44" Addr="0x0" Param="Yes"/>
   </function >
   <function Name="Off_7_SEG_AllPin" TI="0" FileName="D:\WkPjt\MStory2.0\Mango-M32.Firmware\M32.Src013.ClockControl\src\seven_segment.c" Line="57">
   </function >
   <function Name="OutPut_7_SEG_Number" TI="0" FileName="D:\WkPjt\MStory2.0\Mango-M32.Firmware\M32.Src013.ClockControl\src\seven_segment.c" Line="65">
    <parameter Name="num" TI="1465" FileName="D:\WkPjt\MStory2.0\Mango-M32.Firmware\M32.Src013.ClockControl\src\seven_segment.c" Line="65" Addr="0x0" Param="Yes"/>
   </function >
   <function Name="Seven_Segment_Test" TI="0" FileName="D:\WkPjt\MStory2.0\Mango-M32.Firmware\M32.Src013.ClockControl\src\seven_segment.c" Line="135">
    <variable Name="GPIO_InitStructure" FileName="D:\WkPjt\MStory2.0\Mango-M32.Firmware\M32.Src013.ClockControl\src\seven_segment.c" Line="136" Addr="0x34000004" TI="1640"/>
    <variable Name="i" FileName="D:\WkPjt\MStory2.0\Mango-M32.Firmware\M32.Src013.ClockControl\src\seven_segment.c" Line="137" Addr="0x4" TI="1458"/>
   </function >
  </module>
  <module Name="D:\WkPjt\MStory2.0\Mango-M32.Firmware\M32.Src013.ClockControl\src\hw_config.c" >
   <type Family="Base" Name="signed char" ID="2195"/>
   <type Family="Base" Name="unsigned char" ID="2213"/>
   <type Family="typedef" Name="uint8_t" Line="46" ID="2202" toTI="2213"/>
   <type Family="Base" Name="short int" ID="2220"/>
   <type Family="Base" Name="short unsigned int" ID="2238"/>
   <type Family="typedef" Name="uint16_t" Line="58" ID="2227" toTI="2238"/>
   <type Family="Base" Name="long int" ID="2245"/>
   <type Family="Base" Name="long unsigned int" ID="2263"/>
   <type Family="typedef" Name="uint32_t" Line="84" ID="2252" toTI="2263"/>
   <type Family="Base" Name="long long int" ID="2270"/>
   <type Family="Base" Name="long long unsigned int" ID="2277"/>
   <type Family="Base" Name="int" ID="2284"/>
   <type Family="Base" Name="unsigned int" ID="2291"/>
   <type Family="Base" Name="char" ID="2301"/>
   <type Family="typedef" Name="GPIOSpeed_TypeDef" Line="26" ID="2335" toTI="2308"/>
   <type Family="typedef" Name="GPIOMode_TypeDef" Line="37" ID="2404" toTI="2346"/>
   <type Family="ComponentList" Line="40" ID="2415">
    <Component Name="GPIO_Pin" TI="2423" Line="41" Offs="0"/>
    <Component Name="GPIO_Speed" TI="2437" Line="42" Offs="2"/>
    <Component Name="GPIO_Mode" TI="2451" Line="43" Offs="3"/>
   </type>
   <type Family="typedef" Name="GPIO_InitTypeDef" Line="44" ID="2466" toTI="2415"/>
   <type Family="ComponentList" Line="65" ID="2498">
    <Component Name="USART_BaudRate" TI="2506" Line="66" Offs="0"/>
    <Component Name="USART_WordLength" TI="2520" Line="71" Offs="4"/>
    <Component Name="USART_StopBits" TI="2534" Line="74" Offs="6"/>
    <Component Name="USART_Parity" TI="2548" Line="77" Offs="8"/>
    <Component Name="USART_Mode" TI="2562" Line="84" Offs="10"/>
    <Component Name="USART_HardwareFlowControl" TI="2576" Line="87" Offs="12"/>
   </type>
   <type Family="typedef" Name="USART_InitTypeDef" Line="90" ID="2591" toTI="2498"/>
   <type Family="ComponentList" Line="129" ID="2602">
    <Component Name="CR" TI="2610" Line="130" Offs="0"/>
    <Component Name="CFGR" TI="2623" Line="131" Offs="4"/>
    <Component Name="CIR" TI="2637" Line="132" Offs="8"/>
    <Component Name="APB2RSTR" TI="2651" Line="133" Offs="12"/>
    <Component Name="APB1RSTR" TI="2665" Line="134" Offs="16"/>
    <Component Name="AHBENR" TI="2679" Line="135" Offs="20"/>
    <Component Name="APB2ENR" TI="2693" Line="136" Offs="24"/>
    <Component Name="APB1ENR" TI="2707" Line="137" Offs="28"/>
    <Component Name="BDCR" TI="2721" Line="138" Offs="32"/>
    <Component Name="CSR" TI="2735" Line="139" Offs="36"/>
   </type>
   <type Family="ComponentList" Line="147" ID="2755">
    <Component Name="CRL" TI="2763" Line="148" Offs="0"/>
    <Component Name="CRH" TI="2777" Line="149" Offs="4"/>
    <Component Name="IDR" TI="2791" Line="150" Offs="8"/>
    <Component Name="ODR" TI="2805" Line="151" Offs="12"/>
    <Component Name="BSRR" TI="2819" Line="152" Offs="16"/>
    <Component Name="BRR" TI="2833" Line="153" Offs="20"/>
    <Component Name="LCKR" TI="2847" Line="154" Offs="24"/>
   </type>
   <type Family="ComponentList" Line="158" ID="2862">
    <Component Name="SR" TI="2870" Line="159" Offs="0"/>
    <Component Name="RESERVED0" TI="2883" Line="160" Offs="2"/>
    <Component Name="DR" TI="2897" Line="161" Offs="4"/>
    <Component Name="RESERVED1" TI="2910" Line="162" Offs="6"/>
    <Component Name="BRR" TI="2924" Line="163" Offs="8"/>
    <Component Name="RESERVED2" TI="2938" Line="164" Offs="10"/>
    <Component Name="CR1" TI="2952" Line="165" Offs="12"/>
    <Component Name="RESERVED3" TI="2966" Line="166" Offs="14"/>
    <Component Name="CR2" TI="2980" Line="167" Offs="16"/>
    <Component Name="RESERVED4" TI="2994" Line="168" Offs="18"/>
    <Component Name="CR3" TI="3008" Line="169" Offs="20"/>
    <Component Name="RESERVED5" TI="3022" Line="170" Offs="22"/>
    <Component Name="GTPR" TI="3036" Line="171" Offs="24"/>
    <Component Name="RESERVED6" TI="3050" Line="172" Offs="26"/>
   </type>
   <type Family="typedef" Name="USART_TypeDef" Line="173" ID="3070" toTI="2862"/>
   <type Family="ComponentList" Line="176" ID="3081">
    <Component Name="ACR" TI="3089" Line="177" Offs="0"/>
    <Component Name="KEYR" TI="3103" Line="178" Offs="4"/>
    <Component Name="OPTKEYR" TI="3117" Line="179" Offs="8"/>
    <Component Name="SR" TI="3131" Line="180" Offs="12"/>
    <Component Name="CR" TI="3144" Line="181" Offs="16"/>
    <Component Name="AR" TI="3157" Line="182" Offs="20"/>
    <Component Name="RESERVED" TI="3170" Line="183" Offs="24"/>
    <Component Name="OBR" TI="3184" Line="184" Offs="28"/>
    <Component Name="WRPR" TI="3198" Line="185" Offs="32"/>
   </type>
   <function Name="delay_int_count" TI="0" FileName="D:\WkPjt\MStory2.0\Mango-M32.Firmware\M32.Src013.ClockControl\src\hw_config.c" Line="17">
    <parameter Name="nTime" TI="3253" FileName="D:\WkPjt\MStory2.0\Mango-M32.Firmware\M32.Src013.ClockControl\src\hw_config.c" Line="17" Addr="0x0" Param="Yes"/>
   </function >
   <function Name="delay_1_second" TI="0" FileName="D:\WkPjt\MStory2.0\Mango-M32.Firmware\M32.Src013.ClockControl\src\hw_config.c" Line="22">
   </function >
   <function Name="delay_100_milli_second" TI="0" FileName="D:\WkPjt\MStory2.0\Mango-M32.Firmware\M32.Src013.ClockControl\src\hw_config.c" Line="27">
   </function >
   <function Name="RCC_Configuration" TI="0" FileName="D:\WkPjt\MStory2.0\Mango-M32.Firmware\M32.Src013.ClockControl\src\hw_config.c" Line="90">
    <variable Name="HSEStatus" FileName="D:\WkPjt\MStory2.0\Mango-M32.Firmware\M32.Src013.ClockControl\src\hw_config.c" Line="91" Addr="0x3400000C" TI="2750"/>
   </function >
   <function Name="USART_GetCharacter" TI="2202" FileName="D:\WkPjt\MStory2.0\Mango-M32.Firmware\M32.Src013.ClockControl\src\hw_config.c" Line="200">
   <type Family="Pointer" TI="3399" toTI="3070"/>
    <parameter Name="usart_p" TI="3399" FileName="D:\WkPjt\MStory2.0\Mango-M32.Firmware\M32.Src013.ClockControl\src\hw_config.c" Line="200" Addr="0x0" Param="Yes"/>
    <variable Name="data" FileName="D:\WkPjt\MStory2.0\Mango-M32.Firmware\M32.Src013.ClockControl\src\hw_config.c" Line="201" Addr="0x4" TI="2202"/>
   </function >
   <function Name="__io_putchar" TI="2284" FileName="D:\WkPjt\MStory2.0\Mango-M32.Firmware\M32.Src013.ClockControl\src\hw_config.c" Line="183">
    <parameter Name="ch" TI="2284" FileName="D:\WkPjt\MStory2.0\Mango-M32.Firmware\M32.Src013.ClockControl\src\hw_config.c" Line="183" Addr="0x0" Param="Yes"/>
   </function >
   <type Family="Pointer" TI="3527" toTI="2202"/>
   <function Name="GPIO_Configuration" TI="0" FileName="D:\WkPjt\MStory2.0\Mango-M32.Firmware\M32.Src013.ClockControl\src\hw_config.c" Line="139">
    <variable Name="GPIO_InitStructure" FileName="D:\WkPjt\MStory2.0\Mango-M32.Firmware\M32.Src013.ClockControl\src\hw_config.c" Line="140" Addr="0x34000004" TI="2466"/>
   </function >
   <function Name="USART1_Init" TI="0" FileName="D:\WkPjt\MStory2.0\Mango-M32.Firmware\M32.Src013.ClockControl\src\hw_config.c" Line="53">
    <variable Name="USART_InitStructure" FileName="D:\WkPjt\MStory2.0\Mango-M32.Firmware\M32.Src013.ClockControl\src\hw_config.c" Line="54" Addr="0x34000000" TI="2591"/>
   </function >
   <variable Name="StartUpCounter" FileName="D:\WkPjt\MStory2.0\Mango-M32.Firmware\M32.Src013.ClockControl\src\hw_config.c" Line="87" Addr="0x20000504" TI="2750"/>
  </module>
  <module Name="D:\WkPjt\MStory2.0\Mango-M32.Firmware\M32.Src013.ClockControl\src\stm.c" >
   <type Family="Base" Name="signed char" ID="3669"/>
   <type Family="Base" Name="unsigned char" ID="3687"/>
   <type Family="typedef" Name="uint8_t" Line="46" ID="3676" toTI="3687"/>
   <type Family="Base" Name="short int" ID="3694"/>
   <type Family="Base" Name="short unsigned int" ID="3712"/>
   <type Family="typedef" Name="uint16_t" Line="58" ID="3701" toTI="3712"/>
   <type Family="Base" Name="long int" ID="3719"/>
   <type Family="Base" Name="long unsigned int" ID="3737"/>
   <type Family="typedef" Name="uint32_t" Line="84" ID="3726" toTI="3737"/>
   <type Family="Base" Name="long long int" ID="3744"/>
   <type Family="Base" Name="long long unsigned int" ID="3751"/>
   <type Family="Base" Name="int" ID="3758"/>
   <type Family="Base" Name="unsigned int" ID="3765"/>
   <type Family="Base" Name="char" ID="3775"/>
   <type Family="typedef" Name="GPIOSpeed_TypeDef" Line="26" ID="3809" toTI="3782"/>
   <type Family="typedef" Name="GPIOMode_TypeDef" Line="37" ID="3878" toTI="3820"/>
   <type Family="ComponentList" Line="40" ID="3889">
    <Component Name="GPIO_Pin" TI="3897" Line="41" Offs="0"/>
    <Component Name="GPIO_Speed" TI="3911" Line="42" Offs="2"/>
    <Component Name="GPIO_Mode" TI="3925" Line="43" Offs="3"/>
   </type>
   <type Family="typedef" Name="GPIO_InitTypeDef" Line="44" ID="3940" toTI="3889"/>
   <type Family="typedef" Name="FlagStatus" Line="56" ID="3993" toTI="3972"/>
   <type Family="ComponentList" Line="65" ID="4004">
    <Component Name="USART_BaudRate" TI="4012" Line="66" Offs="0"/>
    <Component Name="USART_WordLength" TI="4026" Line="71" Offs="4"/>
    <Component Name="USART_StopBits" TI="4040" Line="74" Offs="6"/>
    <Component Name="USART_Parity" TI="4054" Line="77" Offs="8"/>
    <Component Name="USART_Mode" TI="4068" Line="84" Offs="10"/>
    <Component Name="USART_HardwareFlowControl" TI="4082" Line="87" Offs="12"/>
   </type>
   <type Family="typedef" Name="USART_InitTypeDef" Line="90" ID="4097" toTI="4004"/>
   <type Family="ComponentList" Line="147" ID="4113">
    <Component Name="CRL" TI="4121" Line="148" Offs="0"/>
    <Component Name="CRH" TI="4135" Line="149" Offs="4"/>
    <Component Name="IDR" TI="4149" Line="150" Offs="8"/>
    <Component Name="ODR" TI="4163" Line="151" Offs="12"/>
    <Component Name="BSRR" TI="4177" Line="152" Offs="16"/>
    <Component Name="BRR" TI="4191" Line="153" Offs="20"/>
    <Component Name="LCKR" TI="4205" Line="154" Offs="24"/>
   </type>
   <type Family="typedef" Name="GPIO_TypeDef" Line="155" ID="4220" toTI="4113"/>
   <type Family="ComponentList" Line="158" ID="4231">
    <Component Name="SR" TI="4239" Line="159" Offs="0"/>
    <Component Name="RESERVED0" TI="4252" Line="160" Offs="2"/>
    <Component Name="DR" TI="4266" Line="161" Offs="4"/>
    <Component Name="RESERVED1" TI="4279" Line="162" Offs="6"/>
    <Component Name="BRR" TI="4293" Line="163" Offs="8"/>
    <Component Name="RESERVED2" TI="4307" Line="164" Offs="10"/>
    <Component Name="CR1" TI="4321" Line="165" Offs="12"/>
    <Component Name="RESERVED3" TI="4335" Line="166" Offs="14"/>
    <Component Name="CR2" TI="4349" Line="167" Offs="16"/>
    <Component Name="RESERVED4" TI="4363" Line="168" Offs="18"/>
    <Component Name="CR3" TI="4377" Line="169" Offs="20"/>
    <Component Name="RESERVED5" TI="4391" Line="170" Offs="22"/>
    <Component Name="GTPR" TI="4405" Line="171" Offs="24"/>
    <Component Name="RESERVED6" TI="4419" Line="172" Offs="26"/>
   </type>
   <type Family="typedef" Name="USART_TypeDef" Line="173" ID="4439" toTI="4231"/>
   <function Name="GPIO_ReadInputDataBit" TI="3676" FileName="D:\WkPjt\MStory2.0\Mango-M32.Firmware\M32.Src013.ClockControl\src\stm.c" Line="17">
   <type Family="Pointer" TI="4517" toTI="4220"/>
    <parameter Name="GPIOx" TI="4517" FileName="D:\WkPjt\MStory2.0\Mango-M32.Firmware\M32.Src013.ClockControl\src\stm.c" Line="17" Addr="0x0" Param="Yes"/>
    <parameter Name="GPIO_Pin" TI="3701" FileName="D:\WkPjt\MStory2.0\Mango-M32.Firmware\M32.Src013.ClockControl\src\stm.c" Line="17" Addr="0x1" Param="Yes"/>
   </function >
   <function Name="USART_SendData" TI="0" FileName="D:\WkPjt\MStory2.0\Mango-M32.Firmware\M32.Src013.ClockControl\src\stm.c" Line="32">
   <type Family="Pointer" TI="4575" toTI="4439"/>
    <parameter Name="USARTx" TI="4575" FileName="D:\WkPjt\MStory2.0\Mango-M32.Firmware\M32.Src013.ClockControl\src\stm.c" Line="32" Addr="0x0" Param="Yes"/>
    <parameter Name="Data" TI="3701" FileName="D:\WkPjt\MStory2.0\Mango-M32.Firmware\M32.Src013.ClockControl\src\stm.c" Line="32" Addr="0x1" Param="Yes"/>
   </function >
   <function Name="USART_ReceiveData" TI="3701" FileName="D:\WkPjt\MStory2.0\Mango-M32.Firmware\M32.Src013.ClockControl\src\stm.c" Line="38">
    <parameter Name="USARTx" TI="4575" FileName="D:\WkPjt\MStory2.0\Mango-M32.Firmware\M32.Src013.ClockControl\src\stm.c" Line="38" Addr="0x0" Param="Yes"/>
   </function >
   <function Name="USART_GetFlagStatus" TI="3993" FileName="D:\WkPjt\MStory2.0\Mango-M32.Firmware\M32.Src013.ClockControl\src\stm.c" Line="44">
    <parameter Name="USARTx" TI="4575" FileName="D:\WkPjt\MStory2.0\Mango-M32.Firmware\M32.Src013.ClockControl\src\stm.c" Line="44" Addr="0x0" Param="Yes"/>
    <parameter Name="USART_FLAG" TI="3701" FileName="D:\WkPjt\MStory2.0\Mango-M32.Firmware\M32.Src013.ClockControl\src\stm.c" Line="44" Addr="0x1" Param="Yes"/>
   </function >
   <function Name="USART_Init" TI="0" FileName="D:\WkPjt\MStory2.0\Mango-M32.Firmware\M32.Src013.ClockControl\src\stm.c" Line="59">
    <parameter Name="USARTx" TI="4575" FileName="D:\WkPjt\MStory2.0\Mango-M32.Firmware\M32.Src013.ClockControl\src\stm.c" Line="59" Addr="0x0" Param="Yes"/>
   <type Family="Pointer" TI="4795" toTI="4097"/>
    <parameter Name="USART_InitStruct" TI="4795" FileName="D:\WkPjt\MStory2.0\Mango-M32.Firmware\M32.Src013.ClockControl\src\stm.c" Line="59" Addr="0x1" Param="Yes"/>
    <variable Name="tmpreg" FileName="D:\WkPjt\MStory2.0\Mango-M32.Firmware\M32.Src013.ClockControl\src\stm.c" Line="60" Addr="0x3" TI="3726"/>
    <variable Name="integerdivider" FileName="D:\WkPjt\MStory2.0\Mango-M32.Firmware\M32.Src013.ClockControl\src\stm.c" Line="65" Addr="0x2" TI="3726"/>
   </function >
   <function Name="GPIO_Init" TI="0" FileName="D:\WkPjt\MStory2.0\Mango-M32.Firmware\M32.Src013.ClockControl\src\stm.c" Line="115">
    <parameter Name="GPIOx" TI="4517" FileName="D:\WkPjt\MStory2.0\Mango-M32.Firmware\M32.Src013.ClockControl\src\stm.c" Line="115" Addr="0x0" Param="Yes"/>
   <type Family="Pointer" TI="4935" toTI="3940"/>
    <parameter Name="GPIO_InitStruct" TI="4935" FileName="D:\WkPjt\MStory2.0\Mango-M32.Firmware\M32.Src013.ClockControl\src\stm.c" Line="115" Addr="0x1" Param="Yes"/>
    <variable Name="currentmode" FileName="D:\WkPjt\MStory2.0\Mango-M32.Firmware\M32.Src013.ClockControl\src\stm.c" Line="116" Addr="0x7" TI="3726"/>
    <variable Name="currentpin" FileName="D:\WkPjt\MStory2.0\Mango-M32.Firmware\M32.Src013.ClockControl\src\stm.c" Line="116" Addr="0x1" TI="3726"/>
    <variable Name="pinpos" FileName="D:\WkPjt\MStory2.0\Mango-M32.Firmware\M32.Src013.ClockControl\src\stm.c" Line="116" Addr="0xC" TI="3726"/>
    <variable Name="pos" FileName="D:\WkPjt\MStory2.0\Mango-M32.Firmware\M32.Src013.ClockControl\src\stm.c" Line="116" Addr="0x3" TI="3726"/>
    <variable Name="tmpreg" FileName="D:\WkPjt\MStory2.0\Mango-M32.Firmware\M32.Src013.ClockControl\src\stm.c" Line="117" Addr="0x4" TI="3726"/>
   </function >
  </module>
 </modulelist>
</aoffile>

