<!-- DWF2XML 2.00.01 - Raisonance Dwarf information extractor -->
<aoffile Header="MStroy2.0" Path="D:\WkPjt\MStory2.0\Mango-Z1.Firmware\Z1.Src005.KeyInterrupt_for_AN2557.IAP\project\RIDE\MStroy2.0.elf">
 <Def>
  <Col Header="DeclFile" Desc="File"/>
  <Col Header="Type" Desc="Type"/>
  <Col Header="Header" Desc="Name"/>
 </Def>
 <type Header="IRQn_Type" Icon="1" Type="type" Desc=": unsigned char" DeclFile="D:\WkPjt\MStory2.0\Mango-Z1.Firmware\Libraries\CMSIS\Core\CM3\stm32f10x.h" DeclLine="301" Pointer="No"/>
 <type Header="uint8_t" Icon="1" Type="type" Desc=": unsigned char" DeclFile="c:\program files\raisonance\ride\arm-gcc\arm-none-eabi\include\stdint.h" DeclLine="46" Pointer="No"/>
 <type Header="uint16_t" Icon="1" Type="type" Desc=": unsigned int" DeclFile="c:\program files\raisonance\ride\arm-gcc\arm-none-eabi\include\stdint.h" DeclLine="58" Pointer="No"/>
 <type Header="uint32_t" Icon="1" Type="type" Desc=": unsigned long" DeclFile="c:\program files\raisonance\ride\arm-gcc\arm-none-eabi\include\stdint.h" DeclLine="84" Pointer="No"/>
 <type Header="RCC_ClocksTypeDef" Icon="1" Type="type" Desc=": struct " DeclFile="D:\WkPjt\MStory2.0\Mango-Z1.Firmware\Libraries\STM32F10x_StdPeriph_Driver\inc\stm32f10x_rcc.h" DeclLine="52" Pointer="No"/>
 <func Header="System_Information" Icon="3" Type="func" Desc=":   void" DeclFile="D:\WkPjt\MStory2.0\Mango-Z1.Firmware\Z1.Src005.KeyInterrupt_for_AN2557.IAP\src\main.c" DeclLine="21"/>
 <func Header="main" Icon="3" Type="func" Desc=":   long" DeclFile="D:\WkPjt\MStory2.0\Mango-Z1.Firmware\Z1.Src005.KeyInterrupt_for_AN2557.IAP\src\main.c" DeclLine="38"/>
 <variable Header="rcc_clocks" Icon="2" Type="variable" Desc=":   struct " DeclFile="D:\WkPjt\MStory2.0\Mango-Z1.Firmware\Z1.Src005.KeyInterrupt_for_AN2557.IAP\src\main.c" DeclLine="16" Pointer="No"/>
 <type Header="uint8_t" Icon="1" Type="type" Desc=": unsigned char" DeclFile="c:\program files\raisonance\ride\arm-gcc\arm-none-eabi\include\stdint.h" DeclLine="46" Pointer="No"/>
 <type Header="uint16_t" Icon="1" Type="type" Desc=": unsigned int" DeclFile="c:\program files\raisonance\ride\arm-gcc\arm-none-eabi\include\stdint.h" DeclLine="58" Pointer="No"/>
 <type Header="uint32_t" Icon="1" Type="type" Desc=": unsigned long" DeclFile="c:\program files\raisonance\ride\arm-gcc\arm-none-eabi\include\stdint.h" DeclLine="84" Pointer="No"/>
 <type Header="FunctionalState" Icon="1" Type="type" Desc=": unsigned char" DeclFile="D:\WkPjt\MStory2.0\Mango-Z1.Firmware\Libraries\CMSIS\Core\CM3\stm32f10x.h" DeclLine="354" Pointer="No"/>
 <type Header="USART_TypeDef" Icon="1" Type="type" Desc=": struct " DeclFile="D:\WkPjt\MStory2.0\Mango-Z1.Firmware\Libraries\CMSIS\Core\CM3\stm32f10x.h" DeclLine="1046" Pointer="No"/>
 <type Header="EXTIMode_TypeDef" Icon="1" Type="type" Desc=": unsigned char" DeclFile="D:\WkPjt\MStory2.0\Mango-Z1.Firmware\Libraries\STM32F10x_StdPeriph_Driver\inc\stm32f10x_exti.h" DeclLine="53" Pointer="No"/>
 <type Header="EXTITrigger_TypeDef" Icon="1" Type="type" Desc=": unsigned char" DeclFile="D:\WkPjt\MStory2.0\Mango-Z1.Firmware\Libraries\STM32F10x_StdPeriph_Driver\inc\stm32f10x_exti.h" DeclLine="66" Pointer="No"/>
 <type Header="EXTI_InitTypeDef" Icon="1" Type="type" Desc=": struct " DeclFile="D:\WkPjt\MStory2.0\Mango-Z1.Firmware\Libraries\STM32F10x_StdPeriph_Driver\inc\stm32f10x_exti.h" DeclLine="88" Pointer="No"/>
 <type Header="GPIOSpeed_TypeDef" Icon="1" Type="type" Desc=": unsigned char" DeclFile="D:\WkPjt\MStory2.0\Mango-Z1.Firmware\Libraries\STM32F10x_StdPeriph_Driver\inc\stm32f10x_gpio.h" DeclLine="62" Pointer="No"/>
 <type Header="GPIOMode_TypeDef" Icon="1" Type="type" Desc=": unsigned char" DeclFile="D:\WkPjt\MStory2.0\Mango-Z1.Firmware\Libraries\STM32F10x_StdPeriph_Driver\inc\stm32f10x_gpio.h" DeclLine="79" Pointer="No"/>
 <type Header="GPIO_InitTypeDef" Icon="1" Type="type" Desc=": struct " DeclFile="D:\WkPjt\MStory2.0\Mango-Z1.Firmware\Libraries\STM32F10x_StdPeriph_Driver\inc\stm32f10x_gpio.h" DeclLine="100" Pointer="No"/>
 <type Header="USART_InitTypeDef" Icon="1" Type="type" Desc=": struct " DeclFile="D:\WkPjt\MStory2.0\Mango-Z1.Firmware\Libraries\STM32F10x_StdPeriph_Driver\inc\stm32f10x_usart.h" DeclLine="75" Pointer="No"/>
 <type Header="NVIC_InitTypeDef" Icon="1" Type="type" Desc=": struct " DeclFile="D:\WkPjt\MStory2.0\Mango-Z1.Firmware\Libraries\STM32F10x_StdPeriph_Driver\inc\misc.h" DeclLine="67" Pointer="No"/>
 <func Header="Delay" Icon="3" Type="func" Desc=":   void" DeclFile="D:\WkPjt\MStory2.0\Mango-Z1.Firmware\Z1.Src005.KeyInterrupt_for_AN2557.IAP\src\hw_config.c" DeclLine="208"/>
 <func Header="delay_100_milli_second" Icon="3" Type="func" Desc=":   void" DeclFile="D:\WkPjt\MStory2.0\Mango-Z1.Firmware\Z1.Src005.KeyInterrupt_for_AN2557.IAP\src\hw_config.c" DeclLine="34"/>
 <func Header="delay_1_second" Icon="3" Type="func" Desc=":   void" DeclFile="D:\WkPjt\MStory2.0\Mango-Z1.Firmware\Z1.Src005.KeyInterrupt_for_AN2557.IAP\src\hw_config.c" DeclLine="29"/>
 <func Header="TimingDelay_Decrement" Icon="3" Type="func" Desc=":   void" DeclFile="D:\WkPjt\MStory2.0\Mango-Z1.Firmware\Z1.Src005.KeyInterrupt_for_AN2557.IAP\src\hw_config.c" DeclLine="220"/>
 <func Header="USART_GetCharacter" Icon="3" Type="func" Desc=":   unsigned char" DeclFile="D:\WkPjt\MStory2.0\Mango-Z1.Firmware\Z1.Src005.KeyInterrupt_for_AN2557.IAP\src\hw_config.c" DeclLine="251"/>
 <func Header="__io_putchar" Icon="3" Type="func" Desc=":   long" DeclFile="D:\WkPjt\MStory2.0\Mango-Z1.Firmware\Z1.Src005.KeyInterrupt_for_AN2557.IAP\src\hw_config.c" DeclLine="234"/>
 <func Header="EXTI_Configuration" Icon="3" Type="func" Desc=":   void" DeclFile="D:\WkPjt\MStory2.0\Mango-Z1.Firmware\Z1.Src005.KeyInterrupt_for_AN2557.IAP\src\hw_config.c" DeclLine="176"/>
 <func Header="GPIO_Configuration" Icon="3" Type="func" Desc=":   void" DeclFile="D:\WkPjt\MStory2.0\Mango-Z1.Firmware\Z1.Src005.KeyInterrupt_for_AN2557.IAP\src\hw_config.c" DeclLine="136"/>
 <func Header="NVIC_Configuration" Icon="3" Type="func" Desc=":   void" DeclFile="D:\WkPjt\MStory2.0\Mango-Z1.Firmware\Z1.Src005.KeyInterrupt_for_AN2557.IAP\src\hw_config.c" DeclLine="100"/>
 <func Header="RCC_Configuration" Icon="3" Type="func" Desc=":   void" DeclFile="D:\WkPjt\MStory2.0\Mango-Z1.Firmware\Z1.Src005.KeyInterrupt_for_AN2557.IAP\src\hw_config.c" DeclLine="79"/>
 <func Header="USART1_Init" Icon="3" Type="func" Desc=":   void" DeclFile="D:\WkPjt\MStory2.0\Mango-Z1.Firmware\Z1.Src005.KeyInterrupt_for_AN2557.IAP\src\hw_config.c" DeclLine="45"/>
 <variable Header="TimingDelay" Icon="2" Type="variable" Desc=":   unsigned long" DeclFile="D:\WkPjt\MStory2.0\Mango-Z1.Firmware\Z1.Src005.KeyInterrupt_for_AN2557.IAP\src\hw_config.c" DeclLine="24" Pointer="No"/>
 <type Header="uint32_t" Icon="1" Type="type" Desc=": unsigned long" DeclFile="c:\program files\raisonance\ride\arm-gcc\arm-none-eabi\include\stdint.h" DeclLine="84" Pointer="No"/>
 <func Header="LED_Off_Blue" Icon="3" Type="func" Desc=":   void" DeclFile="D:\WkPjt\MStory2.0\Mango-Z1.Firmware\Z1.Src005.KeyInterrupt_for_AN2557.IAP\src\led.c" DeclLine="48"/>
 <func Header="LED_Off_Yellow" Icon="3" Type="func" Desc=":   void" DeclFile="D:\WkPjt\MStory2.0\Mango-Z1.Firmware\Z1.Src005.KeyInterrupt_for_AN2557.IAP\src\led.c" DeclLine="38"/>
 <func Header="LED_Off_Red" Icon="3" Type="func" Desc=":   void" DeclFile="D:\WkPjt\MStory2.0\Mango-Z1.Firmware\Z1.Src005.KeyInterrupt_for_AN2557.IAP\src\led.c" DeclLine="28"/>
 <func Header="LED_Off_All" Icon="3" Type="func" Desc=":   void" DeclFile="D:\WkPjt\MStory2.0\Mango-Z1.Firmware\Z1.Src005.KeyInterrupt_for_AN2557.IAP\src\led.c" DeclLine="60"/>
 <func Header="LED_On_Blue" Icon="3" Type="func" Desc=":   void" DeclFile="D:\WkPjt\MStory2.0\Mango-Z1.Firmware\Z1.Src005.KeyInterrupt_for_AN2557.IAP\src\led.c" DeclLine="43"/>
 <func Header="LED_On_Yellow" Icon="3" Type="func" Desc=":   void" DeclFile="D:\WkPjt\MStory2.0\Mango-Z1.Firmware\Z1.Src005.KeyInterrupt_for_AN2557.IAP\src\led.c" DeclLine="33"/>
 <func Header="LED_On_Red" Icon="3" Type="func" Desc=":   void" DeclFile="D:\WkPjt\MStory2.0\Mango-Z1.Firmware\Z1.Src005.KeyInterrupt_for_AN2557.IAP\src\led.c" DeclLine="23"/>
 <func Header="LED_OnOffAll_Mult" Icon="3" Type="func" Desc=":   void" DeclFile="D:\WkPjt\MStory2.0\Mango-Z1.Firmware\Z1.Src005.KeyInterrupt_for_AN2557.IAP\src\led.c" DeclLine="67"/>
 <func Header="LED_On_All" Icon="3" Type="func" Desc=":   void" DeclFile="D:\WkPjt\MStory2.0\Mango-Z1.Firmware\Z1.Src005.KeyInterrupt_for_AN2557.IAP\src\led.c" DeclLine="53"/>
 <func Header="LED_Test" Icon="3" Type="func" Desc=":   void" DeclFile="D:\WkPjt\MStory2.0\Mango-Z1.Firmware\Z1.Src005.KeyInterrupt_for_AN2557.IAP\src\led.c" DeclLine="88"/>
 <type Header="uint8_t" Icon="1" Type="type" Desc=": unsigned char" DeclFile="c:\program files\raisonance\ride\arm-gcc\arm-none-eabi\include\stdint.h" DeclLine="46" Pointer="No"/>
 <type Header="uint32_t" Icon="1" Type="type" Desc=": unsigned long" DeclFile="c:\program files\raisonance\ride\arm-gcc\arm-none-eabi\include\stdint.h" DeclLine="84" Pointer="No"/>
 <func Header="assert_failed" Icon="3" Type="func" Desc=":   void" DeclFile="D:\WkPjt\MStory2.0\Mango-Z1.Firmware\Z1.Src005.KeyInterrupt_for_AN2557.IAP\src\debug.c" DeclLine="61"/>
 <func Header="DebugMsg_FunctionStart" Icon="3" Type="func" Desc=":   void" DeclFile="D:\WkPjt\MStory2.0\Mango-Z1.Firmware\Z1.Src005.KeyInterrupt_for_AN2557.IAP\src\debug.c" DeclLine="17"/>
 <type Header="uint32_t" Icon="1" Type="type" Desc=": unsigned long" DeclFile="c:\program files\raisonance\ride\arm-gcc\arm-none-eabi\include\stdint.h" DeclLine="84" Pointer="No"/>
 <func Header="KEY_Test" Icon="3" Type="func" Desc=":   void" DeclFile="D:\WkPjt\MStory2.0\Mango-Z1.Firmware\Z1.Src005.KeyInterrupt_for_AN2557.IAP\src\key.c" DeclLine="28"/>
 <func Header="NMI_Handler" Icon="3" Type="func" Desc=":   void" DeclFile="D:\WkPjt\MStory2.0\Mango-Z1.Firmware\Z1.Src005.KeyInterrupt_for_AN2557.IAP\src\stm32f10x_it.c" DeclLine="47"/>
 <func Header="HardFault_Handler" Icon="3" Type="func" Desc=":   void" DeclFile="D:\WkPjt\MStory2.0\Mango-Z1.Firmware\Z1.Src005.KeyInterrupt_for_AN2557.IAP\src\stm32f10x_it.c" DeclLine="56"/>
 <func Header="MemManage_Handler" Icon="3" Type="func" Desc=":   void" DeclFile="D:\WkPjt\MStory2.0\Mango-Z1.Firmware\Z1.Src005.KeyInterrupt_for_AN2557.IAP\src\stm32f10x_it.c" DeclLine="69"/>
 <func Header="BusFault_Handler" Icon="3" Type="func" Desc=":   void" DeclFile="D:\WkPjt\MStory2.0\Mango-Z1.Firmware\Z1.Src005.KeyInterrupt_for_AN2557.IAP\src\stm32f10x_it.c" DeclLine="82"/>
 <func Header="UsageFault_Handler" Icon="3" Type="func" Desc=":   void" DeclFile="D:\WkPjt\MStory2.0\Mango-Z1.Firmware\Z1.Src005.KeyInterrupt_for_AN2557.IAP\src\stm32f10x_it.c" DeclLine="95"/>
 <func Header="SVC_Handler" Icon="3" Type="func" Desc=":   void" DeclFile="D:\WkPjt\MStory2.0\Mango-Z1.Firmware\Z1.Src005.KeyInterrupt_for_AN2557.IAP\src\stm32f10x_it.c" DeclLine="108"/>
 <func Header="DebugMon_Handler" Icon="3" Type="func" Desc=":   void" DeclFile="D:\WkPjt\MStory2.0\Mango-Z1.Firmware\Z1.Src005.KeyInterrupt_for_AN2557.IAP\src\stm32f10x_it.c" DeclLine="117"/>
 <func Header="PendSV_Handler" Icon="3" Type="func" Desc=":   void" DeclFile="D:\WkPjt\MStory2.0\Mango-Z1.Firmware\Z1.Src005.KeyInterrupt_for_AN2557.IAP\src\stm32f10x_it.c" DeclLine="126"/>
 <func Header="WWDG_IRQHandler" Icon="3" Type="func" Desc=":   void" DeclFile="D:\WkPjt\MStory2.0\Mango-Z1.Firmware\Z1.Src005.KeyInterrupt_for_AN2557.IAP\src\stm32f10x_it.c" DeclLine="154"/>
 <func Header="PVD_IRQHandler" Icon="3" Type="func" Desc=":   void" DeclFile="D:\WkPjt\MStory2.0\Mango-Z1.Firmware\Z1.Src005.KeyInterrupt_for_AN2557.IAP\src\stm32f10x_it.c" DeclLine="165"/>
 <func Header="TAMPER_IRQHandler" Icon="3" Type="func" Desc=":   void" DeclFile="D:\WkPjt\MStory2.0\Mango-Z1.Firmware\Z1.Src005.KeyInterrupt_for_AN2557.IAP\src\stm32f10x_it.c" DeclLine="176"/>
 <func Header="RTC_IRQHandler" Icon="3" Type="func" Desc=":   void" DeclFile="D:\WkPjt\MStory2.0\Mango-Z1.Firmware\Z1.Src005.KeyInterrupt_for_AN2557.IAP\src\stm32f10x_it.c" DeclLine="187"/>
 <func Header="FLASH_IRQHandler" Icon="3" Type="func" Desc=":   void" DeclFile="D:\WkPjt\MStory2.0\Mango-Z1.Firmware\Z1.Src005.KeyInterrupt_for_AN2557.IAP\src\stm32f10x_it.c" DeclLine="198"/>
 <func Header="RCC_IRQHandler" Icon="3" Type="func" Desc=":   void" DeclFile="D:\WkPjt\MStory2.0\Mango-Z1.Firmware\Z1.Src005.KeyInterrupt_for_AN2557.IAP\src\stm32f10x_it.c" DeclLine="209"/>
 <func Header="EXTI2_IRQHandler" Icon="3" Type="func" Desc=":   void" DeclFile="D:\WkPjt\MStory2.0\Mango-Z1.Firmware\Z1.Src005.KeyInterrupt_for_AN2557.IAP\src\stm32f10x_it.c" DeclLine="250"/>
 <func Header="EXTI3_IRQHandler" Icon="3" Type="func" Desc=":   void" DeclFile="D:\WkPjt\MStory2.0\Mango-Z1.Firmware\Z1.Src005.KeyInterrupt_for_AN2557.IAP\src\stm32f10x_it.c" DeclLine="261"/>
 <func Header="EXTI4_IRQHandler" Icon="3" Type="func" Desc=":   void" DeclFile="D:\WkPjt\MStory2.0\Mango-Z1.Firmware\Z1.Src005.KeyInterrupt_for_AN2557.IAP\src\stm32f10x_it.c" DeclLine="272"/>
 <func Header="DMA1_Channel1_IRQHandler" Icon="3" Type="func" Desc=":   void" DeclFile="D:\WkPjt\MStory2.0\Mango-Z1.Firmware\Z1.Src005.KeyInterrupt_for_AN2557.IAP\src\stm32f10x_it.c" DeclLine="283"/>
 <func Header="DMA1_Channel2_IRQHandler" Icon="3" Type="func" Desc=":   void" DeclFile="D:\WkPjt\MStory2.0\Mango-Z1.Firmware\Z1.Src005.KeyInterrupt_for_AN2557.IAP\src\stm32f10x_it.c" DeclLine="294"/>
 <func Header="DMA1_Channel3_IRQHandler" Icon="3" Type="func" Desc=":   void" DeclFile="D:\WkPjt\MStory2.0\Mango-Z1.Firmware\Z1.Src005.KeyInterrupt_for_AN2557.IAP\src\stm32f10x_it.c" DeclLine="305"/>
 <func Header="DMA1_Channel4_IRQHandler" Icon="3" Type="func" Desc=":   void" DeclFile="D:\WkPjt\MStory2.0\Mango-Z1.Firmware\Z1.Src005.KeyInterrupt_for_AN2557.IAP\src\stm32f10x_it.c" DeclLine="316"/>
 <func Header="DMA1_Channel5_IRQHandler" Icon="3" Type="func" Desc=":   void" DeclFile="D:\WkPjt\MStory2.0\Mango-Z1.Firmware\Z1.Src005.KeyInterrupt_for_AN2557.IAP\src\stm32f10x_it.c" DeclLine="327"/>
 <func Header="DMA1_Channel6_IRQHandler" Icon="3" Type="func" Desc=":   void" DeclFile="D:\WkPjt\MStory2.0\Mango-Z1.Firmware\Z1.Src005.KeyInterrupt_for_AN2557.IAP\src\stm32f10x_it.c" DeclLine="338"/>
 <func Header="DMA1_Channel7_IRQHandler" Icon="3" Type="func" Desc=":   void" DeclFile="D:\WkPjt\MStory2.0\Mango-Z1.Firmware\Z1.Src005.KeyInterrupt_for_AN2557.IAP\src\stm32f10x_it.c" DeclLine="349"/>
 <func Header="ADC1_2_IRQHandler" Icon="3" Type="func" Desc=":   void" DeclFile="D:\WkPjt\MStory2.0\Mango-Z1.Firmware\Z1.Src005.KeyInterrupt_for_AN2557.IAP\src\stm32f10x_it.c" DeclLine="360"/>
 <func Header="USB_HP_CAN1_TX_IRQHandler" Icon="3" Type="func" Desc=":   void" DeclFile="D:\WkPjt\MStory2.0\Mango-Z1.Firmware\Z1.Src005.KeyInterrupt_for_AN2557.IAP\src\stm32f10x_it.c" DeclLine="372"/>
 <func Header="USB_LP_CAN1_RX0_IRQHandler" Icon="3" Type="func" Desc=":   void" DeclFile="D:\WkPjt\MStory2.0\Mango-Z1.Firmware\Z1.Src005.KeyInterrupt_for_AN2557.IAP\src\stm32f10x_it.c" DeclLine="384"/>
 <func Header="CAN1_RX1_IRQHandler" Icon="3" Type="func" Desc=":   void" DeclFile="D:\WkPjt\MStory2.0\Mango-Z1.Firmware\Z1.Src005.KeyInterrupt_for_AN2557.IAP\src\stm32f10x_it.c" DeclLine="395"/>
 <func Header="CAN1_SCE_IRQHandler" Icon="3" Type="func" Desc=":   void" DeclFile="D:\WkPjt\MStory2.0\Mango-Z1.Firmware\Z1.Src005.KeyInterrupt_for_AN2557.IAP\src\stm32f10x_it.c" DeclLine="406"/>
 <func Header="EXTI9_5_IRQHandler" Icon="3" Type="func" Desc=":   void" DeclFile="D:\WkPjt\MStory2.0\Mango-Z1.Firmware\Z1.Src005.KeyInterrupt_for_AN2557.IAP\src\stm32f10x_it.c" DeclLine="417"/>
 <func Header="TIM1_BRK_IRQHandler" Icon="3" Type="func" Desc=":   void" DeclFile="D:\WkPjt\MStory2.0\Mango-Z1.Firmware\Z1.Src005.KeyInterrupt_for_AN2557.IAP\src\stm32f10x_it.c" DeclLine="428"/>
 <func Header="TIM1_UP_IRQHandler" Icon="3" Type="func" Desc=":   void" DeclFile="D:\WkPjt\MStory2.0\Mango-Z1.Firmware\Z1.Src005.KeyInterrupt_for_AN2557.IAP\src\stm32f10x_it.c" DeclLine="440"/>
 <func Header="TIM1_TRG_COM_IRQHandler" Icon="3" Type="func" Desc=":   void" DeclFile="D:\WkPjt\MStory2.0\Mango-Z1.Firmware\Z1.Src005.KeyInterrupt_for_AN2557.IAP\src\stm32f10x_it.c" DeclLine="452"/>
 <func Header="TIM1_CC_IRQHandler" Icon="3" Type="func" Desc=":   void" DeclFile="D:\WkPjt\MStory2.0\Mango-Z1.Firmware\Z1.Src005.KeyInterrupt_for_AN2557.IAP\src\stm32f10x_it.c" DeclLine="463"/>
 <func Header="TIM2_IRQHandler" Icon="3" Type="func" Desc=":   void" DeclFile="D:\WkPjt\MStory2.0\Mango-Z1.Firmware\Z1.Src005.KeyInterrupt_for_AN2557.IAP\src\stm32f10x_it.c" DeclLine="474"/>
 <func Header="TIM3_IRQHandler" Icon="3" Type="func" Desc=":   void" DeclFile="D:\WkPjt\MStory2.0\Mango-Z1.Firmware\Z1.Src005.KeyInterrupt_for_AN2557.IAP\src\stm32f10x_it.c" DeclLine="485"/>
 <func Header="TIM4_IRQHandler" Icon="3" Type="func" Desc=":   void" DeclFile="D:\WkPjt\MStory2.0\Mango-Z1.Firmware\Z1.Src005.KeyInterrupt_for_AN2557.IAP\src\stm32f10x_it.c" DeclLine="496"/>
 <func Header="I2C1_EV_IRQHandler" Icon="3" Type="func" Desc=":   void" DeclFile="D:\WkPjt\MStory2.0\Mango-Z1.Firmware\Z1.Src005.KeyInterrupt_for_AN2557.IAP\src\stm32f10x_it.c" DeclLine="507"/>
 <func Header="I2C1_ER_IRQHandler" Icon="3" Type="func" Desc=":   void" DeclFile="D:\WkPjt\MStory2.0\Mango-Z1.Firmware\Z1.Src005.KeyInterrupt_for_AN2557.IAP\src\stm32f10x_it.c" DeclLine="518"/>
 <func Header="I2C2_EV_IRQHandler" Icon="3" Type="func" Desc=":   void" DeclFile="D:\WkPjt\MStory2.0\Mango-Z1.Firmware\Z1.Src005.KeyInterrupt_for_AN2557.IAP\src\stm32f10x_it.c" DeclLine="529"/>
 <func Header="I2C2_ER_IRQHandler" Icon="3" Type="func" Desc=":   void" DeclFile="D:\WkPjt\MStory2.0\Mango-Z1.Firmware\Z1.Src005.KeyInterrupt_for_AN2557.IAP\src\stm32f10x_it.c" DeclLine="540"/>
 <func Header="SPI1_IRQHandler" Icon="3" Type="func" Desc=":   void" DeclFile="D:\WkPjt\MStory2.0\Mango-Z1.Firmware\Z1.Src005.KeyInterrupt_for_AN2557.IAP\src\stm32f10x_it.c" DeclLine="551"/>
 <func Header="SPI2_IRQHandler" Icon="3" Type="func" Desc=":   void" DeclFile="D:\WkPjt\MStory2.0\Mango-Z1.Firmware\Z1.Src005.KeyInterrupt_for_AN2557.IAP\src\stm32f10x_it.c" DeclLine="562"/>
 <func Header="USART1_IRQHandler" Icon="3" Type="func" Desc=":   void" DeclFile="D:\WkPjt\MStory2.0\Mango-Z1.Firmware\Z1.Src005.KeyInterrupt_for_AN2557.IAP\src\stm32f10x_it.c" DeclLine="573"/>
 <func Header="USART2_IRQHandler" Icon="3" Type="func" Desc=":   void" DeclFile="D:\WkPjt\MStory2.0\Mango-Z1.Firmware\Z1.Src005.KeyInterrupt_for_AN2557.IAP\src\stm32f10x_it.c" DeclLine="584"/>
 <func Header="USART3_IRQHandler" Icon="3" Type="func" Desc=":   void" DeclFile="D:\WkPjt\MStory2.0\Mango-Z1.Firmware\Z1.Src005.KeyInterrupt_for_AN2557.IAP\src\stm32f10x_it.c" DeclLine="595"/>
 <func Header="EXTI15_10_IRQHandler" Icon="3" Type="func" Desc=":   void" DeclFile="D:\WkPjt\MStory2.0\Mango-Z1.Firmware\Z1.Src005.KeyInterrupt_for_AN2557.IAP\src\stm32f10x_it.c" DeclLine="606"/>
 <func Header="RTCAlarm_IRQHandler" Icon="3" Type="func" Desc=":   void" DeclFile="D:\WkPjt\MStory2.0\Mango-Z1.Firmware\Z1.Src005.KeyInterrupt_for_AN2557.IAP\src\stm32f10x_it.c" DeclLine="617"/>
 <func Header="USBWakeUp_IRQHandler" Icon="3" Type="func" Desc=":   void" DeclFile="D:\WkPjt\MStory2.0\Mango-Z1.Firmware\Z1.Src005.KeyInterrupt_for_AN2557.IAP\src\stm32f10x_it.c" DeclLine="628"/>
 <func Header="EXTI1_IRQHandler" Icon="3" Type="func" Desc=":   void" DeclFile="D:\WkPjt\MStory2.0\Mango-Z1.Firmware\Z1.Src005.KeyInterrupt_for_AN2557.IAP\src\stm32f10x_it.c" DeclLine="235"/>
 <func Header="EXTI0_IRQHandler" Icon="3" Type="func" Desc=":   void" DeclFile="D:\WkPjt\MStory2.0\Mango-Z1.Firmware\Z1.Src005.KeyInterrupt_for_AN2557.IAP\src\stm32f10x_it.c" DeclLine="220"/>
 <func Header="SysTick_Handler" Icon="3" Type="func" Desc=":   void" DeclFile="D:\WkPjt\MStory2.0\Mango-Z1.Firmware\Z1.Src005.KeyInterrupt_for_AN2557.IAP\src\stm32f10x_it.c" DeclLine="135"/>
 <type Header="uint8_t" Icon="1" Type="type" Desc=": unsigned char" DeclFile="c:\program files\raisonance\ride\arm-gcc\arm-none-eabi\include\stdint.h" DeclLine="46" Pointer="No"/>
 <type Header="uint16_t" Icon="1" Type="type" Desc=": unsigned int" DeclFile="c:\program files\raisonance\ride\arm-gcc\arm-none-eabi\include\stdint.h" DeclLine="58" Pointer="No"/>
 <type Header="uint32_t" Icon="1" Type="type" Desc=": unsigned long" DeclFile="c:\program files\raisonance\ride\arm-gcc\arm-none-eabi\include\stdint.h" DeclLine="84" Pointer="No"/>
 <type Header="FlagStatus" Icon="1" Type="type" Desc=": unsigned char" DeclFile="D:\WkPjt\MStory2.0\Mango-Z1.Firmware\Libraries\CMSIS\Core\CM3\stm32f10x.h" DeclLine="352" Pointer="No"/>
 <type Header="ITStatus" Icon="1" Type="type" Desc=": unsigned char" DeclFile="D:\WkPjt\MStory2.0\Mango-Z1.Firmware\Libraries\CMSIS\Core\CM3\stm32f10x.h" DeclLine="352" Pointer="No"/>
 <type Header="FunctionalState" Icon="1" Type="type" Desc=": unsigned char" DeclFile="D:\WkPjt\MStory2.0\Mango-Z1.Firmware\Libraries\CMSIS\Core\CM3\stm32f10x.h" DeclLine="354" Pointer="No"/>
 <type Header="USART_TypeDef" Icon="1" Type="type" Desc=": struct " DeclFile="D:\WkPjt\MStory2.0\Mango-Z1.Firmware\Libraries\CMSIS\Core\CM3\stm32f10x.h" DeclLine="1046" Pointer="No"/>
 <type Header="RCC_ClocksTypeDef" Icon="1" Type="type" Desc=": struct " DeclFile="D:\WkPjt\MStory2.0\Mango-Z1.Firmware\Libraries\STM32F10x_StdPeriph_Driver\inc\stm32f10x_rcc.h" DeclLine="52" Pointer="No"/>
 <type Header="USART_InitTypeDef" Icon="1" Type="type" Desc=": struct " DeclFile="D:\WkPjt\MStory2.0\Mango-Z1.Firmware\Libraries\STM32F10x_StdPeriph_Driver\inc\stm32f10x_usart.h" DeclLine="75" Pointer="No"/>
 <type Header="USART_ClockInitTypeDef" Icon="1" Type="type" Desc=": struct " DeclFile="D:\WkPjt\MStory2.0\Mango-Z1.Firmware\Libraries\STM32F10x_StdPeriph_Driver\inc\stm32f10x_usart.h" DeclLine="96" Pointer="No"/>
 <func Header="USART_GetFlagStatus" Icon="3" Type="func" Desc=":   unsigned char" DeclFile="D:\WkPjt\MStory2.0\Mango-Z1.Firmware\Libraries\STM32F10x_StdPeriph_Driver\src\stm32f10x_usart.c" DeclLine="784"/>
 <func Header="USART_ReceiveData" Icon="3" Type="func" Desc=":   unsigned int" DeclFile="D:\WkPjt\MStory2.0\Mango-Z1.Firmware\Libraries\STM32F10x_StdPeriph_Driver\src\stm32f10x_usart.c" DeclLine="577"/>
 <func Header="USART_SendData" Icon="3" Type="func" Desc=":   void" DeclFile="D:\WkPjt\MStory2.0\Mango-Z1.Firmware\Libraries\STM32F10x_StdPeriph_Driver\src\stm32f10x_usart.c" DeclLine="560"/>
 <func Header="USART_Cmd" Icon="3" Type="func" Desc=":   void" DeclFile="D:\WkPjt\MStory2.0\Mango-Z1.Firmware\Libraries\STM32F10x_StdPeriph_Driver\src\stm32f10x_usart.c" DeclLine="320"/>
 <func Header="USART_Init" Icon="3" Type="func" Desc=":   void" DeclFile="D:\WkPjt\MStory2.0\Mango-Z1.Firmware\Libraries\STM32F10x_StdPeriph_Driver\src\stm32f10x_usart.c" DeclLine="166"/>
 <type Header="uint8_t" Icon="1" Type="type" Desc=": unsigned char" DeclFile="c:\program files\raisonance\ride\arm-gcc\arm-none-eabi\include\stdint.h" DeclLine="46" Pointer="No"/>
 <type Header="uint16_t" Icon="1" Type="type" Desc=": unsigned int" DeclFile="c:\program files\raisonance\ride\arm-gcc\arm-none-eabi\include\stdint.h" DeclLine="58" Pointer="No"/>
 <type Header="uint32_t" Icon="1" Type="type" Desc=": unsigned long" DeclFile="c:\program files\raisonance\ride\arm-gcc\arm-none-eabi\include\stdint.h" DeclLine="84" Pointer="No"/>
 <type Header="FunctionalState" Icon="1" Type="type" Desc=": unsigned char" DeclFile="D:\WkPjt\MStory2.0\Mango-Z1.Firmware\Libraries\CMSIS\Core\CM3\stm32f10x.h" DeclLine="354" Pointer="No"/>
 <type Header="GPIO_TypeDef" Icon="1" Type="type" Desc=": struct " DeclFile="D:\WkPjt\MStory2.0\Mango-Z1.Firmware\Libraries\CMSIS\Core\CM3\stm32f10x.h" DeclLine="814" Pointer="No"/>
 <type Header="GPIOSpeed_TypeDef" Icon="1" Type="type" Desc=": unsigned char" DeclFile="D:\WkPjt\MStory2.0\Mango-Z1.Firmware\Libraries\STM32F10x_StdPeriph_Driver\inc\stm32f10x_gpio.h" DeclLine="62" Pointer="No"/>
 <type Header="GPIOMode_TypeDef" Icon="1" Type="type" Desc=": unsigned char" DeclFile="D:\WkPjt\MStory2.0\Mango-Z1.Firmware\Libraries\STM32F10x_StdPeriph_Driver\inc\stm32f10x_gpio.h" DeclLine="79" Pointer="No"/>
 <type Header="GPIO_InitTypeDef" Icon="1" Type="type" Desc=": struct " DeclFile="D:\WkPjt\MStory2.0\Mango-Z1.Firmware\Libraries\STM32F10x_StdPeriph_Driver\inc\stm32f10x_gpio.h" DeclLine="100" Pointer="No"/>
 <type Header="BitAction" Icon="1" Type="type" Desc=": unsigned char" DeclFile="D:\WkPjt\MStory2.0\Mango-Z1.Firmware\Libraries\STM32F10x_StdPeriph_Driver\inc\stm32f10x_gpio.h" DeclLine="110" Pointer="No"/>
 <func Header="GPIO_EXTILineConfig" Icon="3" Type="func" Desc=":   void" DeclFile="D:\WkPjt\MStory2.0\Mango-Z1.Firmware\Libraries\STM32F10x_StdPeriph_Driver\src\stm32f10x_gpio.c" DeclLine="577"/>
 <func Header="GPIO_ResetBits" Icon="3" Type="func" Desc=":   void" DeclFile="D:\WkPjt\MStory2.0\Mango-Z1.Firmware\Libraries\STM32F10x_StdPeriph_Driver\src\stm32f10x_gpio.c" DeclLine="374"/>
 <func Header="GPIO_SetBits" Icon="3" Type="func" Desc=":   void" DeclFile="D:\WkPjt\MStory2.0\Mango-Z1.Firmware\Libraries\STM32F10x_StdPeriph_Driver\src\stm32f10x_gpio.c" DeclLine="358"/>
 <func Header="GPIO_ReadInputDataBit" Icon="3" Type="func" Desc=":   unsigned char" DeclFile="D:\WkPjt\MStory2.0\Mango-Z1.Firmware\Libraries\STM32F10x_StdPeriph_Driver\src\stm32f10x_gpio.c" DeclLine="281"/>
 <func Header="GPIO_Init" Icon="3" Type="func" Desc=":   void" DeclFile="D:\WkPjt\MStory2.0\Mango-Z1.Firmware\Libraries\STM32F10x_StdPeriph_Driver\src\stm32f10x_gpio.c" DeclLine="173"/>
 <type Header="uint8_t" Icon="1" Type="type" Desc=": unsigned char" DeclFile="c:\program files\raisonance\ride\arm-gcc\arm-none-eabi\include\stdint.h" DeclLine="46" Pointer="No"/>
 <type Header="uint32_t" Icon="1" Type="type" Desc=": unsigned long" DeclFile="c:\program files\raisonance\ride\arm-gcc\arm-none-eabi\include\stdint.h" DeclLine="84" Pointer="No"/>
 <type Header="FlagStatus" Icon="1" Type="type" Desc=": unsigned char" DeclFile="D:\WkPjt\MStory2.0\Mango-Z1.Firmware\Libraries\CMSIS\Core\CM3\stm32f10x.h" DeclLine="352" Pointer="No"/>
 <type Header="ITStatus" Icon="1" Type="type" Desc=": unsigned char" DeclFile="D:\WkPjt\MStory2.0\Mango-Z1.Firmware\Libraries\CMSIS\Core\CM3\stm32f10x.h" DeclLine="352" Pointer="No"/>
 <type Header="FunctionalState" Icon="1" Type="type" Desc=": unsigned char" DeclFile="D:\WkPjt\MStory2.0\Mango-Z1.Firmware\Libraries\CMSIS\Core\CM3\stm32f10x.h" DeclLine="354" Pointer="No"/>
 <type Header="ErrorStatus" Icon="1" Type="type" Desc=": unsigned char" DeclFile="D:\WkPjt\MStory2.0\Mango-Z1.Firmware\Libraries\CMSIS\Core\CM3\stm32f10x.h" DeclLine="357" Pointer="No"/>
 <type Header="RCC_ClocksTypeDef" Icon="1" Type="type" Desc=": struct " DeclFile="D:\WkPjt\MStory2.0\Mango-Z1.Firmware\Libraries\STM32F10x_StdPeriph_Driver\inc\stm32f10x_rcc.h" DeclLine="52" Pointer="No"/>
 <func Header="RCC_GetClocksFreq" Icon="3" Type="func" Desc=":   void" DeclFile="D:\WkPjt\MStory2.0\Mango-Z1.Firmware\Libraries\STM32F10x_StdPeriph_Driver\src\stm32f10x_rcc.c" DeclLine="903"/>
 <func Header="RCC_APB2PeriphClockCmd" Icon="3" Type="func" Desc=":   void" DeclFile="D:\WkPjt\MStory2.0\Mango-Z1.Firmware\Libraries\STM32F10x_StdPeriph_Driver\src\stm32f10x_rcc.c" DeclLine="1077"/>
 <variable Header="APBAHBPrescTable" Icon="2" Type="variable" Desc=":   unsigned char[16]" DeclFile="D:\WkPjt\MStory2.0\Mango-Z1.Firmware\Libraries\STM32F10x_StdPeriph_Driver\src\stm32f10x_rcc.c" DeclLine="200" Pointer="No"/>
 <variable Header="ADCPrescTable" Icon="2" Type="variable" Desc=":   unsigned char[4]" DeclFile="D:\WkPjt\MStory2.0\Mango-Z1.Firmware\Libraries\STM32F10x_StdPeriph_Driver\src\stm32f10x_rcc.c" DeclLine="201" Pointer="No"/>
 <type Header="uint8_t" Icon="1" Type="type" Desc=": unsigned char" DeclFile="c:\program files\raisonance\ride\arm-gcc\arm-none-eabi\include\stdint.h" DeclLine="46" Pointer="No"/>
 <type Header="uint32_t" Icon="1" Type="type" Desc=": unsigned long" DeclFile="c:\program files\raisonance\ride\arm-gcc\arm-none-eabi\include\stdint.h" DeclLine="84" Pointer="No"/>
 <type Header="FunctionalState" Icon="1" Type="type" Desc=": unsigned char" DeclFile="D:\WkPjt\MStory2.0\Mango-Z1.Firmware\Libraries\CMSIS\Core\CM3\stm32f10x.h" DeclLine="354" Pointer="No"/>
 <type Header="NVIC_InitTypeDef" Icon="1" Type="type" Desc=": struct " DeclFile="D:\WkPjt\MStory2.0\Mango-Z1.Firmware\Libraries\STM32F10x_StdPeriph_Driver\inc\misc.h" DeclLine="67" Pointer="No"/>
 <func Header="NVIC_SetVectorTable" Icon="3" Type="func" Desc=":   void" DeclFile="D:\WkPjt\MStory2.0\Mango-Z1.Firmware\Libraries\STM32F10x_StdPeriph_Driver\src\misc.c" DeclLine="155"/>
 <func Header="NVIC_Init" Icon="3" Type="func" Desc=":   void" DeclFile="D:\WkPjt\MStory2.0\Mango-Z1.Firmware\Libraries\STM32F10x_StdPeriph_Driver\src\misc.c" DeclLine="112"/>
 <func Header="NVIC_PriorityGroupConfig" Icon="3" Type="func" Desc=":   void" DeclFile="D:\WkPjt\MStory2.0\Mango-Z1.Firmware\Libraries\STM32F10x_StdPeriph_Driver\src\misc.c" DeclLine="96"/>
 <type Header="uint32_t" Icon="1" Type="type" Desc=": unsigned long" DeclFile="c:\program files\raisonance\ride\arm-gcc\arm-none-eabi\include\stdint.h" DeclLine="84" Pointer="No"/>
 <type Header="FlagStatus" Icon="1" Type="type" Desc=": unsigned char" DeclFile="D:\WkPjt\MStory2.0\Mango-Z1.Firmware\Libraries\CMSIS\Core\CM3\stm32f10x.h" DeclLine="352" Pointer="No"/>
 <type Header="ITStatus" Icon="1" Type="type" Desc=": unsigned char" DeclFile="D:\WkPjt\MStory2.0\Mango-Z1.Firmware\Libraries\CMSIS\Core\CM3\stm32f10x.h" DeclLine="352" Pointer="No"/>
 <type Header="FunctionalState" Icon="1" Type="type" Desc=": unsigned char" DeclFile="D:\WkPjt\MStory2.0\Mango-Z1.Firmware\Libraries\CMSIS\Core\CM3\stm32f10x.h" DeclLine="354" Pointer="No"/>
 <type Header="EXTIMode_TypeDef" Icon="1" Type="type" Desc=": unsigned char" DeclFile="D:\WkPjt\MStory2.0\Mango-Z1.Firmware\Libraries\STM32F10x_StdPeriph_Driver\inc\stm32f10x_exti.h" DeclLine="53" Pointer="No"/>
 <type Header="EXTITrigger_TypeDef" Icon="1" Type="type" Desc=": unsigned char" DeclFile="D:\WkPjt\MStory2.0\Mango-Z1.Firmware\Libraries\STM32F10x_StdPeriph_Driver\inc\stm32f10x_exti.h" DeclLine="66" Pointer="No"/>
 <type Header="EXTI_InitTypeDef" Icon="1" Type="type" Desc=": struct " DeclFile="D:\WkPjt\MStory2.0\Mango-Z1.Firmware\Libraries\STM32F10x_StdPeriph_Driver\inc\stm32f10x_exti.h" DeclLine="88" Pointer="No"/>
 <func Header="EXTI_ClearITPendingBit" Icon="3" Type="func" Desc=":   void" DeclFile="D:\WkPjt\MStory2.0\Mango-Z1.Firmware\Libraries\STM32F10x_StdPeriph_Driver\src\stm32f10x_exti.c" DeclLine="249"/>
 <func Header="EXTI_GetITStatus" Icon="3" Type="func" Desc=":   unsigned char" DeclFile="D:\WkPjt\MStory2.0\Mango-Z1.Firmware\Libraries\STM32F10x_StdPeriph_Driver\src\stm32f10x_exti.c" DeclLine="224"/>
 <func Header="EXTI_Init" Icon="3" Type="func" Desc=":   void" DeclFile="D:\WkPjt\MStory2.0\Mango-Z1.Firmware\Libraries\STM32F10x_StdPeriph_Driver\src\stm32f10x_exti.c" DeclLine="101"/>
 <type Header="uint32_t" Icon="1" Type="type" Desc=": unsigned long" DeclFile="c:\program files\raisonance\ride\arm-gcc\arm-none-eabi\include\stdint.h" DeclLine="84" Pointer="No"/>
 <func Header="SystemInit" Icon="3" Type="func" Desc=":   void" DeclFile="D:\WkPjt\MStory2.0\Mango-Z1.Firmware\Libraries\CMSIS\Core\CM3\system_stm32f10x.c" DeclLine="188"/>
 <variable Header="SystemFrequency" Icon="2" Type="variable" Desc=":   unsigned long" DeclFile="D:\WkPjt\MStory2.0\Mango-Z1.Firmware\Libraries\CMSIS\Core\CM3\system_stm32f10x.c" DeclLine="135" Pointer="No"/>
 <variable Header="SystemFrequency_SysClk" Icon="2" Type="variable" Desc=":   unsigned long" DeclFile="D:\WkPjt\MStory2.0\Mango-Z1.Firmware\Libraries\CMSIS\Core\CM3\system_stm32f10x.c" DeclLine="136" Pointer="No"/>
 <variable Header="SystemFrequency_AHBClk" Icon="2" Type="variable" Desc=":   unsigned long" DeclFile="D:\WkPjt\MStory2.0\Mango-Z1.Firmware\Libraries\CMSIS\Core\CM3\system_stm32f10x.c" DeclLine="137" Pointer="No"/>
 <variable Header="SystemFrequency_APB1Clk" Icon="2" Type="variable" Desc=":   unsigned long" DeclFile="D:\WkPjt\MStory2.0\Mango-Z1.Firmware\Libraries\CMSIS\Core\CM3\system_stm32f10x.c" DeclLine="138" Pointer="No"/>
 <variable Header="SystemFrequency_APB2Clk" Icon="2" Type="variable" Desc=":   unsigned long" DeclFile="D:\WkPjt\MStory2.0\Mango-Z1.Firmware\Libraries\CMSIS\Core\CM3\system_stm32f10x.c" DeclLine="139" Pointer="No"/>
</aoffile>

