<!-- DWF2XML 2.00.01 - Raisonance Dwarf information extractor -->
<aoffile Header="MStroy2.0" Path="D:\WkPjt\MStory2.0\Mango-Z1.Firmware\Z1.Src005.AN2557.IAP.binary_template\project\RIDE\MStroy2.0.elf">
 <Def>
  <Col Header="DeclFile" Desc="File"/>
  <Col Header="Type" Desc="Type"/>
  <Col Header="Header" Desc="Name"/>
 </Def>
 <func Header="NMI_Handler" Icon="3" Type="func" Desc=":   void" DeclFile="D:\WkPjt\MStory2.0\Mango-Z1.Firmware\Z1.Src005.AN2557.IAP.binary_template\src\stm32f10x_it.c" DeclLine="52"/>
 <func Header="HardFault_Handler" Icon="3" Type="func" Desc=":   void" DeclFile="D:\WkPjt\MStory2.0\Mango-Z1.Firmware\Z1.Src005.AN2557.IAP.binary_template\src\stm32f10x_it.c" DeclLine="61"/>
 <func Header="MemManage_Handler" Icon="3" Type="func" Desc=":   void" DeclFile="D:\WkPjt\MStory2.0\Mango-Z1.Firmware\Z1.Src005.AN2557.IAP.binary_template\src\stm32f10x_it.c" DeclLine="74"/>
 <func Header="BusFault_Handler" Icon="3" Type="func" Desc=":   void" DeclFile="D:\WkPjt\MStory2.0\Mango-Z1.Firmware\Z1.Src005.AN2557.IAP.binary_template\src\stm32f10x_it.c" DeclLine="87"/>
 <func Header="UsageFault_Handler" Icon="3" Type="func" Desc=":   void" DeclFile="D:\WkPjt\MStory2.0\Mango-Z1.Firmware\Z1.Src005.AN2557.IAP.binary_template\src\stm32f10x_it.c" DeclLine="100"/>
 <func Header="SVC_Handler" Icon="3" Type="func" Desc=":   void" DeclFile="D:\WkPjt\MStory2.0\Mango-Z1.Firmware\Z1.Src005.AN2557.IAP.binary_template\src\stm32f10x_it.c" DeclLine="113"/>
 <func Header="DebugMon_Handler" Icon="3" Type="func" Desc=":   void" DeclFile="D:\WkPjt\MStory2.0\Mango-Z1.Firmware\Z1.Src005.AN2557.IAP.binary_template\src\stm32f10x_it.c" DeclLine="122"/>
 <func Header="PendSV_Handler" Icon="3" Type="func" Desc=":   void" DeclFile="D:\WkPjt\MStory2.0\Mango-Z1.Firmware\Z1.Src005.AN2557.IAP.binary_template\src\stm32f10x_it.c" DeclLine="131"/>
 <func Header="SysTick_Handler" Icon="3" Type="func" Desc=":   void" DeclFile="D:\WkPjt\MStory2.0\Mango-Z1.Firmware\Z1.Src005.AN2557.IAP.binary_template\src\stm32f10x_it.c" DeclLine="140"/>
 <type Header="IRQn_Type" Icon="1" Type="type" Desc=": unsigned char" DeclFile="D:\WkPjt\MStory2.0\Mango-Z1.Firmware\Libraries\CMSIS\Core\CM3\stm32f10x.h" DeclLine="301" Pointer="No"/>
 <type Header="uint8_t" Icon="1" Type="type" Desc=": unsigned char" DeclFile="c:\program files\raisonance\ride\arm-gcc\arm-none-eabi\include\stdint.h" DeclLine="46" Pointer="No"/>
 <type Header="uint16_t" Icon="1" Type="type" Desc=": unsigned int" DeclFile="c:\program files\raisonance\ride\arm-gcc\arm-none-eabi\include\stdint.h" DeclLine="58" Pointer="No"/>
 <type Header="uint32_t" Icon="1" Type="type" Desc=": unsigned long" DeclFile="c:\program files\raisonance\ride\arm-gcc\arm-none-eabi\include\stdint.h" DeclLine="84" Pointer="No"/>
 <type Header="USART_InitTypeDef" Icon="1" Type="type" Desc=": struct " DeclFile="D:\WkPjt\MStory2.0\Mango-Z1.Firmware\Libraries\STM32F10x_StdPeriph_Driver\inc\stm32f10x_usart.h" DeclLine="75" Pointer="No"/>
 <func Header="Delay" Icon="3" Type="func" Desc=":   void" DeclFile="D:\WkPjt\MStory2.0\Mango-Z1.Firmware\Z1.Src005.AN2557.IAP.binary_template\src\main.c" DeclLine="150"/>
 <func Header="TimingDelay_Decrement" Icon="3" Type="func" Desc=":   void" DeclFile="D:\WkPjt\MStory2.0\Mango-Z1.Firmware\Z1.Src005.AN2557.IAP.binary_template\src\main.c" DeclLine="162"/>
 <func Header="UART1_Init" Icon="3" Type="func" Desc=":   void" DeclFile="D:\WkPjt\MStory2.0\Mango-Z1.Firmware\Z1.Src005.AN2557.IAP.binary_template\src\main.c" DeclLine="79"/>
 <func Header="main" Icon="3" Type="func" Desc=":   long" DeclFile="D:\WkPjt\MStory2.0\Mango-Z1.Firmware\Z1.Src005.AN2557.IAP.binary_template\src\main.c" DeclLine="107"/>
 <func Header="__io_putchar" Icon="3" Type="func" Desc=":   long" DeclFile="D:\WkPjt\MStory2.0\Mango-Z1.Firmware\Z1.Src005.AN2557.IAP.binary_template\src\main.c" DeclLine="62"/>
 <variable Header="TimingDelay" Icon="2" Type="variable" Desc=":   unsigned long" DeclFile="D:\WkPjt\MStory2.0\Mango-Z1.Firmware\Z1.Src005.AN2557.IAP.binary_template\src\main.c" DeclLine="48" Pointer="No"/>
 <type Header="uint8_t" Icon="1" Type="type" Desc=": unsigned char" DeclFile="c:\program files\raisonance\ride\arm-gcc\arm-none-eabi\include\stdint.h" DeclLine="46" Pointer="No"/>
 <type Header="uint16_t" Icon="1" Type="type" Desc=": unsigned int" DeclFile="c:\program files\raisonance\ride\arm-gcc\arm-none-eabi\include\stdint.h" DeclLine="58" Pointer="No"/>
 <type Header="uint32_t" Icon="1" Type="type" Desc=": unsigned long" DeclFile="c:\program files\raisonance\ride\arm-gcc\arm-none-eabi\include\stdint.h" DeclLine="84" Pointer="No"/>
 <type Header="FunctionalState" Icon="1" Type="type" Desc=": unsigned char" DeclFile="D:\WkPjt\MStory2.0\Mango-Z1.Firmware\Libraries\CMSIS\Core\CM3\stm32f10x.h" DeclLine="354" Pointer="No"/>
 <type Header="GPIO_TypeDef" Icon="1" Type="type" Desc=": struct " DeclFile="D:\WkPjt\MStory2.0\Mango-Z1.Firmware\Libraries\CMSIS\Core\CM3\stm32f10x.h" DeclLine="814" Pointer="No"/>
 <type Header="USART_TypeDef" Icon="1" Type="type" Desc=": struct " DeclFile="D:\WkPjt\MStory2.0\Mango-Z1.Firmware\Libraries\CMSIS\Core\CM3\stm32f10x.h" DeclLine="1046" Pointer="No"/>
 <type Header="EXTIMode_TypeDef" Icon="1" Type="type" Desc=": unsigned char" DeclFile="D:\WkPjt\MStory2.0\Mango-Z1.Firmware\Libraries\STM32F10x_StdPeriph_Driver\inc\stm32f10x_exti.h" DeclLine="53" Pointer="No"/>
 <type Header="EXTITrigger_TypeDef" Icon="1" Type="type" Desc=": unsigned char" DeclFile="D:\WkPjt\MStory2.0\Mango-Z1.Firmware\Libraries\STM32F10x_StdPeriph_Driver\inc\stm32f10x_exti.h" DeclLine="66" Pointer="No"/>
 <type Header="EXTI_InitTypeDef" Icon="1" Type="type" Desc=": struct " DeclFile="D:\WkPjt\MStory2.0\Mango-Z1.Firmware\Libraries\STM32F10x_StdPeriph_Driver\inc\stm32f10x_exti.h" DeclLine="88" Pointer="No"/>
 <type Header="GPIOSpeed_TypeDef" Icon="1" Type="type" Desc=": unsigned char" DeclFile="D:\WkPjt\MStory2.0\Mango-Z1.Firmware\Libraries\STM32F10x_StdPeriph_Driver\inc\stm32f10x_gpio.h" DeclLine="62" Pointer="No"/>
 <type Header="GPIOMode_TypeDef" Icon="1" Type="type" Desc=": unsigned char" DeclFile="D:\WkPjt\MStory2.0\Mango-Z1.Firmware\Libraries\STM32F10x_StdPeriph_Driver\inc\stm32f10x_gpio.h" DeclLine="79" Pointer="No"/>
 <type Header="GPIO_InitTypeDef" Icon="1" Type="type" Desc=": struct " DeclFile="D:\WkPjt\MStory2.0\Mango-Z1.Firmware\Libraries\STM32F10x_StdPeriph_Driver\inc\stm32f10x_gpio.h" DeclLine="100" Pointer="No"/>
 <type Header="USART_InitTypeDef" Icon="1" Type="type" Desc=": struct " DeclFile="D:\WkPjt\MStory2.0\Mango-Z1.Firmware\Libraries\STM32F10x_StdPeriph_Driver\inc\stm32f10x_usart.h" DeclLine="75" Pointer="No"/>
 <type Header="NVIC_InitTypeDef" Icon="1" Type="type" Desc=": struct " DeclFile="D:\WkPjt\MStory2.0\Mango-Z1.Firmware\Libraries\STM32F10x_StdPeriph_Driver\inc\misc.h" DeclLine="67" Pointer="No"/>
 <type Header="Led_TypeDef" Icon="1" Type="type" Desc=": unsigned char" DeclFile="D:\WkPjt\MStory2.0\Mango-Z1.Firmware\Z1.Src005.AN2557.IAP.binary_template\inc\stm32_eval.h" DeclLine="84" Pointer="No"/>
 <type Header="Button_TypeDef" Icon="1" Type="type" Desc=": unsigned char" DeclFile="D:\WkPjt\MStory2.0\Mango-Z1.Firmware\Z1.Src005.AN2557.IAP.binary_template\inc\stm32_eval.h" DeclLine="99" Pointer="No"/>
 <type Header="Button_Mode_TypeDef" Icon="1" Type="type" Desc=": unsigned char" DeclFile="D:\WkPjt\MStory2.0\Mango-Z1.Firmware\Z1.Src005.AN2557.IAP.binary_template\inc\stm32_eval.h" DeclLine="105" Pointer="No"/>
 <type Header="COM_TypeDef" Icon="1" Type="type" Desc=": unsigned char" DeclFile="D:\WkPjt\MStory2.0\Mango-Z1.Firmware\Z1.Src005.AN2557.IAP.binary_template\inc\stm32_eval.h" DeclLine="121" Pointer="No"/>
 <func Header="STM_EVAL_LEDOn" Icon="3" Type="func" Desc=":   void" DeclFile="D:\WkPjt\MStory2.0\Mango-Z1.Firmware\Z1.Src005.AN2557.IAP.binary_template\src\stm32_eval.c" DeclLine="237"/>
 <func Header="STM_EVAL_LEDOff" Icon="3" Type="func" Desc=":   void" DeclFile="D:\WkPjt\MStory2.0\Mango-Z1.Firmware\Z1.Src005.AN2557.IAP.binary_template\src\stm32_eval.c" DeclLine="252"/>
 <func Header="STM_EVAL_LEDInit" Icon="3" Type="func" Desc=":   void" DeclFile="D:\WkPjt\MStory2.0\Mango-Z1.Firmware\Z1.Src005.AN2557.IAP.binary_template\src\stm32_eval.c" DeclLine="212"/>
 <func Header="STM_EVAL_COMInit" Icon="3" Type="func" Desc=":   void" DeclFile="D:\WkPjt\MStory2.0\Mango-Z1.Firmware\Z1.Src005.AN2557.IAP.binary_template\src\stm32_eval.c" DeclLine="365"/>
 <variable Header="GPIO_PORT" Icon="2" Type="variable" Desc=":   struct  CODE*[3]" DeclFile="D:\WkPjt\MStory2.0\Mango-Z1.Firmware\Z1.Src005.AN2557.IAP.binary_template\src\stm32_eval.c" DeclLine="62" Pointer="No"/>
 <variable Header="GPIO_PIN" Icon="2" Type="variable" Desc=":   unsigned int[3]" DeclFile="D:\WkPjt\MStory2.0\Mango-Z1.Firmware\Z1.Src005.AN2557.IAP.binary_template\src\stm32_eval.c" DeclLine="63" Pointer="No"/>
 <variable Header="GPIO_CLK" Icon="2" Type="variable" Desc=":   unsigned long[3]" DeclFile="D:\WkPjt\MStory2.0\Mango-Z1.Firmware\Z1.Src005.AN2557.IAP.binary_template\src\stm32_eval.c" DeclLine="64" Pointer="No"/>
 <variable Header="BUTTON_PORT" Icon="2" Type="variable" Desc=":   struct  CODE*[2]" DeclFile="D:\WkPjt\MStory2.0\Mango-Z1.Firmware\Z1.Src005.AN2557.IAP.binary_template\src\stm32_eval.c" DeclLine="104" Pointer="No"/>
 <variable Header="BUTTON_PIN" Icon="2" Type="variable" Desc=":   unsigned int[2]" DeclFile="D:\WkPjt\MStory2.0\Mango-Z1.Firmware\Z1.Src005.AN2557.IAP.binary_template\src\stm32_eval.c" DeclLine="105" Pointer="No"/>
 <variable Header="BUTTON_CLK" Icon="2" Type="variable" Desc=":   unsigned long[2]" DeclFile="D:\WkPjt\MStory2.0\Mango-Z1.Firmware\Z1.Src005.AN2557.IAP.binary_template\src\stm32_eval.c" DeclLine="106" Pointer="No"/>
 <variable Header="BUTTON_EXTI_LINE" Icon="2" Type="variable" Desc=":   unsigned int[2]" DeclFile="D:\WkPjt\MStory2.0\Mango-Z1.Firmware\Z1.Src005.AN2557.IAP.binary_template\src\stm32_eval.c" DeclLine="107" Pointer="No"/>
 <variable Header="BUTTON_PORT_SOURCE" Icon="2" Type="variable" Desc=":   unsigned int[2]" DeclFile="D:\WkPjt\MStory2.0\Mango-Z1.Firmware\Z1.Src005.AN2557.IAP.binary_template\src\stm32_eval.c" DeclLine="109" Pointer="No"/>
 <variable Header="BUTTON_PIN_SOURCE" Icon="2" Type="variable" Desc=":   unsigned int[2]" DeclFile="D:\WkPjt\MStory2.0\Mango-Z1.Firmware\Z1.Src005.AN2557.IAP.binary_template\src\stm32_eval.c" DeclLine="111" Pointer="No"/>
 <variable Header="BUTTON_IRQn" Icon="2" Type="variable" Desc=":   unsigned int[2]" DeclFile="D:\WkPjt\MStory2.0\Mango-Z1.Firmware\Z1.Src005.AN2557.IAP.binary_template\src\stm32_eval.c" DeclLine="113" Pointer="No"/>
 <variable Header="COM_USART" Icon="2" Type="variable" Desc=":   struct  CODE*[1]" DeclFile="D:\WkPjt\MStory2.0\Mango-Z1.Firmware\Z1.Src005.AN2557.IAP.binary_template\src\stm32_eval.c" DeclLine="115" Pointer="No"/>
 <variable Header="COM_PORT" Icon="2" Type="variable" Desc=":   struct  CODE*[1]" DeclFile="D:\WkPjt\MStory2.0\Mango-Z1.Firmware\Z1.Src005.AN2557.IAP.binary_template\src\stm32_eval.c" DeclLine="116" Pointer="No"/>
 <variable Header="COM_USART_CLK" Icon="2" Type="variable" Desc=":   unsigned long[1]" DeclFile="D:\WkPjt\MStory2.0\Mango-Z1.Firmware\Z1.Src005.AN2557.IAP.binary_template\src\stm32_eval.c" DeclLine="117" Pointer="No"/>
 <variable Header="COM_POR_CLK" Icon="2" Type="variable" Desc=":   unsigned long[1]" DeclFile="D:\WkPjt\MStory2.0\Mango-Z1.Firmware\Z1.Src005.AN2557.IAP.binary_template\src\stm32_eval.c" DeclLine="118" Pointer="No"/>
 <variable Header="COM_TX_PIN" Icon="2" Type="variable" Desc=":   unsigned int[1]" DeclFile="D:\WkPjt\MStory2.0\Mango-Z1.Firmware\Z1.Src005.AN2557.IAP.binary_template\src\stm32_eval.c" DeclLine="119" Pointer="No"/>
 <variable Header="COM_RX_PIN" Icon="2" Type="variable" Desc=":   unsigned int[1]" DeclFile="D:\WkPjt\MStory2.0\Mango-Z1.Firmware\Z1.Src005.AN2557.IAP.binary_template\src\stm32_eval.c" DeclLine="120" Pointer="No"/>
 <type Header="uint8_t" Icon="1" Type="type" Desc=": unsigned char" DeclFile="c:\program files\raisonance\ride\arm-gcc\arm-none-eabi\include\stdint.h" DeclLine="46" Pointer="No"/>
 <type Header="uint16_t" Icon="1" Type="type" Desc=": unsigned int" DeclFile="c:\program files\raisonance\ride\arm-gcc\arm-none-eabi\include\stdint.h" DeclLine="58" Pointer="No"/>
 <type Header="uint32_t" Icon="1" Type="type" Desc=": unsigned long" DeclFile="c:\program files\raisonance\ride\arm-gcc\arm-none-eabi\include\stdint.h" DeclLine="84" Pointer="No"/>
 <type Header="FlagStatus" Icon="1" Type="type" Desc=": unsigned char" DeclFile="D:\WkPjt\MStory2.0\Mango-Z1.Firmware\Libraries\CMSIS\Core\CM3\stm32f10x.h" DeclLine="352" Pointer="No"/>
 <type Header="ITStatus" Icon="1" Type="type" Desc=": unsigned char" DeclFile="D:\WkPjt\MStory2.0\Mango-Z1.Firmware\Libraries\CMSIS\Core\CM3\stm32f10x.h" DeclLine="352" Pointer="No"/>
 <type Header="FunctionalState" Icon="1" Type="type" Desc=": unsigned char" DeclFile="D:\WkPjt\MStory2.0\Mango-Z1.Firmware\Libraries\CMSIS\Core\CM3\stm32f10x.h" DeclLine="354" Pointer="No"/>
 <type Header="USART_TypeDef" Icon="1" Type="type" Desc=": struct " DeclFile="D:\WkPjt\MStory2.0\Mango-Z1.Firmware\Libraries\CMSIS\Core\CM3\stm32f10x.h" DeclLine="1046" Pointer="No"/>
 <type Header="RCC_ClocksTypeDef" Icon="1" Type="type" Desc=": struct " DeclFile="D:\WkPjt\MStory2.0\Mango-Z1.Firmware\Libraries\STM32F10x_StdPeriph_Driver\inc\stm32f10x_rcc.h" DeclLine="52" Pointer="No"/>
 <type Header="USART_InitTypeDef" Icon="1" Type="type" Desc=": struct " DeclFile="D:\WkPjt\MStory2.0\Mango-Z1.Firmware\Libraries\STM32F10x_StdPeriph_Driver\inc\stm32f10x_usart.h" DeclLine="75" Pointer="No"/>
 <type Header="USART_ClockInitTypeDef" Icon="1" Type="type" Desc=": struct " DeclFile="D:\WkPjt\MStory2.0\Mango-Z1.Firmware\Libraries\STM32F10x_StdPeriph_Driver\inc\stm32f10x_usart.h" DeclLine="96" Pointer="No"/>
 <func Header="USART_Cmd" Icon="3" Type="func" Desc=":   void" DeclFile="D:\WkPjt\MStory2.0\Mango-Z1.Firmware\Libraries\STM32F10x_StdPeriph_Driver\src\stm32f10x_usart.c" DeclLine="320"/>
 <func Header="USART_SendData" Icon="3" Type="func" Desc=":   void" DeclFile="D:\WkPjt\MStory2.0\Mango-Z1.Firmware\Libraries\STM32F10x_StdPeriph_Driver\src\stm32f10x_usart.c" DeclLine="560"/>
 <func Header="USART_GetFlagStatus" Icon="3" Type="func" Desc=":   unsigned char" DeclFile="D:\WkPjt\MStory2.0\Mango-Z1.Firmware\Libraries\STM32F10x_StdPeriph_Driver\src\stm32f10x_usart.c" DeclLine="784"/>
 <func Header="USART_Init" Icon="3" Type="func" Desc=":   void" DeclFile="D:\WkPjt\MStory2.0\Mango-Z1.Firmware\Libraries\STM32F10x_StdPeriph_Driver\src\stm32f10x_usart.c" DeclLine="166"/>
 <type Header="uint8_t" Icon="1" Type="type" Desc=": unsigned char" DeclFile="c:\program files\raisonance\ride\arm-gcc\arm-none-eabi\include\stdint.h" DeclLine="46" Pointer="No"/>
 <type Header="uint32_t" Icon="1" Type="type" Desc=": unsigned long" DeclFile="c:\program files\raisonance\ride\arm-gcc\arm-none-eabi\include\stdint.h" DeclLine="84" Pointer="No"/>
 <type Header="FunctionalState" Icon="1" Type="type" Desc=": unsigned char" DeclFile="D:\WkPjt\MStory2.0\Mango-Z1.Firmware\Libraries\CMSIS\Core\CM3\stm32f10x.h" DeclLine="354" Pointer="No"/>
 <type Header="NVIC_InitTypeDef" Icon="1" Type="type" Desc=": struct " DeclFile="D:\WkPjt\MStory2.0\Mango-Z1.Firmware\Libraries\STM32F10x_StdPeriph_Driver\inc\misc.h" DeclLine="67" Pointer="No"/>
 <func Header="NVIC_SetVectorTable" Icon="3" Type="func" Desc=":   void" DeclFile="D:\WkPjt\MStory2.0\Mango-Z1.Firmware\Libraries\STM32F10x_StdPeriph_Driver\src\misc.c" DeclLine="155"/>
 <type Header="uint8_t" Icon="1" Type="type" Desc=": unsigned char" DeclFile="c:\program files\raisonance\ride\arm-gcc\arm-none-eabi\include\stdint.h" DeclLine="46" Pointer="No"/>
 <type Header="uint16_t" Icon="1" Type="type" Desc=": unsigned int" DeclFile="c:\program files\raisonance\ride\arm-gcc\arm-none-eabi\include\stdint.h" DeclLine="58" Pointer="No"/>
 <type Header="uint32_t" Icon="1" Type="type" Desc=": unsigned long" DeclFile="c:\program files\raisonance\ride\arm-gcc\arm-none-eabi\include\stdint.h" DeclLine="84" Pointer="No"/>
 <type Header="FunctionalState" Icon="1" Type="type" Desc=": unsigned char" DeclFile="D:\WkPjt\MStory2.0\Mango-Z1.Firmware\Libraries\CMSIS\Core\CM3\stm32f10x.h" DeclLine="354" Pointer="No"/>
 <type Header="GPIO_TypeDef" Icon="1" Type="type" Desc=": struct " DeclFile="D:\WkPjt\MStory2.0\Mango-Z1.Firmware\Libraries\CMSIS\Core\CM3\stm32f10x.h" DeclLine="814" Pointer="No"/>
 <type Header="GPIOSpeed_TypeDef" Icon="1" Type="type" Desc=": unsigned char" DeclFile="D:\WkPjt\MStory2.0\Mango-Z1.Firmware\Libraries\STM32F10x_StdPeriph_Driver\inc\stm32f10x_gpio.h" DeclLine="62" Pointer="No"/>
 <type Header="GPIOMode_TypeDef" Icon="1" Type="type" Desc=": unsigned char" DeclFile="D:\WkPjt\MStory2.0\Mango-Z1.Firmware\Libraries\STM32F10x_StdPeriph_Driver\inc\stm32f10x_gpio.h" DeclLine="79" Pointer="No"/>
 <type Header="GPIO_InitTypeDef" Icon="1" Type="type" Desc=": struct " DeclFile="D:\WkPjt\MStory2.0\Mango-Z1.Firmware\Libraries\STM32F10x_StdPeriph_Driver\inc\stm32f10x_gpio.h" DeclLine="100" Pointer="No"/>
 <type Header="BitAction" Icon="1" Type="type" Desc=": unsigned char" DeclFile="D:\WkPjt\MStory2.0\Mango-Z1.Firmware\Libraries\STM32F10x_StdPeriph_Driver\inc\stm32f10x_gpio.h" DeclLine="110" Pointer="No"/>
 <func Header="GPIO_Init" Icon="3" Type="func" Desc=":   void" DeclFile="D:\WkPjt\MStory2.0\Mango-Z1.Firmware\Libraries\STM32F10x_StdPeriph_Driver\src\stm32f10x_gpio.c" DeclLine="173"/>
 <type Header="uint8_t" Icon="1" Type="type" Desc=": unsigned char" DeclFile="c:\program files\raisonance\ride\arm-gcc\arm-none-eabi\include\stdint.h" DeclLine="46" Pointer="No"/>
 <type Header="uint32_t" Icon="1" Type="type" Desc=": unsigned long" DeclFile="c:\program files\raisonance\ride\arm-gcc\arm-none-eabi\include\stdint.h" DeclLine="84" Pointer="No"/>
 <type Header="FlagStatus" Icon="1" Type="type" Desc=": unsigned char" DeclFile="D:\WkPjt\MStory2.0\Mango-Z1.Firmware\Libraries\CMSIS\Core\CM3\stm32f10x.h" DeclLine="352" Pointer="No"/>
 <type Header="ITStatus" Icon="1" Type="type" Desc=": unsigned char" DeclFile="D:\WkPjt\MStory2.0\Mango-Z1.Firmware\Libraries\CMSIS\Core\CM3\stm32f10x.h" DeclLine="352" Pointer="No"/>
 <type Header="FunctionalState" Icon="1" Type="type" Desc=": unsigned char" DeclFile="D:\WkPjt\MStory2.0\Mango-Z1.Firmware\Libraries\CMSIS\Core\CM3\stm32f10x.h" DeclLine="354" Pointer="No"/>
 <type Header="ErrorStatus" Icon="1" Type="type" Desc=": unsigned char" DeclFile="D:\WkPjt\MStory2.0\Mango-Z1.Firmware\Libraries\CMSIS\Core\CM3\stm32f10x.h" DeclLine="357" Pointer="No"/>
 <type Header="RCC_ClocksTypeDef" Icon="1" Type="type" Desc=": struct " DeclFile="D:\WkPjt\MStory2.0\Mango-Z1.Firmware\Libraries\STM32F10x_StdPeriph_Driver\inc\stm32f10x_rcc.h" DeclLine="52" Pointer="No"/>
 <func Header="RCC_GetClocksFreq" Icon="3" Type="func" Desc=":   void" DeclFile="D:\WkPjt\MStory2.0\Mango-Z1.Firmware\Libraries\STM32F10x_StdPeriph_Driver\src\stm32f10x_rcc.c" DeclLine="903"/>
 <func Header="RCC_APB2PeriphClockCmd" Icon="3" Type="func" Desc=":   void" DeclFile="D:\WkPjt\MStory2.0\Mango-Z1.Firmware\Libraries\STM32F10x_StdPeriph_Driver\src\stm32f10x_rcc.c" DeclLine="1077"/>
 <variable Header="APBAHBPrescTable" Icon="2" Type="variable" Desc=":   unsigned char[16]" DeclFile="D:\WkPjt\MStory2.0\Mango-Z1.Firmware\Libraries\STM32F10x_StdPeriph_Driver\src\stm32f10x_rcc.c" DeclLine="200" Pointer="No"/>
 <variable Header="ADCPrescTable" Icon="2" Type="variable" Desc=":   unsigned char[4]" DeclFile="D:\WkPjt\MStory2.0\Mango-Z1.Firmware\Libraries\STM32F10x_StdPeriph_Driver\src\stm32f10x_rcc.c" DeclLine="201" Pointer="No"/>
 <type Header="uint32_t" Icon="1" Type="type" Desc=": unsigned long" DeclFile="c:\program files\raisonance\ride\arm-gcc\arm-none-eabi\include\stdint.h" DeclLine="84" Pointer="No"/>
 <func Header="SystemInit" Icon="3" Type="func" Desc=":   void" DeclFile="D:\WkPjt\MStory2.0\Mango-Z1.Firmware\Libraries\CMSIS\Core\CM3\system_stm32f10x.c" DeclLine="188"/>
 <variable Header="SystemFrequency" Icon="2" Type="variable" Desc=":   unsigned long" DeclFile="D:\WkPjt\MStory2.0\Mango-Z1.Firmware\Libraries\CMSIS\Core\CM3\system_stm32f10x.c" DeclLine="135" Pointer="No"/>
 <variable Header="SystemFrequency_SysClk" Icon="2" Type="variable" Desc=":   unsigned long" DeclFile="D:\WkPjt\MStory2.0\Mango-Z1.Firmware\Libraries\CMSIS\Core\CM3\system_stm32f10x.c" DeclLine="136" Pointer="No"/>
 <variable Header="SystemFrequency_AHBClk" Icon="2" Type="variable" Desc=":   unsigned long" DeclFile="D:\WkPjt\MStory2.0\Mango-Z1.Firmware\Libraries\CMSIS\Core\CM3\system_stm32f10x.c" DeclLine="137" Pointer="No"/>
 <variable Header="SystemFrequency_APB1Clk" Icon="2" Type="variable" Desc=":   unsigned long" DeclFile="D:\WkPjt\MStory2.0\Mango-Z1.Firmware\Libraries\CMSIS\Core\CM3\system_stm32f10x.c" DeclLine="138" Pointer="No"/>
 <variable Header="SystemFrequency_APB2Clk" Icon="2" Type="variable" Desc=":   unsigned long" DeclFile="D:\WkPjt\MStory2.0\Mango-Z1.Firmware\Libraries\CMSIS\Core\CM3\system_stm32f10x.c" DeclLine="139" Pointer="No"/>
</aoffile>

