<!-- DWF2XML 2.00.01 - Raisonance Dwarf information extractor -->
<aoffile Filename="MStroy2.0" dwarf="1">
 <modulelist>
  <module Name="D:\WkPjt\MStory2.0\Mango-Z1.Firmware\Z1.Src006.SPI.CC2520.ID\src\main.c" >
   <type Family="typedef" Name="IRQn_Type" Line="301" ID="356" toTI="37"/>
   <type Family="Base" Name="signed char" ID="368"/>
   <type Family="Base" Name="unsigned char" ID="386"/>
   <type Family="typedef" Name="uint8_t" Line="46" ID="375" toTI="386"/>
   <type Family="Base" Name="short int" ID="393"/>
   <type Family="Base" Name="short unsigned int" ID="411"/>
   <type Family="typedef" Name="uint16_t" Line="58" ID="400" toTI="411"/>
   <type Family="Base" Name="long int" ID="418"/>
   <type Family="Base" Name="long unsigned int" ID="436"/>
   <type Family="typedef" Name="uint32_t" Line="84" ID="425" toTI="436"/>
   <type Family="Base" Name="long long int" ID="443"/>
   <type Family="Base" Name="long long unsigned int" ID="450"/>
   <type Family="Base" Name="int" ID="457"/>
   <type Family="Base" Name="unsigned int" ID="464"/>
   <type Family="ComponentList" Line="135" ID="471">
   <type Family="array" ID="673" toTI="425"/>
    <Component Name="ISER" TI="480" Line="136" Offs="0"/>
   <type Family="array" ID="697" toTI="425"/>
    <Component Name="RESERVED0" TI="494" Line="137" Offs="32"/>
    <Component Name="ICER" TI="508" Line="138" Offs="128"/>
    <Component Name="RSERVED1" TI="523" Line="139" Offs="160"/>
    <Component Name="ISPR" TI="538" Line="140" Offs="256"/>
    <Component Name="RESERVED2" TI="553" Line="141" Offs="288"/>
    <Component Name="ICPR" TI="568" Line="142" Offs="384"/>
    <Component Name="RESERVED3" TI="583" Line="143" Offs="416"/>
    <Component Name="IABR" TI="598" Line="144" Offs="512"/>
   <type Family="array" ID="733" toTI="425"/>
    <Component Name="RESERVED4" TI="613" Line="145" Offs="544"/>
   <type Family="array" ID="749" toTI="375"/>
    <Component Name="IP" TI="628" Line="146" Offs="768"/>
   <type Family="array" ID="770" toTI="425"/>
    <Component Name="RESERVED5" TI="642" Line="147" Offs="1008"/>
    <Component Name="STIR" TI="657" Line="148" Offs="3584"/>
   </type>
   <type Family="ComponentList" Line="154" ID="792">
    <Component Name="CPUID" TI="800" Line="155" Offs="0"/>
    <Component Name="ICSR" TI="814" Line="156" Offs="4"/>
    <Component Name="VTOR" TI="828" Line="157" Offs="8"/>
    <Component Name="AIRCR" TI="842" Line="158" Offs="12"/>
    <Component Name="SCR" TI="856" Line="159" Offs="16"/>
    <Component Name="CCR" TI="870" Line="160" Offs="20"/>
   <type Family="array" ID="1072" toTI="375"/>
    <Component Name="SHP" TI="884" Line="161" Offs="24"/>
    <Component Name="SHCSR" TI="898" Line="162" Offs="36"/>
    <Component Name="CFSR" TI="912" Line="163" Offs="40"/>
    <Component Name="HFSR" TI="926" Line="164" Offs="44"/>
    <Component Name="DFSR" TI="940" Line="165" Offs="48"/>
    <Component Name="MMFAR" TI="954" Line="166" Offs="52"/>
    <Component Name="BFAR" TI="968" Line="167" Offs="56"/>
    <Component Name="AFSR" TI="982" Line="168" Offs="60"/>
   <type Family="array" ID="1093" toTI="425"/>
    <Component Name="PFR" TI="996" Line="169" Offs="64"/>
    <Component Name="DFR" TI="1010" Line="170" Offs="72"/>
    <Component Name="ADR" TI="1024" Line="171" Offs="76"/>
   <type Family="array" ID="1119" toTI="425"/>
    <Component Name="MMFR" TI="1038" Line="172" Offs="80"/>
   <type Family="array" ID="1145" toTI="425"/>
    <Component Name="ISAR" TI="1052" Line="173" Offs="96"/>
   </type>
   <type Family="ComponentList" Line="179" ID="1171">
    <Component Name="CTRL" TI="1179" Line="180" Offs="0"/>
    <Component Name="LOAD" TI="1193" Line="181" Offs="4"/>
    <Component Name="VAL" TI="1207" Line="182" Offs="8"/>
    <Component Name="CALIB" TI="1221" Line="183" Offs="12"/>
   </type>
   <type Family="ComponentList" Line="1031" ID="1241">
    <Component Name="SR" TI="1250" Line="1032" Offs="0"/>
    <Component Name="RESERVED0" TI="1264" Line="1033" Offs="2"/>
    <Component Name="DR" TI="1279" Line="1034" Offs="4"/>
    <Component Name="RESERVED1" TI="1293" Line="1035" Offs="6"/>
    <Component Name="BRR" TI="1308" Line="1036" Offs="8"/>
    <Component Name="RESERVED2" TI="1323" Line="1037" Offs="10"/>
    <Component Name="CR1" TI="1338" Line="1038" Offs="12"/>
    <Component Name="RESERVED3" TI="1353" Line="1039" Offs="14"/>
    <Component Name="CR2" TI="1368" Line="1040" Offs="16"/>
    <Component Name="RESERVED4" TI="1383" Line="1041" Offs="18"/>
    <Component Name="CR3" TI="1398" Line="1042" Offs="20"/>
    <Component Name="RESERVED5" TI="1413" Line="1043" Offs="22"/>
    <Component Name="GTPR" TI="1428" Line="1044" Offs="24"/>
    <Component Name="RESERVED6" TI="1443" Line="1045" Offs="26"/>
   </type>
   <type Family="ComponentList" Line="46" ID="1459">
    <Component Name="SYSCLK_Frequency" TI="1467" Line="47" Offs="0"/>
    <Component Name="HCLK_Frequency" TI="1481" Line="48" Offs="4"/>
    <Component Name="PCLK1_Frequency" TI="1495" Line="49" Offs="8"/>
    <Component Name="PCLK2_Frequency" TI="1509" Line="50" Offs="12"/>
    <Component Name="ADCCLK_Frequency" TI="1523" Line="51" Offs="16"/>
   </type>
   <type Family="typedef" Name="RCC_ClocksTypeDef" Line="52" ID="1538" toTI="1459"/>
   <type Family="Base" Name="char" ID="1549"/>
   <function Name="System_Information" TI="0" FileName="D:\WkPjt\MStory2.0\Mango-Z1.Firmware\Z1.Src006.SPI.CC2520.ID\src\main.c" Line="21">
   <type Family="array" ID="1759" toTI="1549"/>
    <variable Name="__FUNCTION__" FileName="" Line="0" Addr="0x80076A0" TI="1775"/>
   </function >
   <function Name="main" TI="457" FileName="D:\WkPjt\MStory2.0\Mango-Z1.Firmware\Z1.Src006.SPI.CC2520.ID\src\main.c" Line="38">
    <variable Name="ch" FileName="D:\WkPjt\MStory2.0\Mango-Z1.Firmware\Z1.Src006.SPI.CC2520.ID\src\main.c" Line="39" Addr="0x4" TI="375"/>
   </function >
   <variable Name="rcc_clocks" FileName="D:\WkPjt\MStory2.0\Mango-Z1.Firmware\Z1.Src006.SPI.CC2520.ID\src\main.c" Line="16" Addr="0x20000570" TI="1538"/>
  </module>
  <module Name="D:\WkPjt\MStory2.0\Mango-Z1.Firmware\Z1.Src006.SPI.CC2520.ID\src\hw_config.c" >
   <type Family="Base" Name="signed char" ID="2155"/>
   <type Family="Base" Name="unsigned char" ID="2173"/>
   <type Family="typedef" Name="uint8_t" Line="46" ID="2162" toTI="2173"/>
   <type Family="Base" Name="short int" ID="2180"/>
   <type Family="Base" Name="short unsigned int" ID="2198"/>
   <type Family="typedef" Name="uint16_t" Line="58" ID="2187" toTI="2198"/>
   <type Family="Base" Name="long int" ID="2205"/>
   <type Family="Base" Name="long unsigned int" ID="2223"/>
   <type Family="typedef" Name="uint32_t" Line="84" ID="2212" toTI="2223"/>
   <type Family="Base" Name="long long int" ID="2230"/>
   <type Family="Base" Name="long long unsigned int" ID="2237"/>
   <type Family="Base" Name="int" ID="2244"/>
   <type Family="Base" Name="unsigned int" ID="2251"/>
   <type Family="typedef" Name="FunctionalState" Line="354" ID="2315" toTI="2293"/>
   <type Family="ComponentList" Line="806" ID="2327">
    <Component Name="CRL" TI="2336" Line="807" Offs="0"/>
    <Component Name="CRH" TI="2351" Line="808" Offs="4"/>
    <Component Name="IDR" TI="2366" Line="809" Offs="8"/>
    <Component Name="ODR" TI="2381" Line="810" Offs="12"/>
    <Component Name="BSRR" TI="2396" Line="811" Offs="16"/>
    <Component Name="BRR" TI="2411" Line="812" Offs="20"/>
    <Component Name="LCKR" TI="2426" Line="813" Offs="24"/>
   </type>
   <type Family="ComponentList" Line="957" ID="2442">
    <Component Name="CR1" TI="2451" Line="958" Offs="0"/>
    <Component Name="RESERVED0" TI="2466" Line="959" Offs="2"/>
    <Component Name="CR2" TI="2481" Line="960" Offs="4"/>
    <Component Name="RESERVED1" TI="2496" Line="961" Offs="6"/>
    <Component Name="SR" TI="2511" Line="962" Offs="8"/>
    <Component Name="RESERVED2" TI="2525" Line="963" Offs="10"/>
    <Component Name="DR" TI="2540" Line="964" Offs="12"/>
    <Component Name="RESERVED3" TI="2554" Line="965" Offs="14"/>
    <Component Name="CRCPR" TI="2569" Line="966" Offs="16"/>
    <Component Name="RESERVED4" TI="2584" Line="967" Offs="18"/>
    <Component Name="RXCRCR" TI="2599" Line="968" Offs="20"/>
    <Component Name="RESERVED5" TI="2614" Line="969" Offs="22"/>
    <Component Name="TXCRCR" TI="2629" Line="970" Offs="24"/>
    <Component Name="RESERVED6" TI="2644" Line="971" Offs="26"/>
    <Component Name="I2SCFGR" TI="2659" Line="972" Offs="28"/>
    <Component Name="RESERVED7" TI="2674" Line="973" Offs="30"/>
    <Component Name="I2SPR" TI="2689" Line="974" Offs="32"/>
    <Component Name="RESERVED8" TI="2704" Line="975" Offs="34"/>
   </type>
   <type Family="ComponentList" Line="1031" ID="2720">
    <Component Name="SR" TI="2729" Line="1032" Offs="0"/>
    <Component Name="RESERVED0" TI="2743" Line="1033" Offs="2"/>
    <Component Name="DR" TI="2758" Line="1034" Offs="4"/>
    <Component Name="RESERVED1" TI="2772" Line="1035" Offs="6"/>
    <Component Name="BRR" TI="2787" Line="1036" Offs="8"/>
    <Component Name="RESERVED2" TI="2802" Line="1037" Offs="10"/>
    <Component Name="CR1" TI="2817" Line="1038" Offs="12"/>
    <Component Name="RESERVED3" TI="2832" Line="1039" Offs="14"/>
    <Component Name="CR2" TI="2847" Line="1040" Offs="16"/>
    <Component Name="RESERVED4" TI="2862" Line="1041" Offs="18"/>
    <Component Name="CR3" TI="2877" Line="1042" Offs="20"/>
    <Component Name="RESERVED5" TI="2892" Line="1043" Offs="22"/>
    <Component Name="GTPR" TI="2907" Line="1044" Offs="24"/>
    <Component Name="RESERVED6" TI="2922" Line="1045" Offs="26"/>
   </type>
   <type Family="typedef" Name="USART_TypeDef" Line="1046" ID="2938" toTI="2720"/>
   <type Family="typedef" Name="EXTIMode_TypeDef" Line="53" ID="2971" toTI="2950"/>
   <type Family="typedef" Name="EXTITrigger_TypeDef" Line="66" ID="3009" toTI="2982"/>
   <type Family="ComponentList" Line="76" ID="3020">
    <Component Name="EXTI_Line" TI="3028" Line="77" Offs="0"/>
    <Component Name="EXTI_Mode" TI="3042" Line="80" Offs="4"/>
    <Component Name="EXTI_Trigger" TI="3056" Line="83" Offs="5"/>
    <Component Name="EXTI_LineCmd" TI="3070" Line="86" Offs="6"/>
   </type>
   <type Family="typedef" Name="EXTI_InitTypeDef" Line="88" ID="3085" toTI="3020"/>
   <type Family="typedef" Name="GPIOSpeed_TypeDef" Line="62" ID="3123" toTI="3096"/>
   <type Family="typedef" Name="GPIOMode_TypeDef" Line="79" ID="3192" toTI="3134"/>
   <type Family="ComponentList" Line="91" ID="3203">
    <Component Name="GPIO_Pin" TI="3211" Line="92" Offs="0"/>
    <Component Name="GPIO_Speed" TI="3225" Line="95" Offs="2"/>
    <Component Name="GPIO_Mode" TI="3239" Line="98" Offs="3"/>
   </type>
   <type Family="typedef" Name="GPIO_InitTypeDef" Line="100" ID="3254" toTI="3203"/>
   <type Family="ComponentList" Line="50" ID="3265">
    <Component Name="SPI_Direction" TI="3273" Line="51" Offs="0"/>
    <Component Name="SPI_Mode" TI="3287" Line="54" Offs="2"/>
    <Component Name="SPI_DataSize" TI="3301" Line="57" Offs="4"/>
    <Component Name="SPI_CPOL" TI="3315" Line="60" Offs="6"/>
    <Component Name="SPI_CPHA" TI="3329" Line="63" Offs="8"/>
    <Component Name="SPI_NSS" TI="3343" Line="66" Offs="10"/>
    <Component Name="SPI_BaudRatePrescaler" TI="3357" Line="70" Offs="12"/>
    <Component Name="SPI_FirstBit" TI="3371" Line="76" Offs="14"/>
    <Component Name="SPI_CRCPolynomial" TI="3385" Line="79" Offs="16"/>
   </type>
   <type Family="typedef" Name="SPI_InitTypeDef" Line="80" ID="3400" toTI="3265"/>
   <type Family="ComponentList" Line="50" ID="3411">
    <Component Name="USART_BaudRate" TI="3419" Line="51" Offs="0"/>
    <Component Name="USART_WordLength" TI="3433" Line="56" Offs="4"/>
    <Component Name="USART_StopBits" TI="3447" Line="59" Offs="6"/>
    <Component Name="USART_Parity" TI="3461" Line="62" Offs="8"/>
    <Component Name="USART_Mode" TI="3475" Line="69" Offs="10"/>
    <Component Name="USART_HardwareFlowControl" TI="3489" Line="72" Offs="12"/>
   </type>
   <type Family="typedef" Name="USART_InitTypeDef" Line="75" ID="3504" toTI="3411"/>
   <type Family="ComponentList" Line="50" ID="3515">
    <Component Name="NVIC_IRQChannel" TI="3523" Line="51" Offs="0"/>
    <Component Name="NVIC_IRQChannelPreemptionPriority" TI="3537" Line="56" Offs="1"/>
    <Component Name="NVIC_IRQChannelSubPriority" TI="3551" Line="60" Offs="2"/>
    <Component Name="NVIC_IRQChannelCmd" TI="3565" Line="64" Offs="3"/>
   </type>
   <type Family="typedef" Name="NVIC_InitTypeDef" Line="67" ID="3580" toTI="3515"/>
   <type Family="Base" Name="char" ID="3591"/>
   <function Name="Delay" TI="0" FileName="D:\WkPjt\MStory2.0\Mango-Z1.Firmware\Z1.Src006.SPI.CC2520.ID\src\hw_config.c" Line="228">
    <parameter Name="nTime" TI="2261" FileName="D:\WkPjt\MStory2.0\Mango-Z1.Firmware\Z1.Src006.SPI.CC2520.ID\src\hw_config.c" Line="228" Addr="0x0" Param="Yes"/>
   </function >
   <function Name="delay_100_milli_second" TI="0" FileName="D:\WkPjt\MStory2.0\Mango-Z1.Firmware\Z1.Src006.SPI.CC2520.ID\src\hw_config.c" Line="34">
   </function >
   <function Name="delay_1_second" TI="0" FileName="D:\WkPjt\MStory2.0\Mango-Z1.Firmware\Z1.Src006.SPI.CC2520.ID\src\hw_config.c" Line="29">
   </function >
   <function Name="TimingDelay_Decrement" TI="0" FileName="D:\WkPjt\MStory2.0\Mango-Z1.Firmware\Z1.Src006.SPI.CC2520.ID\src\hw_config.c" Line="240">
   </function >
   <function Name="USART_GetCharacter" TI="2162" FileName="D:\WkPjt\MStory2.0\Mango-Z1.Firmware\Z1.Src006.SPI.CC2520.ID\src\hw_config.c" Line="329">
   <type Family="Pointer" TI="3761" toTI="2938"/>
    <parameter Name="usart_p" TI="3761" FileName="D:\WkPjt\MStory2.0\Mango-Z1.Firmware\Z1.Src006.SPI.CC2520.ID\src\hw_config.c" Line="329" Addr="0x0" Param="Yes"/>
    <variable Name="data" FileName="D:\WkPjt\MStory2.0\Mango-Z1.Firmware\Z1.Src006.SPI.CC2520.ID\src\hw_config.c" Line="330" Addr="0x4" TI="2162"/>
   </function >
   <function Name="__io_putchar" TI="2244" FileName="D:\WkPjt\MStory2.0\Mango-Z1.Firmware\Z1.Src006.SPI.CC2520.ID\src\hw_config.c" Line="312">
    <parameter Name="ch" TI="2244" FileName="D:\WkPjt\MStory2.0\Mango-Z1.Firmware\Z1.Src006.SPI.CC2520.ID\src\hw_config.c" Line="312" Addr="0x0" Param="Yes"/>
   </function >
   <function Name="GPIO_Configuration" TI="0" FileName="D:\WkPjt\MStory2.0\Mango-Z1.Firmware\Z1.Src006.SPI.CC2520.ID\src\hw_config.c" Line="142">
    <variable Name="GPIO_InitStructure" FileName="D:\WkPjt\MStory2.0\Mango-Z1.Firmware\Z1.Src006.SPI.CC2520.ID\src\hw_config.c" Line="143" Addr="0x34000004" TI="3254"/>
   </function >
   <function Name="SPIx_Init" TI="0" FileName="D:\WkPjt\MStory2.0\Mango-Z1.Firmware\Z1.Src006.SPI.CC2520.ID\src\hw_config.c" Line="255">
    <variable Name="GPIO_InitStructure" FileName="D:\WkPjt\MStory2.0\Mango-Z1.Firmware\Z1.Src006.SPI.CC2520.ID\src\hw_config.c" Line="258" Addr="0x34000014" TI="3254"/>
    <variable Name="SPI_InitStructure" FileName="D:\WkPjt\MStory2.0\Mango-Z1.Firmware\Z1.Src006.SPI.CC2520.ID\src\hw_config.c" Line="259" Addr="0x34000002" TI="3400"/>
   <type Family="array" ID="4066" toTI="3591"/>
    <variable Name="__FUNCTION__" FileName="" Line="0" Addr="0x80076B3" TI="4082"/>
   </function >
   <function Name="EXTI_Configuration" TI="0" FileName="D:\WkPjt\MStory2.0\Mango-Z1.Firmware\Z1.Src006.SPI.CC2520.ID\src\hw_config.c" Line="196">
    <variable Name="EXTI_InitStructure" FileName="D:\WkPjt\MStory2.0\Mango-Z1.Firmware\Z1.Src006.SPI.CC2520.ID\src\hw_config.c" Line="197" Addr="0x34000000" TI="3085"/>
   </function >
   <function Name="NVIC_Configuration" TI="0" FileName="D:\WkPjt\MStory2.0\Mango-Z1.Firmware\Z1.Src006.SPI.CC2520.ID\src\hw_config.c" Line="106">
    <variable Name="NVIC_InitStructure" FileName="D:\WkPjt\MStory2.0\Mango-Z1.Firmware\Z1.Src006.SPI.CC2520.ID\src\hw_config.c" Line="107" Addr="0x34000004" TI="3580"/>
   </function >
   <function Name="RCC_Configuration" TI="0" FileName="D:\WkPjt\MStory2.0\Mango-Z1.Firmware\Z1.Src006.SPI.CC2520.ID\src\hw_config.c" Line="79">
   </function >
   <function Name="USART1_Init" TI="0" FileName="D:\WkPjt\MStory2.0\Mango-Z1.Firmware\Z1.Src006.SPI.CC2520.ID\src\hw_config.c" Line="45">
    <variable Name="USART_InitStructure" FileName="D:\WkPjt\MStory2.0\Mango-Z1.Firmware\Z1.Src006.SPI.CC2520.ID\src\hw_config.c" Line="46" Addr="0x34000000" TI="3504"/>
   </function >
   <variable Name="TimingDelay" FileName="D:\WkPjt\MStory2.0\Mango-Z1.Firmware\Z1.Src006.SPI.CC2520.ID\src\hw_config.c" Line="24" Addr="0x20000534" TI="2261"/>
  </module>
  <module Name="D:\WkPjt\MStory2.0\Mango-Z1.Firmware\Z1.Src006.SPI.CC2520.ID\src\led.c" >
   <type Family="Base" Name="signed char" ID="4142"/>
   <type Family="Base" Name="unsigned char" ID="4149"/>
   <type Family="Base" Name="short int" ID="4156"/>
   <type Family="Base" Name="short unsigned int" ID="4163"/>
   <type Family="Base" Name="long int" ID="4170"/>
   <type Family="Base" Name="long unsigned int" ID="4188"/>
   <type Family="typedef" Name="uint32_t" Line="84" ID="4177" toTI="4188"/>
   <type Family="Base" Name="long long int" ID="4195"/>
   <type Family="Base" Name="long long unsigned int" ID="4202"/>
   <type Family="Base" Name="int" ID="4209"/>
   <type Family="Base" Name="unsigned int" ID="4216"/>
   <type Family="ComponentList" Line="806" ID="4231">
    <Component Name="CRL" TI="4240" Line="807" Offs="0"/>
    <Component Name="CRH" TI="4255" Line="808" Offs="4"/>
    <Component Name="IDR" TI="4270" Line="809" Offs="8"/>
    <Component Name="ODR" TI="4285" Line="810" Offs="12"/>
    <Component Name="BSRR" TI="4300" Line="811" Offs="16"/>
    <Component Name="BRR" TI="4315" Line="812" Offs="20"/>
    <Component Name="LCKR" TI="4330" Line="813" Offs="24"/>
   </type>
   <type Family="Base" Name="char" ID="4346"/>
   <function Name="LED_Off_Blue" TI="0" FileName="D:\WkPjt\MStory2.0\Mango-Z1.Firmware\Z1.Src006.SPI.CC2520.ID\src\led.c" Line="48">
   </function >
   <function Name="LED_Off_Yellow" TI="0" FileName="D:\WkPjt\MStory2.0\Mango-Z1.Firmware\Z1.Src006.SPI.CC2520.ID\src\led.c" Line="38">
   </function >
   <function Name="LED_Off_Red" TI="0" FileName="D:\WkPjt\MStory2.0\Mango-Z1.Firmware\Z1.Src006.SPI.CC2520.ID\src\led.c" Line="28">
   </function >
   <function Name="LED_Off_All" TI="0" FileName="D:\WkPjt\MStory2.0\Mango-Z1.Firmware\Z1.Src006.SPI.CC2520.ID\src\led.c" Line="60">
   </function >
   <function Name="LED_On_Blue" TI="0" FileName="D:\WkPjt\MStory2.0\Mango-Z1.Firmware\Z1.Src006.SPI.CC2520.ID\src\led.c" Line="43">
   </function >
   <function Name="LED_On_Yellow" TI="0" FileName="D:\WkPjt\MStory2.0\Mango-Z1.Firmware\Z1.Src006.SPI.CC2520.ID\src\led.c" Line="33">
   </function >
   <function Name="LED_On_Red" TI="0" FileName="D:\WkPjt\MStory2.0\Mango-Z1.Firmware\Z1.Src006.SPI.CC2520.ID\src\led.c" Line="23">
   </function >
   <function Name="LED_OnOffAll_Mult" TI="0" FileName="D:\WkPjt\MStory2.0\Mango-Z1.Firmware\Z1.Src006.SPI.CC2520.ID\src\led.c" Line="67">
    <parameter Name="count" TI="4177" FileName="D:\WkPjt\MStory2.0\Mango-Z1.Firmware\Z1.Src006.SPI.CC2520.ID\src\led.c" Line="67" Addr="0x0" Param="Yes"/>
   </function >
   <function Name="LED_On_All" TI="0" FileName="D:\WkPjt\MStory2.0\Mango-Z1.Firmware\Z1.Src006.SPI.CC2520.ID\src\led.c" Line="53">
   </function >
   <function Name="LED_Test" TI="0" FileName="D:\WkPjt\MStory2.0\Mango-Z1.Firmware\Z1.Src006.SPI.CC2520.ID\src\led.c" Line="88">
   </function >
  </module>
  <module Name="D:\WkPjt\MStory2.0\Mango-Z1.Firmware\Z1.Src006.SPI.CC2520.ID\src\debug.c" >
   <type Family="Base" Name="signed char" ID="4621"/>
   <type Family="Base" Name="unsigned char" ID="4639"/>
   <type Family="typedef" Name="uint8_t" Line="46" ID="4628" toTI="4639"/>
   <type Family="Base" Name="short int" ID="4646"/>
   <type Family="Base" Name="short unsigned int" ID="4653"/>
   <type Family="Base" Name="long int" ID="4660"/>
   <type Family="Base" Name="long unsigned int" ID="4678"/>
   <type Family="typedef" Name="uint32_t" Line="84" ID="4667" toTI="4678"/>
   <type Family="Base" Name="long long int" ID="4685"/>
   <type Family="Base" Name="long long unsigned int" ID="4692"/>
   <type Family="Base" Name="int" ID="4699"/>
   <type Family="Base" Name="unsigned int" ID="4706"/>
   <type Family="Base" Name="char" ID="4716"/>
   <type Family="Pointer" TI="4723" toTI="4729"/>
   <function Name="assert_failed" TI="0" FileName="D:\WkPjt\MStory2.0\Mango-Z1.Firmware\Z1.Src006.SPI.CC2520.ID\src\debug.c" Line="61">
   <type Family="Pointer" TI="4790" toTI="4628"/>
    <parameter Name="file" TI="4790" FileName="D:\WkPjt\MStory2.0\Mango-Z1.Firmware\Z1.Src006.SPI.CC2520.ID\src\debug.c" Line="61" Addr="0x0" Param="Yes"/>
    <parameter Name="line" TI="4667" FileName="D:\WkPjt\MStory2.0\Mango-Z1.Firmware\Z1.Src006.SPI.CC2520.ID\src\debug.c" Line="61" Addr="0x1" Param="Yes"/>
   </function >
   <function Name="DebugMsg_FunctionStart" TI="0" FileName="D:\WkPjt\MStory2.0\Mango-Z1.Firmware\Z1.Src006.SPI.CC2520.ID\src\debug.c" Line="17">
    <parameter Name="fName_p" TI="4723" FileName="D:\WkPjt\MStory2.0\Mango-Z1.Firmware\Z1.Src006.SPI.CC2520.ID\src\debug.c" Line="17" Addr="0x0" Param="Yes"/>
   </function >
  </module>
  <module Name="D:\WkPjt\MStory2.0\Mango-Z1.Firmware\Z1.Src006.SPI.CC2520.ID\src\key.c" >
   <type Family="Base" Name="signed char" ID="5080"/>
   <type Family="Base" Name="unsigned char" ID="5087"/>
   <type Family="Base" Name="short int" ID="5094"/>
   <type Family="Base" Name="short unsigned int" ID="5101"/>
   <type Family="Base" Name="long int" ID="5108"/>
   <type Family="Base" Name="long unsigned int" ID="5126"/>
   <type Family="typedef" Name="uint32_t" Line="84" ID="5115" toTI="5126"/>
   <type Family="Base" Name="long long int" ID="5133"/>
   <type Family="Base" Name="long long unsigned int" ID="5140"/>
   <type Family="Base" Name="int" ID="5147"/>
   <type Family="Base" Name="unsigned int" ID="5154"/>
   <type Family="ComponentList" Line="806" ID="5169">
    <Component Name="CRL" TI="5178" Line="807" Offs="0"/>
    <Component Name="CRH" TI="5193" Line="808" Offs="4"/>
    <Component Name="IDR" TI="5208" Line="809" Offs="8"/>
    <Component Name="ODR" TI="5223" Line="810" Offs="12"/>
    <Component Name="BSRR" TI="5238" Line="811" Offs="16"/>
    <Component Name="BRR" TI="5253" Line="812" Offs="20"/>
    <Component Name="LCKR" TI="5268" Line="813" Offs="24"/>
   </type>
   <type Family="Base" Name="char" ID="5305"/>
   <function Name="KEY_Test" TI="0" FileName="D:\WkPjt\MStory2.0\Mango-Z1.Firmware\Z1.Src006.SPI.CC2520.ID\src\key.c" Line="28">
    <variable Name="i" FileName="D:\WkPjt\MStory2.0\Mango-Z1.Firmware\Z1.Src006.SPI.CC2520.ID\src\key.c" Line="29" Addr="0x4" TI="5115"/>
   </function >
  </module>
  <module Name="D:\WkPjt\MStory2.0\Mango-Z1.Firmware\Z1.Src006.SPI.CC2520.ID\src\stm32f10x_it.c" >
   <type Family="Base" Name="signed char" ID="5383"/>
   <type Family="Base" Name="unsigned char" ID="5390"/>
   <type Family="Base" Name="short int" ID="5397"/>
   <type Family="Base" Name="short unsigned int" ID="5404"/>
   <type Family="Base" Name="long int" ID="5411"/>
   <type Family="Base" Name="long unsigned int" ID="5418"/>
   <type Family="Base" Name="long long int" ID="5425"/>
   <type Family="Base" Name="long long unsigned int" ID="5432"/>
   <type Family="Base" Name="int" ID="5439"/>
   <type Family="Base" Name="unsigned int" ID="5446"/>
   <type Family="Base" Name="char" ID="5478"/>
   <function Name="NMI_Handler" TI="0" FileName="D:\WkPjt\MStory2.0\Mango-Z1.Firmware\Z1.Src006.SPI.CC2520.ID\src\stm32f10x_it.c" Line="47">
   </function >
   <function Name="HardFault_Handler" TI="0" FileName="D:\WkPjt\MStory2.0\Mango-Z1.Firmware\Z1.Src006.SPI.CC2520.ID\src\stm32f10x_it.c" Line="56">
   </function >
   <function Name="MemManage_Handler" TI="0" FileName="D:\WkPjt\MStory2.0\Mango-Z1.Firmware\Z1.Src006.SPI.CC2520.ID\src\stm32f10x_it.c" Line="69">
   </function >
   <function Name="BusFault_Handler" TI="0" FileName="D:\WkPjt\MStory2.0\Mango-Z1.Firmware\Z1.Src006.SPI.CC2520.ID\src\stm32f10x_it.c" Line="82">
   </function >
   <function Name="UsageFault_Handler" TI="0" FileName="D:\WkPjt\MStory2.0\Mango-Z1.Firmware\Z1.Src006.SPI.CC2520.ID\src\stm32f10x_it.c" Line="95">
   </function >
   <function Name="SVC_Handler" TI="0" FileName="D:\WkPjt\MStory2.0\Mango-Z1.Firmware\Z1.Src006.SPI.CC2520.ID\src\stm32f10x_it.c" Line="108">
   </function >
   <function Name="DebugMon_Handler" TI="0" FileName="D:\WkPjt\MStory2.0\Mango-Z1.Firmware\Z1.Src006.SPI.CC2520.ID\src\stm32f10x_it.c" Line="117">
   </function >
   <function Name="PendSV_Handler" TI="0" FileName="D:\WkPjt\MStory2.0\Mango-Z1.Firmware\Z1.Src006.SPI.CC2520.ID\src\stm32f10x_it.c" Line="126">
   </function >
   <function Name="WWDG_IRQHandler" TI="0" FileName="D:\WkPjt\MStory2.0\Mango-Z1.Firmware\Z1.Src006.SPI.CC2520.ID\src\stm32f10x_it.c" Line="154">
   </function >
   <function Name="PVD_IRQHandler" TI="0" FileName="D:\WkPjt\MStory2.0\Mango-Z1.Firmware\Z1.Src006.SPI.CC2520.ID\src\stm32f10x_it.c" Line="165">
   </function >
   <function Name="TAMPER_IRQHandler" TI="0" FileName="D:\WkPjt\MStory2.0\Mango-Z1.Firmware\Z1.Src006.SPI.CC2520.ID\src\stm32f10x_it.c" Line="176">
   </function >
   <function Name="RTC_IRQHandler" TI="0" FileName="D:\WkPjt\MStory2.0\Mango-Z1.Firmware\Z1.Src006.SPI.CC2520.ID\src\stm32f10x_it.c" Line="187">
   </function >
   <function Name="FLASH_IRQHandler" TI="0" FileName="D:\WkPjt\MStory2.0\Mango-Z1.Firmware\Z1.Src006.SPI.CC2520.ID\src\stm32f10x_it.c" Line="198">
   </function >
   <function Name="RCC_IRQHandler" TI="0" FileName="D:\WkPjt\MStory2.0\Mango-Z1.Firmware\Z1.Src006.SPI.CC2520.ID\src\stm32f10x_it.c" Line="209">
   </function >
   <function Name="EXTI2_IRQHandler" TI="0" FileName="D:\WkPjt\MStory2.0\Mango-Z1.Firmware\Z1.Src006.SPI.CC2520.ID\src\stm32f10x_it.c" Line="250">
   </function >
   <function Name="EXTI3_IRQHandler" TI="0" FileName="D:\WkPjt\MStory2.0\Mango-Z1.Firmware\Z1.Src006.SPI.CC2520.ID\src\stm32f10x_it.c" Line="261">
   </function >
   <function Name="EXTI4_IRQHandler" TI="0" FileName="D:\WkPjt\MStory2.0\Mango-Z1.Firmware\Z1.Src006.SPI.CC2520.ID\src\stm32f10x_it.c" Line="272">
   </function >
   <function Name="DMA1_Channel1_IRQHandler" TI="0" FileName="D:\WkPjt\MStory2.0\Mango-Z1.Firmware\Z1.Src006.SPI.CC2520.ID\src\stm32f10x_it.c" Line="283">
   </function >
   <function Name="DMA1_Channel2_IRQHandler" TI="0" FileName="D:\WkPjt\MStory2.0\Mango-Z1.Firmware\Z1.Src006.SPI.CC2520.ID\src\stm32f10x_it.c" Line="294">
   </function >
   <function Name="DMA1_Channel3_IRQHandler" TI="0" FileName="D:\WkPjt\MStory2.0\Mango-Z1.Firmware\Z1.Src006.SPI.CC2520.ID\src\stm32f10x_it.c" Line="305">
   </function >
   <function Name="DMA1_Channel4_IRQHandler" TI="0" FileName="D:\WkPjt\MStory2.0\Mango-Z1.Firmware\Z1.Src006.SPI.CC2520.ID\src\stm32f10x_it.c" Line="316">
   </function >
   <function Name="DMA1_Channel5_IRQHandler" TI="0" FileName="D:\WkPjt\MStory2.0\Mango-Z1.Firmware\Z1.Src006.SPI.CC2520.ID\src\stm32f10x_it.c" Line="327">
   </function >
   <function Name="DMA1_Channel6_IRQHandler" TI="0" FileName="D:\WkPjt\MStory2.0\Mango-Z1.Firmware\Z1.Src006.SPI.CC2520.ID\src\stm32f10x_it.c" Line="338">
   </function >
   <function Name="DMA1_Channel7_IRQHandler" TI="0" FileName="D:\WkPjt\MStory2.0\Mango-Z1.Firmware\Z1.Src006.SPI.CC2520.ID\src\stm32f10x_it.c" Line="349">
   </function >
   <function Name="ADC1_2_IRQHandler" TI="0" FileName="D:\WkPjt\MStory2.0\Mango-Z1.Firmware\Z1.Src006.SPI.CC2520.ID\src\stm32f10x_it.c" Line="360">
   </function >
   <function Name="USB_HP_CAN1_TX_IRQHandler" TI="0" FileName="D:\WkPjt\MStory2.0\Mango-Z1.Firmware\Z1.Src006.SPI.CC2520.ID\src\stm32f10x_it.c" Line="372">
   </function >
   <function Name="USB_LP_CAN1_RX0_IRQHandler" TI="0" FileName="D:\WkPjt\MStory2.0\Mango-Z1.Firmware\Z1.Src006.SPI.CC2520.ID\src\stm32f10x_it.c" Line="384">
   </function >
   <function Name="CAN1_RX1_IRQHandler" TI="0" FileName="D:\WkPjt\MStory2.0\Mango-Z1.Firmware\Z1.Src006.SPI.CC2520.ID\src\stm32f10x_it.c" Line="395">
   </function >
   <function Name="CAN1_SCE_IRQHandler" TI="0" FileName="D:\WkPjt\MStory2.0\Mango-Z1.Firmware\Z1.Src006.SPI.CC2520.ID\src\stm32f10x_it.c" Line="406">
   </function >
   <function Name="EXTI9_5_IRQHandler" TI="0" FileName="D:\WkPjt\MStory2.0\Mango-Z1.Firmware\Z1.Src006.SPI.CC2520.ID\src\stm32f10x_it.c" Line="417">
   </function >
   <function Name="TIM1_BRK_IRQHandler" TI="0" FileName="D:\WkPjt\MStory2.0\Mango-Z1.Firmware\Z1.Src006.SPI.CC2520.ID\src\stm32f10x_it.c" Line="428">
   </function >
   <function Name="TIM1_UP_IRQHandler" TI="0" FileName="D:\WkPjt\MStory2.0\Mango-Z1.Firmware\Z1.Src006.SPI.CC2520.ID\src\stm32f10x_it.c" Line="440">
   </function >
   <function Name="TIM1_TRG_COM_IRQHandler" TI="0" FileName="D:\WkPjt\MStory2.0\Mango-Z1.Firmware\Z1.Src006.SPI.CC2520.ID\src\stm32f10x_it.c" Line="452">
   </function >
   <function Name="TIM1_CC_IRQHandler" TI="0" FileName="D:\WkPjt\MStory2.0\Mango-Z1.Firmware\Z1.Src006.SPI.CC2520.ID\src\stm32f10x_it.c" Line="463">
   </function >
   <function Name="TIM2_IRQHandler" TI="0" FileName="D:\WkPjt\MStory2.0\Mango-Z1.Firmware\Z1.Src006.SPI.CC2520.ID\src\stm32f10x_it.c" Line="474">
   </function >
   <function Name="TIM3_IRQHandler" TI="0" FileName="D:\WkPjt\MStory2.0\Mango-Z1.Firmware\Z1.Src006.SPI.CC2520.ID\src\stm32f10x_it.c" Line="485">
   </function >
   <function Name="TIM4_IRQHandler" TI="0" FileName="D:\WkPjt\MStory2.0\Mango-Z1.Firmware\Z1.Src006.SPI.CC2520.ID\src\stm32f10x_it.c" Line="496">
   </function >
   <function Name="I2C1_EV_IRQHandler" TI="0" FileName="D:\WkPjt\MStory2.0\Mango-Z1.Firmware\Z1.Src006.SPI.CC2520.ID\src\stm32f10x_it.c" Line="507">
   </function >
   <function Name="I2C1_ER_IRQHandler" TI="0" FileName="D:\WkPjt\MStory2.0\Mango-Z1.Firmware\Z1.Src006.SPI.CC2520.ID\src\stm32f10x_it.c" Line="518">
   </function >
   <function Name="I2C2_EV_IRQHandler" TI="0" FileName="D:\WkPjt\MStory2.0\Mango-Z1.Firmware\Z1.Src006.SPI.CC2520.ID\src\stm32f10x_it.c" Line="529">
   </function >
   <function Name="I2C2_ER_IRQHandler" TI="0" FileName="D:\WkPjt\MStory2.0\Mango-Z1.Firmware\Z1.Src006.SPI.CC2520.ID\src\stm32f10x_it.c" Line="540">
   </function >
   <function Name="SPI1_IRQHandler" TI="0" FileName="D:\WkPjt\MStory2.0\Mango-Z1.Firmware\Z1.Src006.SPI.CC2520.ID\src\stm32f10x_it.c" Line="551">
   </function >
   <function Name="SPI2_IRQHandler" TI="0" FileName="D:\WkPjt\MStory2.0\Mango-Z1.Firmware\Z1.Src006.SPI.CC2520.ID\src\stm32f10x_it.c" Line="562">
   </function >
   <function Name="USART1_IRQHandler" TI="0" FileName="D:\WkPjt\MStory2.0\Mango-Z1.Firmware\Z1.Src006.SPI.CC2520.ID\src\stm32f10x_it.c" Line="573">
   </function >
   <function Name="USART2_IRQHandler" TI="0" FileName="D:\WkPjt\MStory2.0\Mango-Z1.Firmware\Z1.Src006.SPI.CC2520.ID\src\stm32f10x_it.c" Line="584">
   </function >
   <function Name="USART3_IRQHandler" TI="0" FileName="D:\WkPjt\MStory2.0\Mango-Z1.Firmware\Z1.Src006.SPI.CC2520.ID\src\stm32f10x_it.c" Line="595">
   </function >
   <function Name="EXTI15_10_IRQHandler" TI="0" FileName="D:\WkPjt\MStory2.0\Mango-Z1.Firmware\Z1.Src006.SPI.CC2520.ID\src\stm32f10x_it.c" Line="606">
   </function >
   <function Name="RTCAlarm_IRQHandler" TI="0" FileName="D:\WkPjt\MStory2.0\Mango-Z1.Firmware\Z1.Src006.SPI.CC2520.ID\src\stm32f10x_it.c" Line="617">
   </function >
   <function Name="USBWakeUp_IRQHandler" TI="0" FileName="D:\WkPjt\MStory2.0\Mango-Z1.Firmware\Z1.Src006.SPI.CC2520.ID\src\stm32f10x_it.c" Line="628">
   </function >
   <function Name="EXTI1_IRQHandler" TI="0" FileName="D:\WkPjt\MStory2.0\Mango-Z1.Firmware\Z1.Src006.SPI.CC2520.ID\src\stm32f10x_it.c" Line="235">
   </function >
   <function Name="EXTI0_IRQHandler" TI="0" FileName="D:\WkPjt\MStory2.0\Mango-Z1.Firmware\Z1.Src006.SPI.CC2520.ID\src\stm32f10x_it.c" Line="220">
   </function >
   <function Name="SysTick_Handler" TI="0" FileName="D:\WkPjt\MStory2.0\Mango-Z1.Firmware\Z1.Src006.SPI.CC2520.ID\src\stm32f10x_it.c" Line="135">
   </function >
  </module>
  <module Name="D:\WkPjt\MStory2.0\Mango-Z1.Firmware\Z1.Src006.SPI.CC2520.ID\src\zigbee_test.c" >
   <type Family="Base" Name="signed char" ID="6551"/>
   <type Family="Base" Name="unsigned char" ID="6558"/>
   <type Family="Base" Name="short int" ID="6565"/>
   <type Family="Base" Name="short unsigned int" ID="6572"/>
   <type Family="Base" Name="long int" ID="6579"/>
   <type Family="Base" Name="long unsigned int" ID="6586"/>
   <type Family="Base" Name="long long int" ID="6593"/>
   <type Family="Base" Name="long long unsigned int" ID="6600"/>
   <type Family="Base" Name="int" ID="6607"/>
   <type Family="Base" Name="unsigned int" ID="6614"/>
   <type Family="Base" Name="char" ID="6624"/>
   <function Name="ZigBee_Test" TI="0" FileName="D:\WkPjt\MStory2.0\Mango-Z1.Firmware\Z1.Src006.SPI.CC2520.ID\src\zigbee_test.c" Line="10">
   <type Family="array" ID="6673" toTI="6624"/>
    <variable Name="__FUNCTION__" FileName="" Line="0" Addr="0x80076BD" TI="6689"/>
   </function >
  </module>
  <module Name="D:\WkPjt\MStory2.0\Mango-Z1.Firmware\Libraries\STM32F10x_StdPeriph_Driver\src\stm32f10x_usart.c" >
   <type Family="Base" Name="signed char" ID="6732"/>
   <type Family="Base" Name="unsigned char" ID="6750"/>
   <type Family="typedef" Name="uint8_t" Line="46" ID="6739" toTI="6750"/>
   <type Family="Base" Name="short int" ID="6757"/>
   <type Family="Base" Name="short unsigned int" ID="6775"/>
   <type Family="typedef" Name="uint16_t" Line="58" ID="6764" toTI="6775"/>
   <type Family="Base" Name="long int" ID="6782"/>
   <type Family="Base" Name="long unsigned int" ID="6800"/>
   <type Family="typedef" Name="uint32_t" Line="84" ID="6789" toTI="6800"/>
   <type Family="Base" Name="long long int" ID="6807"/>
   <type Family="Base" Name="long long unsigned int" ID="6814"/>
   <type Family="Base" Name="int" ID="6821"/>
   <type Family="Base" Name="unsigned int" ID="6828"/>
   <type Family="typedef" Name="FlagStatus" Line="352" ID="6865" toTI="6843"/>
   <type Family="typedef" Name="ITStatus" Line="352" ID="6877" toTI="6843"/>
   <type Family="typedef" Name="FunctionalState" Line="354" ID="6911" toTI="6889"/>
   <type Family="ComponentList" Line="1031" ID="6923">
    <Component Name="SR" TI="6932" Line="1032" Offs="0"/>
    <Component Name="RESERVED0" TI="6946" Line="1033" Offs="2"/>
    <Component Name="DR" TI="6961" Line="1034" Offs="4"/>
    <Component Name="RESERVED1" TI="6975" Line="1035" Offs="6"/>
    <Component Name="BRR" TI="6990" Line="1036" Offs="8"/>
    <Component Name="RESERVED2" TI="7005" Line="1037" Offs="10"/>
    <Component Name="CR1" TI="7020" Line="1038" Offs="12"/>
    <Component Name="RESERVED3" TI="7035" Line="1039" Offs="14"/>
    <Component Name="CR2" TI="7050" Line="1040" Offs="16"/>
    <Component Name="RESERVED4" TI="7065" Line="1041" Offs="18"/>
    <Component Name="CR3" TI="7080" Line="1042" Offs="20"/>
    <Component Name="RESERVED5" TI="7095" Line="1043" Offs="22"/>
    <Component Name="GTPR" TI="7110" Line="1044" Offs="24"/>
    <Component Name="RESERVED6" TI="7125" Line="1045" Offs="26"/>
   </type>
   <type Family="typedef" Name="USART_TypeDef" Line="1046" ID="7141" toTI="6923"/>
   <type Family="ComponentList" Line="46" ID="7153">
    <Component Name="SYSCLK_Frequency" TI="7161" Line="47" Offs="0"/>
    <Component Name="HCLK_Frequency" TI="7175" Line="48" Offs="4"/>
    <Component Name="PCLK1_Frequency" TI="7189" Line="49" Offs="8"/>
    <Component Name="PCLK2_Frequency" TI="7203" Line="50" Offs="12"/>
    <Component Name="ADCCLK_Frequency" TI="7217" Line="51" Offs="16"/>
   </type>
   <type Family="typedef" Name="RCC_ClocksTypeDef" Line="52" ID="7232" toTI="7153"/>
   <type Family="ComponentList" Line="50" ID="7243">
    <Component Name="USART_BaudRate" TI="7251" Line="51" Offs="0"/>
    <Component Name="USART_WordLength" TI="7265" Line="56" Offs="4"/>
    <Component Name="USART_StopBits" TI="7279" Line="59" Offs="6"/>
    <Component Name="USART_Parity" TI="7293" Line="62" Offs="8"/>
    <Component Name="USART_Mode" TI="7307" Line="69" Offs="10"/>
    <Component Name="USART_HardwareFlowControl" TI="7321" Line="72" Offs="12"/>
   </type>
   <type Family="typedef" Name="USART_InitTypeDef" Line="75" ID="7336" toTI="7243"/>
   <type Family="ComponentList" Line="82" ID="7347">
    <Component Name="USART_Clock" TI="7355" Line="84" Offs="0"/>
    <Component Name="USART_CPOL" TI="7369" Line="87" Offs="2"/>
    <Component Name="USART_CPHA" TI="7383" Line="90" Offs="4"/>
    <Component Name="USART_LastBit" TI="7397" Line="93" Offs="6"/>
   </type>
   <type Family="typedef" Name="USART_ClockInitTypeDef" Line="96" ID="7412" toTI="7347"/>
   <type Family="Pointer" TI="7460" toTI="7336"/>
   <type Family="Pointer" TI="7505" toTI="7412"/>
   <type Family="Pointer" TI="7594" toTI="7141"/>
   <function Name="USART_GetFlagStatus" TI="6865" FileName="D:\WkPjt\MStory2.0\Mango-Z1.Firmware\Libraries\STM32F10x_StdPeriph_Driver\src\stm32f10x_usart.c" Line="784">
    <parameter Name="USARTx" TI="7594" FileName="D:\WkPjt\MStory2.0\Mango-Z1.Firmware\Libraries\STM32F10x_StdPeriph_Driver\src\stm32f10x_usart.c" Line="784" Addr="0x0" Param="Yes"/>
    <parameter Name="USART_FLAG" TI="6764" FileName="D:\WkPjt\MStory2.0\Mango-Z1.Firmware\Libraries\STM32F10x_StdPeriph_Driver\src\stm32f10x_usart.c" Line="784" Addr="0x1" Param="Yes"/>
   </function >
   <function Name="USART_ReceiveData" TI="6764" FileName="D:\WkPjt\MStory2.0\Mango-Z1.Firmware\Libraries\STM32F10x_StdPeriph_Driver\src\stm32f10x_usart.c" Line="577">
    <parameter Name="USARTx" TI="7594" FileName="D:\WkPjt\MStory2.0\Mango-Z1.Firmware\Libraries\STM32F10x_StdPeriph_Driver\src\stm32f10x_usart.c" Line="577" Addr="0x0" Param="Yes"/>
   </function >
   <function Name="USART_SendData" TI="0" FileName="D:\WkPjt\MStory2.0\Mango-Z1.Firmware\Libraries\STM32F10x_StdPeriph_Driver\src\stm32f10x_usart.c" Line="560">
    <parameter Name="USARTx" TI="7594" FileName="D:\WkPjt\MStory2.0\Mango-Z1.Firmware\Libraries\STM32F10x_StdPeriph_Driver\src\stm32f10x_usart.c" Line="560" Addr="0x0" Param="Yes"/>
    <parameter Name="Data" TI="6764" FileName="D:\WkPjt\MStory2.0\Mango-Z1.Firmware\Libraries\STM32F10x_StdPeriph_Driver\src\stm32f10x_usart.c" Line="560" Addr="0x1" Param="Yes"/>
   </function >
   <function Name="USART_Cmd" TI="0" FileName="D:\WkPjt\MStory2.0\Mango-Z1.Firmware\Libraries\STM32F10x_StdPeriph_Driver\src\stm32f10x_usart.c" Line="320">
    <parameter Name="USARTx" TI="7594" FileName="D:\WkPjt\MStory2.0\Mango-Z1.Firmware\Libraries\STM32F10x_StdPeriph_Driver\src\stm32f10x_usart.c" Line="320" Addr="0x0" Param="Yes"/>
    <parameter Name="NewState" TI="6911" FileName="D:\WkPjt\MStory2.0\Mango-Z1.Firmware\Libraries\STM32F10x_StdPeriph_Driver\src\stm32f10x_usart.c" Line="320" Addr="0x1" Param="Yes"/>
   </function >
   <function Name="USART_Init" TI="0" FileName="D:\WkPjt\MStory2.0\Mango-Z1.Firmware\Libraries\STM32F10x_StdPeriph_Driver\src\stm32f10x_usart.c" Line="166">
    <parameter Name="USARTx" TI="7594" FileName="D:\WkPjt\MStory2.0\Mango-Z1.Firmware\Libraries\STM32F10x_StdPeriph_Driver\src\stm32f10x_usart.c" Line="166" Addr="0x0" Param="Yes"/>
    <parameter Name="USART_InitStruct" TI="7460" FileName="D:\WkPjt\MStory2.0\Mango-Z1.Firmware\Libraries\STM32F10x_StdPeriph_Driver\src\stm32f10x_usart.c" Line="166" Addr="0x1" Param="Yes"/>
    <variable Name="tmpreg" FileName="D:\WkPjt\MStory2.0\Mango-Z1.Firmware\Libraries\STM32F10x_StdPeriph_Driver\src\stm32f10x_usart.c" Line="167" Addr="0x3" TI="6789"/>
    <variable Name="apbclock" FileName="D:\WkPjt\MStory2.0\Mango-Z1.Firmware\Libraries\STM32F10x_StdPeriph_Driver\src\stm32f10x_usart.c" Line="167" Addr="0x3" TI="6789"/>
    <variable Name="integerdivider" FileName="D:\WkPjt\MStory2.0\Mango-Z1.Firmware\Libraries\STM32F10x_StdPeriph_Driver\src\stm32f10x_usart.c" Line="168" Addr="0x2" TI="6789"/>
    <variable Name="RCC_ClocksStatus" FileName="D:\WkPjt\MStory2.0\Mango-Z1.Firmware\Libraries\STM32F10x_StdPeriph_Driver\src\stm32f10x_usart.c" Line="171" Addr="0x34000004" TI="7232"/>
   </function >
  </module>
  <module Name="D:\WkPjt\MStory2.0\Mango-Z1.Firmware\Libraries\STM32F10x_StdPeriph_Driver\src\stm32f10x_gpio.c" >
   <type Family="Base" Name="signed char" ID="9268"/>
   <type Family="Base" Name="unsigned char" ID="9286"/>
   <type Family="typedef" Name="uint8_t" Line="46" ID="9275" toTI="9286"/>
   <type Family="Base" Name="short int" ID="9293"/>
   <type Family="Base" Name="short unsigned int" ID="9311"/>
   <type Family="typedef" Name="uint16_t" Line="58" ID="9300" toTI="9311"/>
   <type Family="Base" Name="long int" ID="9318"/>
   <type Family="Base" Name="long unsigned int" ID="9336"/>
   <type Family="typedef" Name="uint32_t" Line="84" ID="9325" toTI="9336"/>
   <type Family="Base" Name="long long int" ID="9343"/>
   <type Family="Base" Name="long long unsigned int" ID="9350"/>
   <type Family="Base" Name="int" ID="9357"/>
   <type Family="Base" Name="unsigned int" ID="9364"/>
   <type Family="array" ID="9379" toTI="9325"/>
   <type Family="typedef" Name="FunctionalState" Line="354" ID="9417" toTI="9395"/>
   <type Family="ComponentList" Line="806" ID="9429">
    <Component Name="CRL" TI="9438" Line="807" Offs="0"/>
    <Component Name="CRH" TI="9453" Line="808" Offs="4"/>
    <Component Name="IDR" TI="9468" Line="809" Offs="8"/>
    <Component Name="ODR" TI="9483" Line="810" Offs="12"/>
    <Component Name="BSRR" TI="9498" Line="811" Offs="16"/>
    <Component Name="BRR" TI="9513" Line="812" Offs="20"/>
    <Component Name="LCKR" TI="9528" Line="813" Offs="24"/>
   </type>
   <type Family="typedef" Name="GPIO_TypeDef" Line="814" ID="9544" toTI="9429"/>
   <type Family="ComponentList" Line="821" ID="9556">
    <Component Name="EVCR" TI="9565" Line="822" Offs="0"/>
    <Component Name="MAPR" TI="9580" Line="823" Offs="4"/>
    <Component Name="EXTICR" TI="9595" Line="824" Offs="8"/>
   </type>
   <type Family="typedef" Name="GPIOSpeed_TypeDef" Line="62" ID="9643" toTI="9616"/>
   <type Family="typedef" Name="GPIOMode_TypeDef" Line="79" ID="9712" toTI="9654"/>
   <type Family="ComponentList" Line="91" ID="9723">
    <Component Name="GPIO_Pin" TI="9731" Line="92" Offs="0"/>
    <Component Name="GPIO_Speed" TI="9745" Line="95" Offs="2"/>
    <Component Name="GPIO_Mode" TI="9759" Line="98" Offs="3"/>
   </type>
   <type Family="typedef" Name="GPIO_InitTypeDef" Line="100" ID="9774" toTI="9723"/>
   <type Family="typedef" Name="BitAction" Line="110" ID="9806" toTI="9785"/>
   <type Family="Pointer" TI="9856" toTI="9774"/>
   <function Name="GPIO_EXTILineConfig" TI="0" FileName="D:\WkPjt\MStory2.0\Mango-Z1.Firmware\Libraries\STM32F10x_StdPeriph_Driver\src\stm32f10x_gpio.c" Line="577">
    <parameter Name="GPIO_PortSource" TI="9275" FileName="D:\WkPjt\MStory2.0\Mango-Z1.Firmware\Libraries\STM32F10x_StdPeriph_Driver\src\stm32f10x_gpio.c" Line="577" Addr="0x0" Param="Yes"/>
    <parameter Name="GPIO_PinSource" TI="9275" FileName="D:\WkPjt\MStory2.0\Mango-Z1.Firmware\Libraries\STM32F10x_StdPeriph_Driver\src\stm32f10x_gpio.c" Line="577" Addr="0x1" Param="Yes"/>
   </function >
   <type Family="Pointer" TI="10282" toTI="9544"/>
   <function Name="GPIO_ResetBits" TI="0" FileName="D:\WkPjt\MStory2.0\Mango-Z1.Firmware\Libraries\STM32F10x_StdPeriph_Driver\src\stm32f10x_gpio.c" Line="374">
    <parameter Name="GPIOx" TI="10282" FileName="D:\WkPjt\MStory2.0\Mango-Z1.Firmware\Libraries\STM32F10x_StdPeriph_Driver\src\stm32f10x_gpio.c" Line="374" Addr="0x0" Param="Yes"/>
    <parameter Name="GPIO_Pin" TI="9300" FileName="D:\WkPjt\MStory2.0\Mango-Z1.Firmware\Libraries\STM32F10x_StdPeriph_Driver\src\stm32f10x_gpio.c" Line="374" Addr="0x1" Param="Yes"/>
   </function >
   <function Name="GPIO_SetBits" TI="0" FileName="D:\WkPjt\MStory2.0\Mango-Z1.Firmware\Libraries\STM32F10x_StdPeriph_Driver\src\stm32f10x_gpio.c" Line="358">
    <parameter Name="GPIOx" TI="10282" FileName="D:\WkPjt\MStory2.0\Mango-Z1.Firmware\Libraries\STM32F10x_StdPeriph_Driver\src\stm32f10x_gpio.c" Line="358" Addr="0x0" Param="Yes"/>
    <parameter Name="GPIO_Pin" TI="9300" FileName="D:\WkPjt\MStory2.0\Mango-Z1.Firmware\Libraries\STM32F10x_StdPeriph_Driver\src\stm32f10x_gpio.c" Line="358" Addr="0x1" Param="Yes"/>
   </function >
   <function Name="GPIO_ReadInputDataBit" TI="9275" FileName="D:\WkPjt\MStory2.0\Mango-Z1.Firmware\Libraries\STM32F10x_StdPeriph_Driver\src\stm32f10x_gpio.c" Line="281">
    <parameter Name="GPIOx" TI="10282" FileName="D:\WkPjt\MStory2.0\Mango-Z1.Firmware\Libraries\STM32F10x_StdPeriph_Driver\src\stm32f10x_gpio.c" Line="281" Addr="0x0" Param="Yes"/>
    <parameter Name="GPIO_Pin" TI="9300" FileName="D:\WkPjt\MStory2.0\Mango-Z1.Firmware\Libraries\STM32F10x_StdPeriph_Driver\src\stm32f10x_gpio.c" Line="281" Addr="0x1" Param="Yes"/>
   </function >
   <function Name="GPIO_Init" TI="0" FileName="D:\WkPjt\MStory2.0\Mango-Z1.Firmware\Libraries\STM32F10x_StdPeriph_Driver\src\stm32f10x_gpio.c" Line="173">
    <parameter Name="GPIOx" TI="10282" FileName="D:\WkPjt\MStory2.0\Mango-Z1.Firmware\Libraries\STM32F10x_StdPeriph_Driver\src\stm32f10x_gpio.c" Line="173" Addr="0x0" Param="Yes"/>
    <parameter Name="GPIO_InitStruct" TI="9856" FileName="D:\WkPjt\MStory2.0\Mango-Z1.Firmware\Libraries\STM32F10x_StdPeriph_Driver\src\stm32f10x_gpio.c" Line="173" Addr="0x1" Param="Yes"/>
    <variable Name="currentmode" FileName="D:\WkPjt\MStory2.0\Mango-Z1.Firmware\Libraries\STM32F10x_StdPeriph_Driver\src\stm32f10x_gpio.c" Line="174" Addr="0x7" TI="9325"/>
    <variable Name="currentpin" FileName="D:\WkPjt\MStory2.0\Mango-Z1.Firmware\Libraries\STM32F10x_StdPeriph_Driver\src\stm32f10x_gpio.c" Line="174" Addr="0x1" TI="9325"/>
    <variable Name="pinpos" FileName="D:\WkPjt\MStory2.0\Mango-Z1.Firmware\Libraries\STM32F10x_StdPeriph_Driver\src\stm32f10x_gpio.c" Line="174" Addr="0x0" TI="9325"/>
    <variable Name="pos" FileName="D:\WkPjt\MStory2.0\Mango-Z1.Firmware\Libraries\STM32F10x_StdPeriph_Driver\src\stm32f10x_gpio.c" Line="174" Addr="0x3" TI="9325"/>
    <variable Name="tmpreg" FileName="D:\WkPjt\MStory2.0\Mango-Z1.Firmware\Libraries\STM32F10x_StdPeriph_Driver\src\stm32f10x_gpio.c" Line="175" Addr="0x6" TI="9325"/>
   </function >
  </module>
  <module Name="D:\WkPjt\MStory2.0\Mango-Z1.Firmware\Libraries\STM32F10x_StdPeriph_Driver\src\stm32f10x_rcc.c" >
   <type Family="Base" Name="signed char" ID="11018"/>
   <type Family="Base" Name="unsigned char" ID="11036"/>
   <type Family="typedef" Name="uint8_t" Line="46" ID="11025" toTI="11036"/>
   <type Family="Base" Name="short int" ID="11043"/>
   <type Family="Base" Name="short unsigned int" ID="11050"/>
   <type Family="Base" Name="long int" ID="11057"/>
   <type Family="Base" Name="long unsigned int" ID="11075"/>
   <type Family="typedef" Name="uint32_t" Line="84" ID="11064" toTI="11075"/>
   <type Family="Base" Name="long long int" ID="11082"/>
   <type Family="Base" Name="long long unsigned int" ID="11089"/>
   <type Family="Base" Name="int" ID="11096"/>
   <type Family="Base" Name="unsigned int" ID="11103"/>
   <type Family="typedef" Name="FlagStatus" Line="352" ID="11140" toTI="11118"/>
   <type Family="typedef" Name="ITStatus" Line="352" ID="11152" toTI="11118"/>
   <type Family="typedef" Name="FunctionalState" Line="354" ID="11186" toTI="11164"/>
   <type Family="typedef" Name="ErrorStatus" Line="357" ID="11220" toTI="11198"/>
   <type Family="ComponentList" Line="879" ID="11232">
    <Component Name="CR" TI="11241" Line="880" Offs="0"/>
    <Component Name="CFGR" TI="11255" Line="881" Offs="4"/>
    <Component Name="CIR" TI="11270" Line="882" Offs="8"/>
    <Component Name="APB2RSTR" TI="11285" Line="883" Offs="12"/>
    <Component Name="APB1RSTR" TI="11300" Line="884" Offs="16"/>
    <Component Name="AHBENR" TI="11315" Line="885" Offs="20"/>
    <Component Name="APB2ENR" TI="11330" Line="886" Offs="24"/>
    <Component Name="APB1ENR" TI="11345" Line="887" Offs="28"/>
    <Component Name="BDCR" TI="11360" Line="888" Offs="32"/>
    <Component Name="CSR" TI="11375" Line="889" Offs="36"/>
   </type>
   <type Family="ComponentList" Line="46" ID="11391">
    <Component Name="SYSCLK_Frequency" TI="11399" Line="47" Offs="0"/>
    <Component Name="HCLK_Frequency" TI="11413" Line="48" Offs="4"/>
    <Component Name="PCLK1_Frequency" TI="11427" Line="49" Offs="8"/>
    <Component Name="PCLK2_Frequency" TI="11441" Line="50" Offs="12"/>
    <Component Name="ADCCLK_Frequency" TI="11455" Line="51" Offs="16"/>
   </type>
   <type Family="typedef" Name="RCC_ClocksTypeDef" Line="52" ID="11470" toTI="11391"/>
   <function Name="RCC_GetClocksFreq" TI="0" FileName="D:\WkPjt\MStory2.0\Mango-Z1.Firmware\Libraries\STM32F10x_StdPeriph_Driver\src\stm32f10x_rcc.c" Line="903">
   <type Family="Pointer" TI="11623" toTI="11470"/>
    <parameter Name="RCC_Clocks" TI="11623" FileName="D:\WkPjt\MStory2.0\Mango-Z1.Firmware\Libraries\STM32F10x_StdPeriph_Driver\src\stm32f10x_rcc.c" Line="903" Addr="0x0" Param="Yes"/>
    <variable Name="tmp" FileName="D:\WkPjt\MStory2.0\Mango-Z1.Firmware\Libraries\STM32F10x_StdPeriph_Driver\src\stm32f10x_rcc.c" Line="904" Addr="0x3" TI="11064"/>
    <variable Name="pllmull" FileName="D:\WkPjt\MStory2.0\Mango-Z1.Firmware\Libraries\STM32F10x_StdPeriph_Driver\src\stm32f10x_rcc.c" Line="904" Addr="0x1" TI="11064"/>
   </function >
   <function Name="RCC_APB2PeriphClockCmd" TI="0" FileName="D:\WkPjt\MStory2.0\Mango-Z1.Firmware\Libraries\STM32F10x_StdPeriph_Driver\src\stm32f10x_rcc.c" Line="1077">
    <parameter Name="RCC_APB2Periph" TI="11064" FileName="D:\WkPjt\MStory2.0\Mango-Z1.Firmware\Libraries\STM32F10x_StdPeriph_Driver\src\stm32f10x_rcc.c" Line="1077" Addr="0x0" Param="Yes"/>
    <parameter Name="NewState" TI="11186" FileName="D:\WkPjt\MStory2.0\Mango-Z1.Firmware\Libraries\STM32F10x_StdPeriph_Driver\src\stm32f10x_rcc.c" Line="1077" Addr="0x1" Param="Yes"/>
   </function >
   <type Family="array" ID="13157" toTI="11025"/>
   <variable Name="APBAHBPrescTable" FileName="D:\WkPjt\MStory2.0\Mango-Z1.Firmware\Libraries\STM32F10x_StdPeriph_Driver\src\stm32f10x_rcc.c" Line="200" Addr="0x20000000" TI="13190"/>
   <type Family="array" ID="13200" toTI="11025"/>
   <variable Name="ADCPrescTable" FileName="D:\WkPjt\MStory2.0\Mango-Z1.Firmware\Libraries\STM32F10x_StdPeriph_Driver\src\stm32f10x_rcc.c" Line="201" Addr="0x20000010" TI="13233"/>
  </module>
  <module Name="D:\WkPjt\MStory2.0\Mango-Z1.Firmware\Libraries\STM32F10x_StdPeriph_Driver\src\misc.c" >
   <type Family="Base" Name="signed char" ID="13281"/>
   <type Family="Base" Name="unsigned char" ID="13299"/>
   <type Family="typedef" Name="uint8_t" Line="46" ID="13288" toTI="13299"/>
   <type Family="Base" Name="short int" ID="13306"/>
   <type Family="Base" Name="short unsigned int" ID="13313"/>
   <type Family="Base" Name="long int" ID="13320"/>
   <type Family="Base" Name="long unsigned int" ID="13338"/>
   <type Family="typedef" Name="uint32_t" Line="84" ID="13327" toTI="13338"/>
   <type Family="Base" Name="long long int" ID="13345"/>
   <type Family="Base" Name="long long unsigned int" ID="13352"/>
   <type Family="Base" Name="int" ID="13359"/>
   <type Family="Base" Name="unsigned int" ID="13366"/>
   <type Family="ComponentList" Line="135" ID="13373">
   <type Family="array" ID="13575" toTI="13327"/>
    <Component Name="ISER" TI="13382" Line="136" Offs="0"/>
   <type Family="array" ID="13599" toTI="13327"/>
    <Component Name="RESERVED0" TI="13396" Line="137" Offs="32"/>
    <Component Name="ICER" TI="13410" Line="138" Offs="128"/>
    <Component Name="RSERVED1" TI="13425" Line="139" Offs="160"/>
    <Component Name="ISPR" TI="13440" Line="140" Offs="256"/>
    <Component Name="RESERVED2" TI="13455" Line="141" Offs="288"/>
    <Component Name="ICPR" TI="13470" Line="142" Offs="384"/>
    <Component Name="RESERVED3" TI="13485" Line="143" Offs="416"/>
    <Component Name="IABR" TI="13500" Line="144" Offs="512"/>
   <type Family="array" ID="13635" toTI="13327"/>
    <Component Name="RESERVED4" TI="13515" Line="145" Offs="544"/>
   <type Family="array" ID="13651" toTI="13288"/>
    <Component Name="IP" TI="13530" Line="146" Offs="768"/>
   <type Family="array" ID="13672" toTI="13327"/>
    <Component Name="RESERVED5" TI="13544" Line="147" Offs="1008"/>
    <Component Name="STIR" TI="13559" Line="148" Offs="3584"/>
   </type>
   <type Family="ComponentList" Line="154" ID="13694">
    <Component Name="CPUID" TI="13702" Line="155" Offs="0"/>
    <Component Name="ICSR" TI="13716" Line="156" Offs="4"/>
    <Component Name="VTOR" TI="13730" Line="157" Offs="8"/>
    <Component Name="AIRCR" TI="13744" Line="158" Offs="12"/>
    <Component Name="SCR" TI="13758" Line="159" Offs="16"/>
    <Component Name="CCR" TI="13772" Line="160" Offs="20"/>
   <type Family="array" ID="13974" toTI="13288"/>
    <Component Name="SHP" TI="13786" Line="161" Offs="24"/>
    <Component Name="SHCSR" TI="13800" Line="162" Offs="36"/>
    <Component Name="CFSR" TI="13814" Line="163" Offs="40"/>
    <Component Name="HFSR" TI="13828" Line="164" Offs="44"/>
    <Component Name="DFSR" TI="13842" Line="165" Offs="48"/>
    <Component Name="MMFAR" TI="13856" Line="166" Offs="52"/>
    <Component Name="BFAR" TI="13870" Line="167" Offs="56"/>
    <Component Name="AFSR" TI="13884" Line="168" Offs="60"/>
   <type Family="array" ID="13995" toTI="13327"/>
    <Component Name="PFR" TI="13898" Line="169" Offs="64"/>
    <Component Name="DFR" TI="13912" Line="170" Offs="72"/>
    <Component Name="ADR" TI="13926" Line="171" Offs="76"/>
   <type Family="array" ID="14021" toTI="13327"/>
    <Component Name="MMFR" TI="13940" Line="172" Offs="80"/>
   <type Family="array" ID="14047" toTI="13327"/>
    <Component Name="ISAR" TI="13954" Line="173" Offs="96"/>
   </type>
   <type Family="ComponentList" Line="179" ID="14073">
    <Component Name="CTRL" TI="14081" Line="180" Offs="0"/>
    <Component Name="LOAD" TI="14095" Line="181" Offs="4"/>
    <Component Name="VAL" TI="14109" Line="182" Offs="8"/>
    <Component Name="CALIB" TI="14123" Line="183" Offs="12"/>
   </type>
   <type Family="typedef" Name="FunctionalState" Line="354" ID="14160" toTI="14138"/>
   <type Family="ComponentList" Line="50" ID="14172">
    <Component Name="NVIC_IRQChannel" TI="14180" Line="51" Offs="0"/>
    <Component Name="NVIC_IRQChannelPreemptionPriority" TI="14194" Line="56" Offs="1"/>
    <Component Name="NVIC_IRQChannelSubPriority" TI="14208" Line="60" Offs="2"/>
    <Component Name="NVIC_IRQChannelCmd" TI="14222" Line="64" Offs="3"/>
   </type>
   <type Family="typedef" Name="NVIC_InitTypeDef" Line="67" ID="14237" toTI="14172"/>
   <function Name="NVIC_SetVectorTable" TI="0" FileName="D:\WkPjt\MStory2.0\Mango-Z1.Firmware\Libraries\STM32F10x_StdPeriph_Driver\src\misc.c" Line="155">
    <parameter Name="NVIC_VectTab" TI="13327" FileName="D:\WkPjt\MStory2.0\Mango-Z1.Firmware\Libraries\STM32F10x_StdPeriph_Driver\src\misc.c" Line="155" Addr="0x0" Param="Yes"/>
    <parameter Name="Offset" TI="13327" FileName="D:\WkPjt\MStory2.0\Mango-Z1.Firmware\Libraries\STM32F10x_StdPeriph_Driver\src\misc.c" Line="155" Addr="0x1" Param="Yes"/>
   </function >
   <function Name="NVIC_Init" TI="0" FileName="D:\WkPjt\MStory2.0\Mango-Z1.Firmware\Libraries\STM32F10x_StdPeriph_Driver\src\misc.c" Line="112">
   <type Family="Pointer" TI="14479" toTI="14237"/>
    <parameter Name="NVIC_InitStruct" TI="14479" FileName="D:\WkPjt\MStory2.0\Mango-Z1.Firmware\Libraries\STM32F10x_StdPeriph_Driver\src\misc.c" Line="112" Addr="0x0" Param="Yes"/>
    <variable Name="tmppriority" FileName="D:\WkPjt\MStory2.0\Mango-Z1.Firmware\Libraries\STM32F10x_StdPeriph_Driver\src\misc.c" Line="113" Addr="0x2" TI="13327"/>
   </function >
   <function Name="NVIC_PriorityGroupConfig" TI="0" FileName="D:\WkPjt\MStory2.0\Mango-Z1.Firmware\Libraries\STM32F10x_StdPeriph_Driver\src\misc.c" Line="96">
    <parameter Name="NVIC_PriorityGroup" TI="13327" FileName="D:\WkPjt\MStory2.0\Mango-Z1.Firmware\Libraries\STM32F10x_StdPeriph_Driver\src\misc.c" Line="96" Addr="0x0" Param="Yes"/>
   </function >
  </module>
  <module Name="D:\WkPjt\MStory2.0\Mango-Z1.Firmware\Libraries\STM32F10x_StdPeriph_Driver\src\stm32f10x_exti.c" >
   <type Family="Base" Name="signed char" ID="14560"/>
   <type Family="Base" Name="unsigned char" ID="14567"/>
   <type Family="Base" Name="short int" ID="14574"/>
   <type Family="Base" Name="short unsigned int" ID="14581"/>
   <type Family="Base" Name="long int" ID="14588"/>
   <type Family="Base" Name="long unsigned int" ID="14606"/>
   <type Family="typedef" Name="uint32_t" Line="84" ID="14595" toTI="14606"/>
   <type Family="Base" Name="long long int" ID="14613"/>
   <type Family="Base" Name="long long unsigned int" ID="14620"/>
   <type Family="Base" Name="int" ID="14627"/>
   <type Family="Base" Name="unsigned int" ID="14634"/>
   <type Family="typedef" Name="FlagStatus" Line="352" ID="14671" toTI="14649"/>
   <type Family="typedef" Name="ITStatus" Line="352" ID="14683" toTI="14649"/>
   <type Family="typedef" Name="FunctionalState" Line="354" ID="14717" toTI="14695"/>
   <type Family="ComponentList" Line="700" ID="14729">
    <Component Name="IMR" TI="14738" Line="701" Offs="0"/>
    <Component Name="EMR" TI="14753" Line="702" Offs="4"/>
    <Component Name="RTSR" TI="14768" Line="703" Offs="8"/>
    <Component Name="FTSR" TI="14783" Line="704" Offs="12"/>
    <Component Name="SWIER" TI="14798" Line="705" Offs="16"/>
    <Component Name="PR" TI="14813" Line="706" Offs="20"/>
   </type>
   <type Family="typedef" Name="EXTIMode_TypeDef" Line="53" ID="14849" toTI="14828"/>
   <type Family="typedef" Name="EXTITrigger_TypeDef" Line="66" ID="14887" toTI="14860"/>
   <type Family="ComponentList" Line="76" ID="14898">
    <Component Name="EXTI_Line" TI="14906" Line="77" Offs="0"/>
    <Component Name="EXTI_Mode" TI="14920" Line="80" Offs="4"/>
    <Component Name="EXTI_Trigger" TI="14934" Line="83" Offs="5"/>
    <Component Name="EXTI_LineCmd" TI="14948" Line="86" Offs="6"/>
   </type>
   <type Family="typedef" Name="EXTI_InitTypeDef" Line="88" ID="14963" toTI="14898"/>
   <type Family="Pointer" TI="15030" toTI="14963"/>
   <function Name="EXTI_ClearITPendingBit" TI="0" FileName="D:\WkPjt\MStory2.0\Mango-Z1.Firmware\Libraries\STM32F10x_StdPeriph_Driver\src\stm32f10x_exti.c" Line="249">
    <parameter Name="EXTI_Line" TI="14595" FileName="D:\WkPjt\MStory2.0\Mango-Z1.Firmware\Libraries\STM32F10x_StdPeriph_Driver\src\stm32f10x_exti.c" Line="249" Addr="0x0" Param="Yes"/>
   </function >
   <function Name="EXTI_GetITStatus" TI="14683" FileName="D:\WkPjt\MStory2.0\Mango-Z1.Firmware\Libraries\STM32F10x_StdPeriph_Driver\src\stm32f10x_exti.c" Line="224">
    <parameter Name="EXTI_Line" TI="14595" FileName="D:\WkPjt\MStory2.0\Mango-Z1.Firmware\Libraries\STM32F10x_StdPeriph_Driver\src\stm32f10x_exti.c" Line="224" Addr="0x0" Param="Yes"/>
    <variable Name="bitstatus" FileName="D:\WkPjt\MStory2.0\Mango-Z1.Firmware\Libraries\STM32F10x_StdPeriph_Driver\src\stm32f10x_exti.c" Line="225" Addr="0x0" TI="14683"/>
   </function >
   <function Name="EXTI_Init" TI="0" FileName="D:\WkPjt\MStory2.0\Mango-Z1.Firmware\Libraries\STM32F10x_StdPeriph_Driver\src\stm32f10x_exti.c" Line="101">
    <parameter Name="EXTI_InitStruct" TI="15030" FileName="D:\WkPjt\MStory2.0\Mango-Z1.Firmware\Libraries\STM32F10x_StdPeriph_Driver\src\stm32f10x_exti.c" Line="101" Addr="0x0" Param="Yes"/>
   </function >
  </module>
  <module Name="D:\WkPjt\MStory2.0\Mango-Z1.Firmware\Libraries\STM32F10x_StdPeriph_Driver\src\stm32f10x_spi.c" >
   <type Family="Base" Name="signed char" ID="15372"/>
   <type Family="Base" Name="unsigned char" ID="15390"/>
   <type Family="typedef" Name="uint8_t" Line="46" ID="15379" toTI="15390"/>
   <type Family="Base" Name="short int" ID="15397"/>
   <type Family="Base" Name="short unsigned int" ID="15415"/>
   <type Family="typedef" Name="uint16_t" Line="58" ID="15404" toTI="15415"/>
   <type Family="Base" Name="long int" ID="15422"/>
   <type Family="Base" Name="long unsigned int" ID="15440"/>
   <type Family="typedef" Name="uint32_t" Line="84" ID="15429" toTI="15440"/>
   <type Family="Base" Name="long long int" ID="15447"/>
   <type Family="Base" Name="long long unsigned int" ID="15454"/>
   <type Family="Base" Name="int" ID="15461"/>
   <type Family="Base" Name="unsigned int" ID="15468"/>
   <type Family="typedef" Name="FlagStatus" Line="352" ID="15505" toTI="15483"/>
   <type Family="typedef" Name="ITStatus" Line="352" ID="15517" toTI="15483"/>
   <type Family="typedef" Name="FunctionalState" Line="354" ID="15551" toTI="15529"/>
   <type Family="ComponentList" Line="957" ID="15563">
    <Component Name="CR1" TI="15572" Line="958" Offs="0"/>
    <Component Name="RESERVED0" TI="15587" Line="959" Offs="2"/>
    <Component Name="CR2" TI="15602" Line="960" Offs="4"/>
    <Component Name="RESERVED1" TI="15617" Line="961" Offs="6"/>
    <Component Name="SR" TI="15632" Line="962" Offs="8"/>
    <Component Name="RESERVED2" TI="15646" Line="963" Offs="10"/>
    <Component Name="DR" TI="15661" Line="964" Offs="12"/>
    <Component Name="RESERVED3" TI="15675" Line="965" Offs="14"/>
    <Component Name="CRCPR" TI="15690" Line="966" Offs="16"/>
    <Component Name="RESERVED4" TI="15705" Line="967" Offs="18"/>
    <Component Name="RXCRCR" TI="15720" Line="968" Offs="20"/>
    <Component Name="RESERVED5" TI="15735" Line="969" Offs="22"/>
    <Component Name="TXCRCR" TI="15750" Line="970" Offs="24"/>
    <Component Name="RESERVED6" TI="15765" Line="971" Offs="26"/>
    <Component Name="I2SCFGR" TI="15780" Line="972" Offs="28"/>
    <Component Name="RESERVED7" TI="15795" Line="973" Offs="30"/>
    <Component Name="I2SPR" TI="15810" Line="974" Offs="32"/>
    <Component Name="RESERVED8" TI="15825" Line="975" Offs="34"/>
   </type>
   <type Family="typedef" Name="SPI_TypeDef" Line="976" ID="15841" toTI="15563"/>
   <type Family="ComponentList" Line="46" ID="15853">
    <Component Name="SYSCLK_Frequency" TI="15861" Line="47" Offs="0"/>
    <Component Name="HCLK_Frequency" TI="15875" Line="48" Offs="4"/>
    <Component Name="PCLK1_Frequency" TI="15889" Line="49" Offs="8"/>
    <Component Name="PCLK2_Frequency" TI="15903" Line="50" Offs="12"/>
    <Component Name="ADCCLK_Frequency" TI="15917" Line="51" Offs="16"/>
   </type>
   <type Family="typedef" Name="RCC_ClocksTypeDef" Line="52" ID="15932" toTI="15853"/>
   <type Family="ComponentList" Line="50" ID="15943">
    <Component Name="SPI_Direction" TI="15951" Line="51" Offs="0"/>
    <Component Name="SPI_Mode" TI="15965" Line="54" Offs="2"/>
    <Component Name="SPI_DataSize" TI="15979" Line="57" Offs="4"/>
    <Component Name="SPI_CPOL" TI="15993" Line="60" Offs="6"/>
    <Component Name="SPI_CPHA" TI="16007" Line="63" Offs="8"/>
    <Component Name="SPI_NSS" TI="16021" Line="66" Offs="10"/>
    <Component Name="SPI_BaudRatePrescaler" TI="16035" Line="70" Offs="12"/>
    <Component Name="SPI_FirstBit" TI="16049" Line="76" Offs="14"/>
    <Component Name="SPI_CRCPolynomial" TI="16063" Line="79" Offs="16"/>
   </type>
   <type Family="typedef" Name="SPI_InitTypeDef" Line="80" ID="16078" toTI="15943"/>
   <type Family="ComponentList" Line="87" ID="16089">
    <Component Name="I2S_Mode" TI="16097" Line="89" Offs="0"/>
    <Component Name="I2S_Standard" TI="16111" Line="92" Offs="2"/>
    <Component Name="I2S_DataFormat" TI="16125" Line="95" Offs="4"/>
    <Component Name="I2S_MCLKOutput" TI="16139" Line="98" Offs="6"/>
    <Component Name="I2S_AudioFreq" TI="16153" Line="101" Offs="8"/>
    <Component Name="I2S_CPOL" TI="16167" Line="104" Offs="10"/>
   </type>
   <type Family="typedef" Name="I2S_InitTypeDef" Line="106" ID="16182" toTI="16089"/>
   <type Family="Pointer" TI="16232" toTI="16078"/>
   <type Family="Pointer" TI="16277" toTI="16182"/>
   <type Family="Pointer" TI="16354" toTI="15841"/>
   <function Name="SPI_I2S_GetFlagStatus" TI="15505" FileName="D:\WkPjt\MStory2.0\Mango-Z1.Firmware\Libraries\STM32F10x_StdPeriph_Driver\src\stm32f10x_spi.c" Line="766">
    <parameter Name="SPIx" TI="16354" FileName="D:\WkPjt\MStory2.0\Mango-Z1.Firmware\Libraries\STM32F10x_StdPeriph_Driver\src\stm32f10x_spi.c" Line="766" Addr="0x0" Param="Yes"/>
    <parameter Name="SPI_I2S_FLAG" TI="15404" FileName="D:\WkPjt\MStory2.0\Mango-Z1.Firmware\Libraries\STM32F10x_StdPeriph_Driver\src\stm32f10x_spi.c" Line="766" Addr="0x1" Param="Yes"/>
   </function >
   <function Name="SPI_I2S_ReceiveData" TI="15404" FileName="D:\WkPjt\MStory2.0\Mango-Z1.Firmware\Libraries\STM32F10x_StdPeriph_Driver\src\stm32f10x_spi.c" Line="563">
    <parameter Name="SPIx" TI="16354" FileName="D:\WkPjt\MStory2.0\Mango-Z1.Firmware\Libraries\STM32F10x_StdPeriph_Driver\src\stm32f10x_spi.c" Line="563" Addr="0x0" Param="Yes"/>
   </function >
   <function Name="SPI_I2S_SendData" TI="0" FileName="D:\WkPjt\MStory2.0\Mango-Z1.Firmware\Libraries\STM32F10x_StdPeriph_Driver\src\stm32f10x_spi.c" Line="547">
    <parameter Name="SPIx" TI="16354" FileName="D:\WkPjt\MStory2.0\Mango-Z1.Firmware\Libraries\STM32F10x_StdPeriph_Driver\src\stm32f10x_spi.c" Line="547" Addr="0x0" Param="Yes"/>
    <parameter Name="Data" TI="15404" FileName="D:\WkPjt\MStory2.0\Mango-Z1.Firmware\Libraries\STM32F10x_StdPeriph_Driver\src\stm32f10x_spi.c" Line="547" Addr="0x1" Param="Yes"/>
   </function >
   <function Name="SPI_Cmd" TI="0" FileName="D:\WkPjt\MStory2.0\Mango-Z1.Firmware\Libraries\STM32F10x_StdPeriph_Driver\src\stm32f10x_spi.c" Line="427">
    <parameter Name="SPIx" TI="16354" FileName="D:\WkPjt\MStory2.0\Mango-Z1.Firmware\Libraries\STM32F10x_StdPeriph_Driver\src\stm32f10x_spi.c" Line="427" Addr="0x0" Param="Yes"/>
    <parameter Name="NewState" TI="15551" FileName="D:\WkPjt\MStory2.0\Mango-Z1.Firmware\Libraries\STM32F10x_StdPeriph_Driver\src\stm32f10x_spi.c" Line="427" Addr="0x1" Param="Yes"/>
   </function >
   <function Name="SPI_Init" TI="0" FileName="D:\WkPjt\MStory2.0\Mango-Z1.Firmware\Libraries\STM32F10x_StdPeriph_Driver\src\stm32f10x_spi.c" Line="158">
    <parameter Name="SPIx" TI="16354" FileName="D:\WkPjt\MStory2.0\Mango-Z1.Firmware\Libraries\STM32F10x_StdPeriph_Driver\src\stm32f10x_spi.c" Line="158" Addr="0x0" Param="Yes"/>
    <parameter Name="SPI_InitStruct" TI="16232" FileName="D:\WkPjt\MStory2.0\Mango-Z1.Firmware\Libraries\STM32F10x_StdPeriph_Driver\src\stm32f10x_spi.c" Line="158" Addr="0x1" Param="Yes"/>
    <variable Name="tmpreg" FileName="D:\WkPjt\MStory2.0\Mango-Z1.Firmware\Libraries\STM32F10x_StdPeriph_Driver\src\stm32f10x_spi.c" Line="159" Addr="0x1" TI="15404"/>
   </function >
  </module>
  <module Name="D:\WkPjt\MStory2.0\Mango-Z1.Firmware\Libraries\CMSIS\Core\CM3\system_stm32f10x.c" >
   <type Family="Base" Name="signed char" ID="17777"/>
   <type Family="Base" Name="unsigned char" ID="17784"/>
   <type Family="Base" Name="short int" ID="17791"/>
   <type Family="Base" Name="short unsigned int" ID="17798"/>
   <type Family="Base" Name="long int" ID="17805"/>
   <type Family="Base" Name="long unsigned int" ID="17823"/>
   <type Family="typedef" Name="uint32_t" Line="84" ID="17812" toTI="17823"/>
   <type Family="Base" Name="long long int" ID="17830"/>
   <type Family="Base" Name="long long unsigned int" ID="17837"/>
   <type Family="Base" Name="int" ID="17844"/>
   <type Family="Base" Name="unsigned int" ID="17851"/>
   <type Family="ComponentList" Line="714" ID="17893">
    <Component Name="ACR" TI="17902" Line="715" Offs="0"/>
    <Component Name="KEYR" TI="17917" Line="716" Offs="4"/>
    <Component Name="OPTKEYR" TI="17932" Line="717" Offs="8"/>
    <Component Name="SR" TI="17947" Line="718" Offs="12"/>
    <Component Name="CR" TI="17961" Line="719" Offs="16"/>
    <Component Name="AR" TI="17975" Line="720" Offs="20"/>
    <Component Name="RESERVED" TI="17989" Line="721" Offs="24"/>
    <Component Name="OBR" TI="18004" Line="722" Offs="28"/>
    <Component Name="WRPR" TI="18019" Line="723" Offs="32"/>
   </type>
   <type Family="ComponentList" Line="879" ID="18035">
    <Component Name="CR" TI="18044" Line="880" Offs="0"/>
    <Component Name="CFGR" TI="18058" Line="881" Offs="4"/>
    <Component Name="CIR" TI="18073" Line="882" Offs="8"/>
    <Component Name="APB2RSTR" TI="18088" Line="883" Offs="12"/>
    <Component Name="APB1RSTR" TI="18103" Line="884" Offs="16"/>
    <Component Name="AHBENR" TI="18118" Line="885" Offs="20"/>
    <Component Name="APB2ENR" TI="18133" Line="886" Offs="24"/>
    <Component Name="APB1ENR" TI="18148" Line="887" Offs="28"/>
    <Component Name="BDCR" TI="18163" Line="888" Offs="32"/>
    <Component Name="CSR" TI="18178" Line="889" Offs="36"/>
   </type>
   <function Name="SystemInit" TI="0" FileName="D:\WkPjt\MStory2.0\Mango-Z1.Firmware\Libraries\CMSIS\Core\CM3\system_stm32f10x.c" Line="188">
    <variable Name="StartUpCounter" FileName="D:\WkPjt\MStory2.0\Mango-Z1.Firmware\Libraries\CMSIS\Core\CM3\system_stm32f10x.c" Line="820" Addr="0x3400000C" TI="0"/>
    <variable Name="HSEStatus" FileName="D:\WkPjt\MStory2.0\Mango-Z1.Firmware\Libraries\CMSIS\Core\CM3\system_stm32f10x.c" Line="820" Addr="0x34000008" TI="0"/>
   </function >
   <variable Name="SystemFrequency" FileName="D:\WkPjt\MStory2.0\Mango-Z1.Firmware\Libraries\CMSIS\Core\CM3\system_stm32f10x.c" Line="135" Addr="0x0" TI="17866"/>
   <variable Name="SystemFrequency_SysClk" FileName="D:\WkPjt\MStory2.0\Mango-Z1.Firmware\Libraries\CMSIS\Core\CM3\system_stm32f10x.c" Line="136" Addr="0x0" TI="17866"/>
   <variable Name="SystemFrequency_AHBClk" FileName="D:\WkPjt\MStory2.0\Mango-Z1.Firmware\Libraries\CMSIS\Core\CM3\system_stm32f10x.c" Line="137" Addr="0x0" TI="17866"/>
   <variable Name="SystemFrequency_APB1Clk" FileName="D:\WkPjt\MStory2.0\Mango-Z1.Firmware\Libraries\CMSIS\Core\CM3\system_stm32f10x.c" Line="138" Addr="0x0" TI="17866"/>
   <variable Name="SystemFrequency_APB2Clk" FileName="D:\WkPjt\MStory2.0\Mango-Z1.Firmware\Libraries\CMSIS\Core\CM3\system_stm32f10x.c" Line="139" Addr="0x0" TI="17866"/>
  </module>
  <module Name="D:\WkPjt\MStory2.0\Mango-Z1.Firmware\Z1.Src006.SPI.CC2520.ID\cc2520\util.c" >
   <type Family="Base" Name="signed char" ID="18455"/>
   <type Family="Base" Name="unsigned char" ID="18473"/>
   <type Family="typedef" Name="uint8" Line="22" ID="18462" toTI="18473"/>
   <type Family="Base" Name="short int" ID="18480"/>
   <type Family="Base" Name="short unsigned int" ID="18487"/>
   <type Family="Base" Name="long int" ID="18505"/>
   <type Family="typedef" Name="int32" Line="27" ID="18494" toTI="18505"/>
   <type Family="Base" Name="long unsigned int" ID="18512"/>
   <type Family="Base" Name="char" ID="18530"/>
   <type Family="Pointer" TI="18519" toTI="18525"/>
   <type Family="Base" Name="long long int" ID="18537"/>
   <type Family="Base" Name="long long unsigned int" ID="18544"/>
   <type Family="Base" Name="int" ID="18551"/>
   <type Family="Base" Name="unsigned int" ID="18558"/>
   <type Family="Pointer" TI="18744" toTI="18530"/>
   <type Family="Pointer" TI="18888" toTI="18462"/>
   <type Family="array" ID="18894" toTI="18530"/>
  </module>
  <module Name="D:\WkPjt\MStory2.0\Mango-Z1.Firmware\Z1.Src006.SPI.CC2520.ID\cc2520\basic_rf.c" >
   <type Family="Base" Name="signed char" ID="18944"/>
   <type Family="Base" Name="unsigned char" ID="18951"/>
   <type Family="Base" Name="short int" ID="18958"/>
   <type Family="Base" Name="short unsigned int" ID="18965"/>
   <type Family="Base" Name="long int" ID="18972"/>
   <type Family="Base" Name="long unsigned int" ID="18979"/>
   <type Family="Base" Name="long long int" ID="18986"/>
   <type Family="Base" Name="long long unsigned int" ID="18993"/>
   <type Family="Base" Name="int" ID="19000"/>
   <type Family="Base" Name="unsigned int" ID="19007"/>
   <type Family="Base" Name="char" ID="19061"/>
   <type Family="typedef" Name="int8" Line="21" ID="19068" toTI="18944"/>
   <type Family="typedef" Name="uint8" Line="22" ID="19079" toTI="18951"/>
   <type Family="typedef" Name="int16" Line="24" ID="19090" toTI="18958"/>
   <type Family="typedef" Name="uint16" Line="25" ID="19101" toTI="18965"/>
   <type Family="typedef" Name="uint32" Line="28" ID="19112" toTI="18979"/>
   <type Family="ComponentList" Line="58" ID="19123">
    <Component Name="myAddr" TI="19131" Line="59" Offs="0"/>
    <Component Name="panId" TI="19145" Line="60" Offs="2"/>
    <Component Name="channel" TI="19159" Line="61" Offs="4"/>
    <Component Name="ackRequest" TI="19173" Line="62" Offs="5"/>
   </type>
   <type Family="typedef" Name="basicRfCfg_t" Line="67" ID="19188" toTI="19123"/>
   <type Family="ComponentList" Line="87" ID="19199">
    <Component Name="seqNumber" TI="19207" Line="88" Offs="0"/>
    <Component Name="srcAddr" TI="19221" Line="89" Offs="2"/>
    <Component Name="srcPanId" TI="19235" Line="90" Offs="4"/>
    <Component Name="length" TI="19249" Line="91" Offs="6"/>
   <type Family="Pointer" TI="19334" toTI="19079"/>
    <Component Name="pPayload" TI="19263" Line="92" Offs="8"/>
    <Component Name="ackRequest" TI="19277" Line="93" Offs="12"/>
    <Component Name="rssi" TI="19291" Line="94" Offs="13"/>
    <Component Name="isReady" TI="19305" Line="95" Offs="14"/>
    <Component Name="status" TI="19319" Line="96" Offs="15"/>
   </type>
   <type Family="typedef" Name="basicRfRxInfo_t" Line="97" ID="19345" toTI="19199"/>
   <type Family="ComponentList" Line="100" ID="19356">
    <Component Name="txSeqNumber" TI="19364" Line="101" Offs="0"/>
    <Component Name="ackReceived" TI="19378" Line="102" Offs="1"/>
    <Component Name="receiveOn" TI="19392" Line="103" Offs="2"/>
    <Component Name="frameCounter" TI="19406" Line="104" Offs="4"/>
   </type>
   <type Family="typedef" Name="basicRfTxState_t" Line="105" ID="19421" toTI="19356"/>
   <type Family="ComponentList" Line="109" ID="19432">
    <Component Name="packetLength" TI="19440" Line="110" Offs="0"/>
    <Component Name="fcf0" TI="19454" Line="111" Offs="1"/>
    <Component Name="fcf1" TI="19468" Line="112" Offs="2"/>
    <Component Name="seqNumber" TI="19482" Line="113" Offs="3"/>
    <Component Name="panId" TI="19496" Line="114" Offs="4"/>
    <Component Name="destAddr" TI="19510" Line="115" Offs="6"/>
    <Component Name="srcAddr" TI="19524" Line="116" Offs="8"/>
   </type>
   <type Family="typedef" Name="basicRfPktHdr_t" Line="121" ID="19539" toTI="19432"/>
   <type Family="Pointer" TI="19765" toTI="19090"/>
   <type Family="Pointer" TI="19915" toTI="19539"/>
   <type Family="Pointer" TI="20206" toTI="19188"/>
   <type Family="array" ID="20266" toTI="19061"/>
   <type Family="array" ID="20287" toTI="19061"/>
   <variable Name="rxi" FileName="D:\WkPjt\MStory2.0\Mango-Z1.Firmware\Z1.Src006.SPI.CC2520.ID\cc2520\basic_rf.c" Line="127" Addr="0x0" TI="19345"/>
   <variable Name="txState" FileName="D:\WkPjt\MStory2.0\Mango-Z1.Firmware\Z1.Src006.SPI.CC2520.ID\cc2520\basic_rf.c" Line="128" Addr="0x0" TI="19421"/>
   <variable Name="pConfig" FileName="D:\WkPjt\MStory2.0\Mango-Z1.Firmware\Z1.Src006.SPI.CC2520.ID\cc2520\basic_rf.c" Line="130" Addr="0x0" TI="20206"/>
   <type Family="array" ID="20364" toTI="19079"/>
   <variable Name="txMpdu" FileName="D:\WkPjt\MStory2.0\Mango-Z1.Firmware\Z1.Src006.SPI.CC2520.ID\cc2520\basic_rf.c" Line="131" Addr="0x0" TI="20364"/>
   <variable Name="rxMpdu" FileName="D:\WkPjt\MStory2.0\Mango-Z1.Firmware\Z1.Src006.SPI.CC2520.ID\cc2520\basic_rf.c" Line="132" Addr="0x0" TI="20364"/>
  </module>
  <module Name="D:\WkPjt\MStory2.0\Mango-Z1.Firmware\Z1.Src006.SPI.CC2520.ID\cc2520\cc2520_mango_porting.c" >
   <type Family="Base" Name="signed char" ID="20771"/>
   <type Family="Base" Name="unsigned char" ID="20789"/>
   <type Family="typedef" Name="uint8_t" Line="46" ID="20778" toTI="20789"/>
   <type Family="Base" Name="short int" ID="20796"/>
   <type Family="Base" Name="short unsigned int" ID="20814"/>
   <type Family="typedef" Name="uint16_t" Line="58" ID="20803" toTI="20814"/>
   <type Family="Base" Name="long int" ID="20821"/>
   <type Family="Base" Name="long unsigned int" ID="20839"/>
   <type Family="typedef" Name="uint32_t" Line="84" ID="20828" toTI="20839"/>
   <type Family="Base" Name="long long int" ID="20846"/>
   <type Family="Base" Name="long long unsigned int" ID="20853"/>
   <type Family="Base" Name="int" ID="20860"/>
   <type Family="Base" Name="unsigned int" ID="20867"/>
   <type Family="typedef" Name="u8" Line="334" ID="20887" toTI="20778"/>
   <type Family="typedef" Name="FunctionalState" Line="354" ID="20942" toTI="20920"/>
   <type Family="ComponentList" Line="806" ID="20954">
    <Component Name="CRL" TI="20963" Line="807" Offs="0"/>
    <Component Name="CRH" TI="20978" Line="808" Offs="4"/>
    <Component Name="IDR" TI="20993" Line="809" Offs="8"/>
    <Component Name="ODR" TI="21008" Line="810" Offs="12"/>
    <Component Name="BSRR" TI="21023" Line="811" Offs="16"/>
    <Component Name="BRR" TI="21038" Line="812" Offs="20"/>
    <Component Name="LCKR" TI="21053" Line="813" Offs="24"/>
   </type>
   <type Family="ComponentList" Line="957" ID="21069">
    <Component Name="CR1" TI="21078" Line="958" Offs="0"/>
    <Component Name="RESERVED0" TI="21093" Line="959" Offs="2"/>
    <Component Name="CR2" TI="21108" Line="960" Offs="4"/>
    <Component Name="RESERVED1" TI="21123" Line="961" Offs="6"/>
    <Component Name="SR" TI="21138" Line="962" Offs="8"/>
    <Component Name="RESERVED2" TI="21152" Line="963" Offs="10"/>
    <Component Name="DR" TI="21167" Line="964" Offs="12"/>
    <Component Name="RESERVED3" TI="21181" Line="965" Offs="14"/>
    <Component Name="CRCPR" TI="21196" Line="966" Offs="16"/>
    <Component Name="RESERVED4" TI="21211" Line="967" Offs="18"/>
    <Component Name="RXCRCR" TI="21226" Line="968" Offs="20"/>
    <Component Name="RESERVED5" TI="21241" Line="969" Offs="22"/>
    <Component Name="TXCRCR" TI="21256" Line="970" Offs="24"/>
    <Component Name="RESERVED6" TI="21271" Line="971" Offs="26"/>
    <Component Name="I2SCFGR" TI="21286" Line="972" Offs="28"/>
    <Component Name="RESERVED7" TI="21301" Line="973" Offs="30"/>
    <Component Name="I2SPR" TI="21316" Line="974" Offs="32"/>
    <Component Name="RESERVED8" TI="21331" Line="975" Offs="34"/>
   </type>
   <type Family="typedef" Name="EXTIMode_TypeDef" Line="53" ID="21368" toTI="21347"/>
   <type Family="typedef" Name="EXTITrigger_TypeDef" Line="66" ID="21406" toTI="21379"/>
   <type Family="ComponentList" Line="76" ID="21417">
    <Component Name="EXTI_Line" TI="21425" Line="77" Offs="0"/>
    <Component Name="EXTI_Mode" TI="21439" Line="80" Offs="4"/>
    <Component Name="EXTI_Trigger" TI="21453" Line="83" Offs="5"/>
    <Component Name="EXTI_LineCmd" TI="21467" Line="86" Offs="6"/>
   </type>
   <type Family="typedef" Name="EXTI_InitTypeDef" Line="88" ID="21482" toTI="21417"/>
   <type Family="ComponentList" Line="50" ID="21493">
    <Component Name="NVIC_IRQChannel" TI="21501" Line="51" Offs="0"/>
    <Component Name="NVIC_IRQChannelPreemptionPriority" TI="21515" Line="56" Offs="1"/>
    <Component Name="NVIC_IRQChannelSubPriority" TI="21529" Line="60" Offs="2"/>
    <Component Name="NVIC_IRQChannelCmd" TI="21543" Line="64" Offs="3"/>
   </type>
   <type Family="typedef" Name="NVIC_InitTypeDef" Line="67" ID="21558" toTI="21493"/>
   <type Family="Base" Name="char" ID="21569"/>
   <function Name="CC2520_SPI_WAIT_RXRDY" TI="0" FileName="D:\WkPjt\MStory2.0\Mango-Z1.Firmware\Z1.Src006.SPI.CC2520.ID\cc2520\cc2520_mango_porting.c" Line="86">
   </function >
   <function Name="CC2520_SPI_RX" TI="20887" FileName="D:\WkPjt\MStory2.0\Mango-Z1.Firmware\Z1.Src006.SPI.CC2520.ID\cc2520\cc2520_mango_porting.c" Line="81">
   </function >
   <function Name="CC2520_SPI_TX" TI="0" FileName="D:\WkPjt\MStory2.0\Mango-Z1.Firmware\Z1.Src006.SPI.CC2520.ID\cc2520\cc2520_mango_porting.c" Line="73">
    <parameter Name="data" TI="20887" FileName="D:\WkPjt\MStory2.0\Mango-Z1.Firmware\Z1.Src006.SPI.CC2520.ID\cc2520\cc2520_mango_porting.c" Line="73" Addr="0x0" Param="Yes"/>
   </function >
   <function Name="CC2520_VREG_EN_OPIN" TI="0" FileName="D:\WkPjt\MStory2.0\Mango-Z1.Firmware\Z1.Src006.SPI.CC2520.ID\cc2520\cc2520_mango_porting.c" Line="54">
    <parameter Name="data" TI="20887" FileName="D:\WkPjt\MStory2.0\Mango-Z1.Firmware\Z1.Src006.SPI.CC2520.ID\cc2520\cc2520_mango_porting.c" Line="54" Addr="0x0" Param="Yes"/>
   </function >
   <function Name="CC2520_RESET_OPIN" TI="0" FileName="D:\WkPjt\MStory2.0\Mango-Z1.Firmware\Z1.Src006.SPI.CC2520.ID\cc2520\cc2520_mango_porting.c" Line="42">
    <parameter Name="data" TI="20887" FileName="D:\WkPjt\MStory2.0\Mango-Z1.Firmware\Z1.Src006.SPI.CC2520.ID\cc2520\cc2520_mango_porting.c" Line="42" Addr="0x0" Param="Yes"/>
   </function >
   <function Name="CC2520_GPIO_0_Interrupt_Setting" TI="0" FileName="D:\WkPjt\MStory2.0\Mango-Z1.Firmware\Z1.Src006.SPI.CC2520.ID\cc2520\cc2520_mango_porting.c" Line="11">
    <parameter Name="fStateE" TI="20942" FileName="D:\WkPjt\MStory2.0\Mango-Z1.Firmware\Z1.Src006.SPI.CC2520.ID\cc2520\cc2520_mango_porting.c" Line="11" Addr="0x0" Param="Yes"/>
    <variable Name="NVIC_InitStructure" FileName="D:\WkPjt\MStory2.0\Mango-Z1.Firmware\Z1.Src006.SPI.CC2520.ID\cc2520\cc2520_mango_porting.c" Line="12" Addr="0x3400000C" TI="21558"/>
    <variable Name="EXTI_InitStructure" FileName="D:\WkPjt\MStory2.0\Mango-Z1.Firmware\Z1.Src006.SPI.CC2520.ID\cc2520\cc2520_mango_porting.c" Line="13" Addr="0x34000004" TI="21482"/>
   </function >
  </module>
  <module Name="D:\WkPjt\MStory2.0\Mango-Z1.Firmware\Z1.Src006.SPI.CC2520.ID\cc2520\hal_cc2520.c" >
   <type Family="Base" Name="signed char" ID="21848"/>
   <type Family="Base" Name="unsigned char" ID="21866"/>
   <type Family="typedef" Name="uint8" Line="22" ID="21855" toTI="21866"/>
   <type Family="Base" Name="short int" ID="21873"/>
   <type Family="Base" Name="short unsigned int" ID="21891"/>
   <type Family="typedef" Name="uint16" Line="25" ID="21880" toTI="21891"/>
   <type Family="Base" Name="long int" ID="21898"/>
   <type Family="Base" Name="long unsigned int" ID="21916"/>
   <type Family="typedef" Name="uint32" Line="28" ID="21905" toTI="21916"/>
   <type Family="typedef" Name="BYTE" Line="55" ID="21923" toTI="21866"/>
   <type Family="typedef" Name="WORD" Line="56" ID="21934" toTI="21891"/>
   <type Family="typedef" Name="DWORD" Line="57" ID="21945" toTI="21916"/>
   <type Family="ComponentList" Line="75" ID="21956">
    <Component Name="b0" TI="21964" Line="76" Offs="0"/>
    <Component Name="b1" TI="21977" Line="77" Offs="1"/>
   </type>
   <type Family="ComponentList" Line="73" ID="21991">
    <Component Name="w" TI="21999" Line="74" Offs="0"/>
    <Component Name="b" TI="22008" Line="78" Offs="0"/>
   </type>
   <type Family="typedef" Name="EWORD" Line="79" ID="22018" toTI="21991"/>
   <type Family="ComponentList" Line="82" ID="22029">
    <Component Name="b0" TI="22037" Line="83" Offs="0"/>
    <Component Name="b1" TI="22050" Line="84" Offs="1"/>
    <Component Name="b2" TI="22063" Line="85" Offs="2"/>
    <Component Name="b3" TI="22076" Line="86" Offs="3"/>
   </type>
   <type Family="ComponentList" Line="80" ID="22090">
    <Component Name="dw" TI="22098" Line="81" Offs="0"/>
    <Component Name="b" TI="22108" Line="87" Offs="0"/>
   </type>
   <type Family="typedef" Name="EDWORD" Line="88" ID="22118" toTI="22090"/>
   <type Family="typedef" Name="uint32_t" Line="84" ID="22129" toTI="21916"/>
   <type Family="Base" Name="long long int" ID="22140"/>
   <type Family="Base" Name="long long unsigned int" ID="22147"/>
   <type Family="Base" Name="int" ID="22154"/>
   <type Family="Base" Name="unsigned int" ID="22161"/>
   <type Family="ComponentList" Line="806" ID="22176">
    <Component Name="CRL" TI="22185" Line="807" Offs="0"/>
    <Component Name="CRH" TI="22200" Line="808" Offs="4"/>
    <Component Name="IDR" TI="22215" Line="809" Offs="8"/>
    <Component Name="ODR" TI="22230" Line="810" Offs="12"/>
    <Component Name="BSRR" TI="22245" Line="811" Offs="16"/>
    <Component Name="BRR" TI="22260" Line="812" Offs="20"/>
    <Component Name="LCKR" TI="22275" Line="813" Offs="24"/>
   </type>
   <type Family="Base" Name="char" ID="22291"/>
   <type Family="Pointer" TI="22354" toTI="21855"/>
   <function Name="CC2520_SPI_TXRX" TI="21855" FileName="D:\WkPjt\MStory2.0\Mango-Z1.Firmware\Z1.Src006.SPI.CC2520.ID\cc2520\hal_cc2520.c" Line="36">
    <parameter Name="x" TI="21855" FileName="D:\WkPjt\MStory2.0\Mango-Z1.Firmware\Z1.Src006.SPI.CC2520.ID\cc2520\hal_cc2520.c" Line="36" Addr="0x0" Param="Yes"/>
   </function >
   <function Name="CC2520_MEMWR8" TI="21855" FileName="D:\WkPjt\MStory2.0\Mango-Z1.Firmware\Z1.Src006.SPI.CC2520.ID\cc2520\hal_cc2520.c" Line="616">
    <parameter Name="addr" TI="21880" FileName="D:\WkPjt\MStory2.0\Mango-Z1.Firmware\Z1.Src006.SPI.CC2520.ID\cc2520\hal_cc2520.c" Line="616" Addr="0x0" Param="Yes"/>
    <parameter Name="value" TI="21855" FileName="D:\WkPjt\MStory2.0\Mango-Z1.Firmware\Z1.Src006.SPI.CC2520.ID\cc2520\hal_cc2520.c" Line="616" Addr="0x1" Param="Yes"/>
   </function >
   <function Name="CC2520_MEMRD8" TI="21855" FileName="D:\WkPjt\MStory2.0\Mango-Z1.Firmware\Z1.Src006.SPI.CC2520.ID\cc2520\hal_cc2520.c" Line="525">
    <parameter Name="addr" TI="21880" FileName="D:\WkPjt\MStory2.0\Mango-Z1.Firmware\Z1.Src006.SPI.CC2520.ID\cc2520\hal_cc2520.c" Line="525" Addr="0x0" Param="Yes"/>
   </function >
  </module>
  <module Name="D:\WkPjt\MStory2.0\Mango-Z1.Firmware\Z1.Src006.SPI.CC2520.ID\cc2520\hal_int.c" >
   <type Family="Base" Name="signed char" ID="27161"/>
   <type Family="Base" Name="unsigned char" ID="27168"/>
   <type Family="Base" Name="short int" ID="27175"/>
   <type Family="Base" Name="short unsigned int" ID="27193"/>
   <type Family="typedef" Name="uint16" Line="25" ID="27182" toTI="27193"/>
   <type Family="Base" Name="long int" ID="27200"/>
   <type Family="Base" Name="long unsigned int" ID="27207"/>
   <type Family="Base" Name="long long int" ID="27214"/>
   <type Family="Base" Name="long long unsigned int" ID="27221"/>
   <type Family="Base" Name="int" ID="27228"/>
   <type Family="Base" Name="unsigned int" ID="27235"/>
   <type Family="Base" Name="char" ID="27245"/>
  </module>
  <module Name="D:\WkPjt\MStory2.0\Mango-Z1.Firmware\Z1.Src006.SPI.CC2520.ID\cc2520\hal_rf.c" >
   <type Family="Base" Name="signed char" ID="27384"/>
   <type Family="Base" Name="unsigned char" ID="27402"/>
   <type Family="typedef" Name="uint8" Line="22" ID="27391" toTI="27402"/>
   <type Family="Base" Name="short int" ID="27409"/>
   <type Family="Base" Name="short unsigned int" ID="27427"/>
   <type Family="typedef" Name="uint16" Line="25" ID="27416" toTI="27427"/>
   <type Family="Base" Name="long int" ID="27434"/>
   <type Family="Base" Name="long unsigned int" ID="27441"/>
   <type Family="Pointer" TI="27459" toTI="27465"/>
   <type Family="typedef" Name="ISR_FUNC_PTR" Line="31" ID="27448" toTI="27459"/>
   <type Family="Pointer" TI="27459" toTI="27465"/>
   <type Family="typedef" Name="uint32_t" Line="84" ID="27467" toTI="27441"/>
   <type Family="Base" Name="long long int" ID="27478"/>
   <type Family="Base" Name="long long unsigned int" ID="27485"/>
   <type Family="Base" Name="int" ID="27492"/>
   <type Family="Base" Name="unsigned int" ID="27499"/>
   <type Family="ComponentList" Line="806" ID="27536">
    <Component Name="CRL" TI="27545" Line="807" Offs="0"/>
    <Component Name="CRH" TI="27560" Line="808" Offs="4"/>
    <Component Name="IDR" TI="27575" Line="809" Offs="8"/>
    <Component Name="ODR" TI="27590" Line="810" Offs="12"/>
    <Component Name="BSRR" TI="27605" Line="811" Offs="16"/>
    <Component Name="BRR" TI="27620" Line="812" Offs="20"/>
    <Component Name="LCKR" TI="27635" Line="813" Offs="24"/>
   </type>
   <type Family="Base" Name="char" ID="27651"/>
   <type Family="ComponentList" Line="90" ID="27658">
    <Component Name="reg" TI="27666" Line="91" Offs="0"/>
    <Component Name="val" TI="27680" Line="92" Offs="1"/>
   </type>
   <type Family="typedef" Name="regVal_t" Line="93" ID="27695" toTI="27658"/>
   <type Family="Pointer" TI="28160" toTI="27391"/>
   <function Name="halRfGetChipVer" TI="27391" FileName="D:\WkPjt\MStory2.0\Mango-Z1.Firmware\Z1.Src006.SPI.CC2520.ID\cc2520\hal_rf.c" Line="243">
   </function >
   <function Name="halRfGetChipId" TI="27391" FileName="D:\WkPjt\MStory2.0\Mango-Z1.Firmware\Z1.Src006.SPI.CC2520.ID\cc2520\hal_rf.c" Line="228">
   </function >
   <function Name="halRfInit" TI="27391" FileName="D:\WkPjt\MStory2.0\Mango-Z1.Firmware\Z1.Src006.SPI.CC2520.ID\cc2520\hal_rf.c" Line="161">
   <type Family="Pointer" TI="28442" toTI="27695"/>
   <type Family="array" ID="28448" toTI="27651"/>
    <variable Name="__FUNCTION__" FileName="" Line="0" Addr="0x80076D7" TI="28464"/>
   </function >
   <type Family="array" ID="28469" toTI="27651"/>
   <type Family="array" ID="28490" toTI="27695"/>
   <variable Name="regval" FileName="D:\WkPjt\MStory2.0\Mango-Z1.Firmware\Z1.Src006.SPI.CC2520.ID\cc2520\hal_rf.c" Line="101" Addr="0x20000015" TI="28490"/>
   <variable Name="rssiOffset" FileName="D:\WkPjt\MStory2.0\Mango-Z1.Firmware\Z1.Src006.SPI.CC2520.ID\cc2520\hal_rf.c" Line="133" Addr="0x20000014" TI="27391"/>
  </module>
  <module Name="D:\WkPjt\MStory2.0\Mango-Z1.Firmware\Z1.Src006.SPI.CC2520.ID\cc2520\hal_rf_security.c" >
   <type Family="Base" Name="signed char" ID="28578"/>
   <type Family="Base" Name="unsigned char" ID="28596"/>
   <type Family="typedef" Name="uint8" Line="22" ID="28585" toTI="28596"/>
   <type Family="Base" Name="short int" ID="28603"/>
   <type Family="Base" Name="short unsigned int" ID="28610"/>
   <type Family="Base" Name="long int" ID="28617"/>
   <type Family="Base" Name="long unsigned int" ID="28624"/>
   <type Family="Base" Name="long long int" ID="28631"/>
   <type Family="Base" Name="long long unsigned int" ID="28638"/>
   <type Family="Base" Name="int" ID="28645"/>
   <type Family="Base" Name="unsigned int" ID="28652"/>
   <type Family="Base" Name="char" ID="28662"/>
   <type Family="Pointer" TI="28820" toTI="28585"/>
   <type Family="array" ID="29011" toTI="28662"/>
  </module>
 </modulelist>
</aoffile>

