<!-- DWF2XML 2.00.01 - Raisonance Dwarf information extractor -->
<aoffile Filename="MStroy2.0" dwarf="1">
 <modulelist>
  <module Name="D:\WkPjt\MStory2.0\Mango-M32.Firmware\M32.Src012.7_Segment\src\main.c" >
   <type Family="Base" Name="signed char" ID="37"/>
   <type Family="Base" Name="unsigned char" ID="55"/>
   <type Family="typedef" Name="uint8_t" Line="46" ID="44" toTI="55"/>
   <type Family="Base" Name="short int" ID="62"/>
   <type Family="Base" Name="short unsigned int" ID="80"/>
   <type Family="typedef" Name="uint16_t" Line="58" ID="69" toTI="80"/>
   <type Family="Base" Name="long int" ID="87"/>
   <type Family="Base" Name="long unsigned int" ID="105"/>
   <type Family="typedef" Name="uint32_t" Line="84" ID="94" toTI="105"/>
   <type Family="Base" Name="long long int" ID="112"/>
   <type Family="Base" Name="long long unsigned int" ID="119"/>
   <type Family="Base" Name="int" ID="126"/>
   <type Family="Base" Name="unsigned int" ID="133"/>
   <type Family="Base" Name="char" ID="143"/>
   <type Family="typedef" Name="GPIOSpeed_TypeDef" Line="25" ID="177" toTI="150"/>
   <type Family="typedef" Name="GPIOMode_TypeDef" Line="36" ID="246" toTI="188"/>
   <type Family="ComponentList" Line="39" ID="257">
    <Component Name="GPIO_Pin" TI="265" Line="40" Offs="0"/>
    <Component Name="GPIO_Speed" TI="279" Line="41" Offs="2"/>
    <Component Name="GPIO_Mode" TI="293" Line="42" Offs="3"/>
   </type>
   <type Family="typedef" Name="GPIO_InitTypeDef" Line="43" ID="308" toTI="257"/>
   <type Family="typedef" Name="FlagStatus" Line="55" ID="340" toTI="319"/>
   <type Family="ComponentList" Line="102" ID="351">
    <Component Name="CR" TI="359" Line="103" Offs="0"/>
    <Component Name="CFGR" TI="372" Line="104" Offs="4"/>
    <Component Name="CIR" TI="386" Line="105" Offs="8"/>
    <Component Name="APB2RSTR" TI="400" Line="106" Offs="12"/>
    <Component Name="APB1RSTR" TI="414" Line="107" Offs="16"/>
    <Component Name="AHBENR" TI="428" Line="108" Offs="20"/>
    <Component Name="APB2ENR" TI="442" Line="109" Offs="24"/>
    <Component Name="APB1ENR" TI="456" Line="110" Offs="28"/>
    <Component Name="BDCR" TI="470" Line="111" Offs="32"/>
    <Component Name="CSR" TI="484" Line="112" Offs="36"/>
   </type>
   <type Family="ComponentList" Line="120" ID="504">
    <Component Name="CRL" TI="512" Line="121" Offs="0"/>
    <Component Name="CRH" TI="526" Line="122" Offs="4"/>
    <Component Name="IDR" TI="540" Line="123" Offs="8"/>
    <Component Name="ODR" TI="554" Line="124" Offs="12"/>
    <Component Name="BSRR" TI="568" Line="125" Offs="16"/>
    <Component Name="BRR" TI="582" Line="126" Offs="20"/>
    <Component Name="LCKR" TI="596" Line="127" Offs="24"/>
   </type>
   <type Family="typedef" Name="GPIO_TypeDef" Line="128" ID="611" toTI="504"/>
   <type Family="ComponentList" Line="131" ID="622">
    <Component Name="SR" TI="630" Line="132" Offs="0"/>
    <Component Name="RESERVED0" TI="643" Line="133" Offs="2"/>
    <Component Name="DR" TI="657" Line="134" Offs="4"/>
    <Component Name="RESERVED1" TI="670" Line="135" Offs="6"/>
    <Component Name="BRR" TI="684" Line="136" Offs="8"/>
    <Component Name="RESERVED2" TI="698" Line="137" Offs="10"/>
    <Component Name="CR1" TI="712" Line="138" Offs="12"/>
    <Component Name="RESERVED3" TI="726" Line="139" Offs="14"/>
    <Component Name="CR2" TI="740" Line="140" Offs="16"/>
    <Component Name="RESERVED4" TI="754" Line="141" Offs="18"/>
    <Component Name="CR3" TI="768" Line="142" Offs="20"/>
    <Component Name="RESERVED5" TI="782" Line="143" Offs="22"/>
    <Component Name="GTPR" TI="796" Line="144" Offs="24"/>
    <Component Name="RESERVED6" TI="810" Line="145" Offs="26"/>
   </type>
   <type Family="typedef" Name="USART_TypeDef" Line="146" ID="830" toTI="622"/>
   <type Family="ComponentList" Line="74" ID="841">
    <Component Name="USART_BaudRate" TI="849" Line="75" Offs="0"/>
    <Component Name="USART_WordLength" TI="863" Line="80" Offs="4"/>
    <Component Name="USART_StopBits" TI="877" Line="83" Offs="6"/>
    <Component Name="USART_Parity" TI="891" Line="86" Offs="8"/>
    <Component Name="USART_Mode" TI="905" Line="93" Offs="10"/>
    <Component Name="USART_HardwareFlowControl" TI="919" Line="96" Offs="12"/>
   </type>
   <type Family="typedef" Name="USART_InitTypeDef" Line="99" ID="934" toTI="841"/>
   <function Name="delay_int_count" TI="0" FileName="D:\WkPjt\MStory2.0\Mango-M32.Firmware\M32.Src012.7_Segment\src\main.c" Line="17">
    <parameter Name="nTime" TI="985" FileName="D:\WkPjt\MStory2.0\Mango-M32.Firmware\M32.Src012.7_Segment\src\main.c" Line="17" Addr="0x0" Param="Yes"/>
   </function >
   <function Name="delay_1_second" TI="0" FileName="D:\WkPjt\MStory2.0\Mango-M32.Firmware\M32.Src012.7_Segment\src\main.c" Line="22">
   </function >
   <function Name="delay_100_milli_second" TI="0" FileName="D:\WkPjt\MStory2.0\Mango-M32.Firmware\M32.Src012.7_Segment\src\main.c" Line="27">
   </function >
   <function Name="USART_SendData" TI="0" FileName="D:\WkPjt\MStory2.0\Mango-M32.Firmware\M32.Src012.7_Segment\src\main.c" Line="32">
   <type Family="Pointer" TI="1084" toTI="830"/>
    <parameter Name="USARTx" TI="1084" FileName="D:\WkPjt\MStory2.0\Mango-M32.Firmware\M32.Src012.7_Segment\src\main.c" Line="32" Addr="0x0" Param="Yes"/>
    <parameter Name="Data" TI="69" FileName="D:\WkPjt\MStory2.0\Mango-M32.Firmware\M32.Src012.7_Segment\src\main.c" Line="32" Addr="0x1" Param="Yes"/>
   </function >
   <function Name="USART_ReceiveData" TI="69" FileName="D:\WkPjt\MStory2.0\Mango-M32.Firmware\M32.Src012.7_Segment\src\main.c" Line="38">
    <parameter Name="USARTx" TI="1084" FileName="D:\WkPjt\MStory2.0\Mango-M32.Firmware\M32.Src012.7_Segment\src\main.c" Line="38" Addr="0x0" Param="Yes"/>
   </function >
   <function Name="USART_GetFlagStatus" TI="340" FileName="D:\WkPjt\MStory2.0\Mango-M32.Firmware\M32.Src012.7_Segment\src\main.c" Line="44">
    <parameter Name="USARTx" TI="1084" FileName="D:\WkPjt\MStory2.0\Mango-M32.Firmware\M32.Src012.7_Segment\src\main.c" Line="44" Addr="0x0" Param="Yes"/>
    <parameter Name="USART_FLAG" TI="69" FileName="D:\WkPjt\MStory2.0\Mango-M32.Firmware\M32.Src012.7_Segment\src\main.c" Line="44" Addr="0x1" Param="Yes"/>
   </function >
   <type Family="Pointer" TI="1278" toTI="44"/>
   <function Name="USART_Init" TI="0" FileName="D:\WkPjt\MStory2.0\Mango-M32.Firmware\M32.Src012.7_Segment\src\main.c" Line="130">
    <parameter Name="USARTx" TI="1084" FileName="D:\WkPjt\MStory2.0\Mango-M32.Firmware\M32.Src012.7_Segment\src\main.c" Line="130" Addr="0x0" Param="Yes"/>
   <type Family="Pointer" TI="1390" toTI="934"/>
    <parameter Name="USART_InitStruct" TI="1390" FileName="D:\WkPjt\MStory2.0\Mango-M32.Firmware\M32.Src012.7_Segment\src\main.c" Line="130" Addr="0x1" Param="Yes"/>
    <variable Name="tmpreg" FileName="D:\WkPjt\MStory2.0\Mango-M32.Firmware\M32.Src012.7_Segment\src\main.c" Line="131" Addr="0x3" TI="94"/>
    <variable Name="integerdivider" FileName="D:\WkPjt\MStory2.0\Mango-M32.Firmware\M32.Src012.7_Segment\src\main.c" Line="132" Addr="0x3" TI="94"/>
   </function >
   <function Name="USART1_Init" TI="0" FileName="D:\WkPjt\MStory2.0\Mango-M32.Firmware\M32.Src012.7_Segment\src\main.c" Line="182">
    <variable Name="USART_InitStructure" FileName="D:\WkPjt\MStory2.0\Mango-M32.Firmware\M32.Src012.7_Segment\src\main.c" Line="183" Addr="0x34000000" TI="934"/>
   </function >
   <function Name="GPIO_Init" TI="0" FileName="D:\WkPjt\MStory2.0\Mango-M32.Firmware\M32.Src012.7_Segment\src\main.c" Line="210">
   <type Family="Pointer" TI="1570" toTI="611"/>
    <parameter Name="GPIOx" TI="1570" FileName="D:\WkPjt\MStory2.0\Mango-M32.Firmware\M32.Src012.7_Segment\src\main.c" Line="210" Addr="0x0" Param="Yes"/>
   <type Family="Pointer" TI="1576" toTI="308"/>
    <parameter Name="GPIO_InitStruct" TI="1576" FileName="D:\WkPjt\MStory2.0\Mango-M32.Firmware\M32.Src012.7_Segment\src\main.c" Line="210" Addr="0x1" Param="Yes"/>
    <variable Name="currentmode" FileName="D:\WkPjt\MStory2.0\Mango-M32.Firmware\M32.Src012.7_Segment\src\main.c" Line="211" Addr="0x7" TI="94"/>
    <variable Name="currentpin" FileName="D:\WkPjt\MStory2.0\Mango-M32.Firmware\M32.Src012.7_Segment\src\main.c" Line="211" Addr="0x1" TI="94"/>
    <variable Name="pinpos" FileName="D:\WkPjt\MStory2.0\Mango-M32.Firmware\M32.Src012.7_Segment\src\main.c" Line="211" Addr="0xC" TI="94"/>
    <variable Name="pos" FileName="D:\WkPjt\MStory2.0\Mango-M32.Firmware\M32.Src012.7_Segment\src\main.c" Line="211" Addr="0x3" TI="94"/>
    <variable Name="tmpreg" FileName="D:\WkPjt\MStory2.0\Mango-M32.Firmware\M32.Src012.7_Segment\src\main.c" Line="212" Addr="0x4" TI="94"/>
   </function >
   <function Name="GPIO_Configuration" TI="0" FileName="D:\WkPjt\MStory2.0\Mango-M32.Firmware\M32.Src012.7_Segment\src\main.c" Line="291">
    <variable Name="GPIO_InitStructure" FileName="D:\WkPjt\MStory2.0\Mango-M32.Firmware\M32.Src012.7_Segment\src\main.c" Line="292" Addr="0x34000004" TI="308"/>
   </function >
   <function Name="__io_putchar" TI="126" FileName="D:\WkPjt\MStory2.0\Mango-M32.Firmware\M32.Src012.7_Segment\src\main.c" Line="335">
    <parameter Name="ch" TI="126" FileName="D:\WkPjt\MStory2.0\Mango-M32.Firmware\M32.Src012.7_Segment\src\main.c" Line="335" Addr="0x0" Param="Yes"/>
   </function >
   <function Name="USART_GetCharacter" TI="44" FileName="D:\WkPjt\MStory2.0\Mango-M32.Firmware\M32.Src012.7_Segment\src\main.c" Line="352">
    <parameter Name="usart_p" TI="1084" FileName="D:\WkPjt\MStory2.0\Mango-M32.Firmware\M32.Src012.7_Segment\src\main.c" Line="352" Addr="0x0" Param="Yes"/>
    <variable Name="data" FileName="D:\WkPjt\MStory2.0\Mango-M32.Firmware\M32.Src012.7_Segment\src\main.c" Line="353" Addr="0x4" TI="44"/>
   </function >
   <function Name="System_Information" TI="0" FileName="D:\WkPjt\MStory2.0\Mango-M32.Firmware\M32.Src012.7_Segment\src\main.c" Line="369">
   </function >
   <function Name="main" TI="126" FileName="D:\WkPjt\MStory2.0\Mango-M32.Firmware\M32.Src012.7_Segment\src\main.c" Line="380">
    <variable Name="ch" FileName="D:\WkPjt\MStory2.0\Mango-M32.Firmware\M32.Src012.7_Segment\src\main.c" Line="381" Addr="0x4" TI="44"/>
   </function >
  </module>
  <module Name="D:\WkPjt\MStory2.0\Mango-M32.Firmware\M32.Src012.7_Segment\src\led.c" >
   <type Family="Base" Name="signed char" ID="1832"/>
   <type Family="Base" Name="unsigned char" ID="1839"/>
   <type Family="Base" Name="short int" ID="1846"/>
   <type Family="Base" Name="short unsigned int" ID="1853"/>
   <type Family="Base" Name="long int" ID="1860"/>
   <type Family="Base" Name="long unsigned int" ID="1878"/>
   <type Family="typedef" Name="uint32_t" Line="84" ID="1867" toTI="1878"/>
   <type Family="Base" Name="long long int" ID="1885"/>
   <type Family="Base" Name="long long unsigned int" ID="1892"/>
   <type Family="Base" Name="int" ID="1899"/>
   <type Family="Base" Name="unsigned int" ID="1906"/>
   <type Family="Base" Name="char" ID="1916"/>
   <type Family="ComponentList" Line="120" ID="1928">
    <Component Name="CRL" TI="1936" Line="121" Offs="0"/>
    <Component Name="CRH" TI="1950" Line="122" Offs="4"/>
    <Component Name="IDR" TI="1964" Line="123" Offs="8"/>
    <Component Name="ODR" TI="1978" Line="124" Offs="12"/>
    <Component Name="BSRR" TI="1992" Line="125" Offs="16"/>
    <Component Name="BRR" TI="2006" Line="126" Offs="20"/>
    <Component Name="LCKR" TI="2020" Line="127" Offs="24"/>
   </type>
   <function Name="LED_On_Red" TI="0" FileName="D:\WkPjt\MStory2.0\Mango-M32.Firmware\M32.Src012.7_Segment\src\led.c" Line="23">
   </function >
   <function Name="LED_Off_Red" TI="0" FileName="D:\WkPjt\MStory2.0\Mango-M32.Firmware\M32.Src012.7_Segment\src\led.c" Line="28">
   </function >
   <function Name="LED_On_Yellow" TI="0" FileName="D:\WkPjt\MStory2.0\Mango-M32.Firmware\M32.Src012.7_Segment\src\led.c" Line="33">
   </function >
   <function Name="LED_Off_Yellow" TI="0" FileName="D:\WkPjt\MStory2.0\Mango-M32.Firmware\M32.Src012.7_Segment\src\led.c" Line="38">
   </function >
   <function Name="LED_On_Blue" TI="0" FileName="D:\WkPjt\MStory2.0\Mango-M32.Firmware\M32.Src012.7_Segment\src\led.c" Line="43">
   </function >
   <function Name="LED_Off_Blue" TI="0" FileName="D:\WkPjt\MStory2.0\Mango-M32.Firmware\M32.Src012.7_Segment\src\led.c" Line="48">
   </function >
   <function Name="LED_Off_All" TI="0" FileName="D:\WkPjt\MStory2.0\Mango-M32.Firmware\M32.Src012.7_Segment\src\led.c" Line="60">
   </function >
   <function Name="LED_OnOffAll_Mult" TI="0" FileName="D:\WkPjt\MStory2.0\Mango-M32.Firmware\M32.Src012.7_Segment\src\led.c" Line="67">
    <parameter Name="count" TI="1867" FileName="D:\WkPjt\MStory2.0\Mango-M32.Firmware\M32.Src012.7_Segment\src\led.c" Line="67" Addr="0x0" Param="Yes"/>
   </function >
   <function Name="LED_Test" TI="0" FileName="D:\WkPjt\MStory2.0\Mango-M32.Firmware\M32.Src012.7_Segment\src\led.c" Line="88">
   </function >
  </module>
  <module Name="D:\WkPjt\MStory2.0\Mango-M32.Firmware\M32.Src012.7_Segment\src\key.c" >
   <type Family="Base" Name="signed char" ID="2291"/>
   <type Family="Base" Name="unsigned char" ID="2309"/>
   <type Family="typedef" Name="uint8_t" Line="46" ID="2298" toTI="2309"/>
   <type Family="Base" Name="short int" ID="2316"/>
   <type Family="Base" Name="short unsigned int" ID="2334"/>
   <type Family="typedef" Name="uint16_t" Line="58" ID="2323" toTI="2334"/>
   <type Family="Base" Name="long int" ID="2341"/>
   <type Family="Base" Name="long unsigned int" ID="2359"/>
   <type Family="typedef" Name="uint32_t" Line="84" ID="2348" toTI="2359"/>
   <type Family="Base" Name="long long int" ID="2366"/>
   <type Family="Base" Name="long long unsigned int" ID="2373"/>
   <type Family="Base" Name="int" ID="2380"/>
   <type Family="Base" Name="unsigned int" ID="2387"/>
   <type Family="Base" Name="char" ID="2397"/>
   <type Family="ComponentList" Line="120" ID="2430">
    <Component Name="CRL" TI="2438" Line="121" Offs="0"/>
    <Component Name="CRH" TI="2452" Line="122" Offs="4"/>
    <Component Name="IDR" TI="2466" Line="123" Offs="8"/>
    <Component Name="ODR" TI="2480" Line="124" Offs="12"/>
    <Component Name="BSRR" TI="2494" Line="125" Offs="16"/>
    <Component Name="BRR" TI="2508" Line="126" Offs="20"/>
    <Component Name="LCKR" TI="2522" Line="127" Offs="24"/>
   </type>
   <type Family="typedef" Name="GPIO_TypeDef" Line="128" ID="2537" toTI="2430"/>
   <function Name="GPIO_ReadInputDataBit" TI="2298" FileName="D:\WkPjt\MStory2.0\Mango-M32.Firmware\M32.Src012.7_Segment\src\key.c" Line="17">
   <type Family="Pointer" TI="2615" toTI="2537"/>
    <parameter Name="GPIOx" TI="2615" FileName="D:\WkPjt\MStory2.0\Mango-M32.Firmware\M32.Src012.7_Segment\src\key.c" Line="17" Addr="0x0" Param="Yes"/>
    <parameter Name="GPIO_Pin" TI="2323" FileName="D:\WkPjt\MStory2.0\Mango-M32.Firmware\M32.Src012.7_Segment\src\key.c" Line="17" Addr="0x1" Param="Yes"/>
   </function >
   <function Name="KEY_Test" TI="0" FileName="D:\WkPjt\MStory2.0\Mango-M32.Firmware\M32.Src012.7_Segment\src\key.c" Line="43">
    <variable Name="i" FileName="D:\WkPjt\MStory2.0\Mango-M32.Firmware\M32.Src012.7_Segment\src\key.c" Line="44" Addr="0x4" TI="2348"/>
   </function >
  </module>
  <module Name="D:\WkPjt\MStory2.0\Mango-M32.Firmware\M32.Src012.7_Segment\src\seven_segment.c" >
   <type Family="Base" Name="signed char" ID="2692"/>
   <type Family="Base" Name="unsigned char" ID="2699"/>
   <type Family="Base" Name="short int" ID="2706"/>
   <type Family="Base" Name="short unsigned int" ID="2724"/>
   <type Family="typedef" Name="uint16_t" Line="58" ID="2713" toTI="2724"/>
   <type Family="Base" Name="long int" ID="2731"/>
   <type Family="Base" Name="long unsigned int" ID="2749"/>
   <type Family="typedef" Name="uint32_t" Line="84" ID="2738" toTI="2749"/>
   <type Family="Base" Name="long long int" ID="2756"/>
   <type Family="Base" Name="long long unsigned int" ID="2763"/>
   <type Family="Base" Name="int" ID="2770"/>
   <type Family="Base" Name="unsigned int" ID="2777"/>
   <type Family="Base" Name="char" ID="2787"/>
   <type Family="typedef" Name="GPIOSpeed_TypeDef" Line="25" ID="2821" toTI="2794"/>
   <type Family="typedef" Name="GPIOMode_TypeDef" Line="36" ID="2890" toTI="2832"/>
   <type Family="ComponentList" Line="39" ID="2901">
    <Component Name="GPIO_Pin" TI="2909" Line="40" Offs="0"/>
    <Component Name="GPIO_Speed" TI="2923" Line="41" Offs="2"/>
    <Component Name="GPIO_Mode" TI="2937" Line="42" Offs="3"/>
   </type>
   <type Family="typedef" Name="GPIO_InitTypeDef" Line="43" ID="2952" toTI="2901"/>
   <type Family="ComponentList" Line="102" ID="2963">
    <Component Name="CR" TI="2971" Line="103" Offs="0"/>
    <Component Name="CFGR" TI="2984" Line="104" Offs="4"/>
    <Component Name="CIR" TI="2998" Line="105" Offs="8"/>
    <Component Name="APB2RSTR" TI="3012" Line="106" Offs="12"/>
    <Component Name="APB1RSTR" TI="3026" Line="107" Offs="16"/>
    <Component Name="AHBENR" TI="3040" Line="108" Offs="20"/>
    <Component Name="APB2ENR" TI="3054" Line="109" Offs="24"/>
    <Component Name="APB1ENR" TI="3068" Line="110" Offs="28"/>
    <Component Name="BDCR" TI="3082" Line="111" Offs="32"/>
    <Component Name="CSR" TI="3096" Line="112" Offs="36"/>
   </type>
   <type Family="ComponentList" Line="120" ID="3116">
    <Component Name="CRL" TI="3124" Line="121" Offs="0"/>
    <Component Name="CRH" TI="3138" Line="122" Offs="4"/>
    <Component Name="IDR" TI="3152" Line="123" Offs="8"/>
    <Component Name="ODR" TI="3166" Line="124" Offs="12"/>
    <Component Name="BSRR" TI="3180" Line="125" Offs="16"/>
    <Component Name="BRR" TI="3194" Line="126" Offs="20"/>
    <Component Name="LCKR" TI="3208" Line="127" Offs="24"/>
   </type>
   <function Name="PowerOn_7_SEG" TI="0" FileName="D:\WkPjt\MStory2.0\Mango-M32.Firmware\M32.Src012.7_Segment\src\seven_segment.c" Line="29">
   </function >
   <function Name="On_7_SEG_OnePin" TI="0" FileName="D:\WkPjt\MStory2.0\Mango-M32.Firmware\M32.Src012.7_Segment\src\seven_segment.c" Line="39">
    <parameter Name="pinNum" TI="2713" FileName="D:\WkPjt\MStory2.0\Mango-M32.Firmware\M32.Src012.7_Segment\src\seven_segment.c" Line="39" Addr="0x0" Param="Yes"/>
   </function >
   <function Name="Off_7_SEG_OnePin" TI="0" FileName="D:\WkPjt\MStory2.0\Mango-M32.Firmware\M32.Src012.7_Segment\src\seven_segment.c" Line="44">
    <parameter Name="pinNum" TI="2713" FileName="D:\WkPjt\MStory2.0\Mango-M32.Firmware\M32.Src012.7_Segment\src\seven_segment.c" Line="44" Addr="0x0" Param="Yes"/>
   </function >
   <function Name="Off_7_SEG_AllPin" TI="0" FileName="D:\WkPjt\MStory2.0\Mango-M32.Firmware\M32.Src012.7_Segment\src\seven_segment.c" Line="57">
   </function >
   <function Name="OutPut_7_SEG_Number" TI="0" FileName="D:\WkPjt\MStory2.0\Mango-M32.Firmware\M32.Src012.7_Segment\src\seven_segment.c" Line="65">
    <parameter Name="num" TI="2777" FileName="D:\WkPjt\MStory2.0\Mango-M32.Firmware\M32.Src012.7_Segment\src\seven_segment.c" Line="65" Addr="0x0" Param="Yes"/>
   </function >
   <function Name="Seven_Segment_Test" TI="0" FileName="D:\WkPjt\MStory2.0\Mango-M32.Firmware\M32.Src012.7_Segment\src\seven_segment.c" Line="135">
    <variable Name="GPIO_InitStructure" FileName="D:\WkPjt\MStory2.0\Mango-M32.Firmware\M32.Src012.7_Segment\src\seven_segment.c" Line="136" Addr="0x34000004" TI="2952"/>
    <variable Name="i" FileName="D:\WkPjt\MStory2.0\Mango-M32.Firmware\M32.Src012.7_Segment\src\seven_segment.c" Line="137" Addr="0x4" TI="2770"/>
   </function >
  </module>
 </modulelist>
</aoffile>

