<!-- DWF2XML 2.00.01 - Raisonance Dwarf information extractor -->
<aoffile Filename="MStroy2.0" dwarf="1">
 <modulelist>
  <module Name="D:\WkPjt\MStory2.0\Mango-M32.Firmware\M32.Src006.LedAllOnOff.New1\src\main.c" >
   <type Family="Base" Name="signed char" ID="37"/>
   <type Family="Base" Name="unsigned char" ID="44"/>
   <type Family="Base" Name="short int" ID="51"/>
   <type Family="Base" Name="short unsigned int" ID="69"/>
   <type Family="typedef" Name="uint16_t" Line="58" ID="58" toTI="69"/>
   <type Family="Base" Name="long int" ID="76"/>
   <type Family="Base" Name="long unsigned int" ID="94"/>
   <type Family="typedef" Name="uint32_t" Line="84" ID="83" toTI="94"/>
   <type Family="Base" Name="long long int" ID="101"/>
   <type Family="Base" Name="long long unsigned int" ID="108"/>
   <type Family="Base" Name="int" ID="115"/>
   <type Family="Base" Name="unsigned int" ID="122"/>
   <type Family="typedef" Name="GPIOSpeed_TypeDef" Line="24" ID="156" toTI="129"/>
   <type Family="typedef" Name="GPIOMode_Output_TypeDef" Line="32" ID="200" toTI="167"/>
   <function Name="delay_1_second" TI="0" FileName="D:\WkPjt\MStory2.0\Mango-M32.Firmware\M32.Src006.LedAllOnOff.New1\src\main.c" Line="22">
    <parameter Name="nTime" TI="236" FileName="D:\WkPjt\MStory2.0\Mango-M32.Firmware\M32.Src006.LedAllOnOff.New1\src\main.c" Line="22" Addr="0x3" Param="Yes"/>
   </function >
   <function Name="GPIO_B_Output_Init" TI="0" FileName="D:\WkPjt\MStory2.0\Mango-M32.Firmware\M32.Src006.LedAllOnOff.New1\src\main.c" Line="28">
    <parameter Name="pinNum" TI="58" FileName="D:\WkPjt\MStory2.0\Mango-M32.Firmware\M32.Src006.LedAllOnOff.New1\src\main.c" Line="28" Addr="0x0" Param="Yes"/>
    <parameter Name="speedValE" TI="156" FileName="D:\WkPjt\MStory2.0\Mango-M32.Firmware\M32.Src006.LedAllOnOff.New1\src\main.c" Line="28" Addr="0x1" Param="Yes"/>
    <parameter Name="modeE" TI="200" FileName="D:\WkPjt\MStory2.0\Mango-M32.Firmware\M32.Src006.LedAllOnOff.New1\src\main.c" Line="28" Addr="0x2" Param="Yes"/>
    <variable Name="tmpVal" FileName="D:\WkPjt\MStory2.0\Mango-M32.Firmware\M32.Src006.LedAllOnOff.New1\src\main.c" Line="29" Addr="0xC" TI="83"/>
    <variable Name="pinpos" FileName="D:\WkPjt\MStory2.0\Mango-M32.Firmware\M32.Src006.LedAllOnOff.New1\src\main.c" Line="30" Addr="0x2" TI="83"/>
   </function >
   <function Name="main" TI="115" FileName="D:\WkPjt\MStory2.0\Mango-M32.Firmware\M32.Src006.LedAllOnOff.New1\src\main.c" Line="71">
   </function >
  </module>
  <module Name="D:\WkPjt\MStory2.0\Mango-M32.Firmware\M32.Src006.LedAllOnOff.New1\src\led.c" >
   <type Family="Base" Name="signed char" ID="448"/>
   <type Family="Base" Name="unsigned char" ID="455"/>
   <type Family="Base" Name="short int" ID="462"/>
   <type Family="Base" Name="short unsigned int" ID="469"/>
   <type Family="Base" Name="long int" ID="476"/>
   <type Family="Base" Name="long unsigned int" ID="494"/>
   <type Family="typedef" Name="uint32_t" Line="84" ID="483" toTI="494"/>
   <type Family="Base" Name="long long int" ID="501"/>
   <type Family="Base" Name="long long unsigned int" ID="508"/>
   <type Family="Base" Name="int" ID="515"/>
   <type Family="Base" Name="unsigned int" ID="522"/>
   <function Name="LED_On_Red" TI="0" FileName="D:\WkPjt\MStory2.0\Mango-M32.Firmware\M32.Src006.LedAllOnOff.New1\src\led.c" Line="23">
   </function >
   <function Name="LED_Off_Red" TI="0" FileName="D:\WkPjt\MStory2.0\Mango-M32.Firmware\M32.Src006.LedAllOnOff.New1\src\led.c" Line="28">
   </function >
   <function Name="LED_On_Yellow" TI="0" FileName="D:\WkPjt\MStory2.0\Mango-M32.Firmware\M32.Src006.LedAllOnOff.New1\src\led.c" Line="33">
   </function >
   <function Name="LED_Off_Yellow" TI="0" FileName="D:\WkPjt\MStory2.0\Mango-M32.Firmware\M32.Src006.LedAllOnOff.New1\src\led.c" Line="38">
   </function >
   <function Name="LED_On_Blue" TI="0" FileName="D:\WkPjt\MStory2.0\Mango-M32.Firmware\M32.Src006.LedAllOnOff.New1\src\led.c" Line="43">
   </function >
   <function Name="LED_Off_Blue" TI="0" FileName="D:\WkPjt\MStory2.0\Mango-M32.Firmware\M32.Src006.LedAllOnOff.New1\src\led.c" Line="48">
   </function >
   <function Name="LED_OnOffAll_Mult" TI="0" FileName="D:\WkPjt\MStory2.0\Mango-M32.Firmware\M32.Src006.LedAllOnOff.New1\src\led.c" Line="67">
    <parameter Name="count" TI="483" FileName="D:\WkPjt\MStory2.0\Mango-M32.Firmware\M32.Src006.LedAllOnOff.New1\src\led.c" Line="67" Addr="0x0" Param="Yes"/>
   </function >
   <function Name="LED_Test" TI="0" FileName="D:\WkPjt\MStory2.0\Mango-M32.Firmware\M32.Src006.LedAllOnOff.New1\src\led.c" Line="88">
   </function >
  </module>
 </modulelist>
</aoffile>

