<!-- DWF2XML 2.00.01 - Raisonance Dwarf information extractor -->
<aoffile Filename="MStroy2.0" dwarf="1">
 <modulelist>
  <module Name="D:\WkPjt\MStory2.0\Mango-M32.Firmware\M32.Src005.LedAllOnOff\src\main.c" >
   <type Family="Base" Name="unsigned int" ID="67"/>
   <function Name="delay_1_second" TI="0" FileName="D:\WkPjt\MStory2.0\Mango-M32.Firmware\M32.Src005.LedAllOnOff\src\main.c" Line="16">
    <parameter Name="nTime" TI="62" FileName="D:\WkPjt\MStory2.0\Mango-M32.Firmware\M32.Src005.LedAllOnOff\src\main.c" Line="16" Addr="0x3" Param="Yes"/>
   </function >
   <type Family="Base" Name="int" ID="160"/>
   <function Name="main" TI="160" FileName="D:\WkPjt\MStory2.0\Mango-M32.Firmware\M32.Src005.LedAllOnOff\src\main.c" Line="27">
   </function >
  </module>
 </modulelist>
</aoffile>

