<!-- DWF2XML 2.00.01 - Raisonance Dwarf information extractor -->
<aoffile Filename="MStroy2.0" dwarf="1">
 <modulelist>
  <module Name="D:\WkPjt\MStory2.0\Mango-Z1.Firmware\Z1.Src003.ClockControl\src\main.c" >
   <type Family="Base" Name="signed char" ID="37"/>
   <type Family="Base" Name="unsigned char" ID="55"/>
   <type Family="typedef" Name="uint8_t" Line="46" ID="44" toTI="55"/>
   <type Family="Base" Name="short int" ID="62"/>
   <type Family="Base" Name="short unsigned int" ID="80"/>
   <type Family="typedef" Name="uint16_t" Line="58" ID="69" toTI="80"/>
   <type Family="Base" Name="long int" ID="87"/>
   <type Family="Base" Name="long unsigned int" ID="105"/>
   <type Family="typedef" Name="uint32_t" Line="84" ID="94" toTI="105"/>
   <type Family="Base" Name="long long int" ID="112"/>
   <type Family="Base" Name="long long unsigned int" ID="119"/>
   <type Family="Base" Name="int" ID="126"/>
   <type Family="Base" Name="unsigned int" ID="133"/>
   <type Family="ComponentList" Line="879" ID="153">
    <Component Name="CR" TI="162" Line="880" Offs="0"/>
    <Component Name="CFGR" TI="176" Line="881" Offs="4"/>
    <Component Name="CIR" TI="191" Line="882" Offs="8"/>
    <Component Name="APB2RSTR" TI="206" Line="883" Offs="12"/>
    <Component Name="APB1RSTR" TI="221" Line="884" Offs="16"/>
    <Component Name="AHBENR" TI="236" Line="885" Offs="20"/>
    <Component Name="APB2ENR" TI="251" Line="886" Offs="24"/>
    <Component Name="APB1ENR" TI="266" Line="887" Offs="28"/>
    <Component Name="BDCR" TI="281" Line="888" Offs="32"/>
    <Component Name="CSR" TI="296" Line="889" Offs="36"/>
   </type>
   <type Family="ComponentList" Line="1031" ID="312">
    <Component Name="SR" TI="321" Line="1032" Offs="0"/>
    <Component Name="RESERVED0" TI="335" Line="1033" Offs="2"/>
    <Component Name="DR" TI="350" Line="1034" Offs="4"/>
    <Component Name="RESERVED1" TI="364" Line="1035" Offs="6"/>
    <Component Name="BRR" TI="379" Line="1036" Offs="8"/>
    <Component Name="RESERVED2" TI="394" Line="1037" Offs="10"/>
    <Component Name="CR1" TI="409" Line="1038" Offs="12"/>
    <Component Name="RESERVED3" TI="424" Line="1039" Offs="14"/>
    <Component Name="CR2" TI="439" Line="1040" Offs="16"/>
    <Component Name="RESERVED4" TI="454" Line="1041" Offs="18"/>
    <Component Name="CR3" TI="469" Line="1042" Offs="20"/>
    <Component Name="RESERVED5" TI="484" Line="1043" Offs="22"/>
    <Component Name="GTPR" TI="499" Line="1044" Offs="24"/>
    <Component Name="RESERVED6" TI="514" Line="1045" Offs="26"/>
   </type>
   <type Family="ComponentList" Line="46" ID="530">
    <Component Name="SYSCLK_Frequency" TI="538" Line="47" Offs="0"/>
    <Component Name="HCLK_Frequency" TI="552" Line="48" Offs="4"/>
    <Component Name="PCLK1_Frequency" TI="566" Line="49" Offs="8"/>
    <Component Name="PCLK2_Frequency" TI="580" Line="50" Offs="12"/>
    <Component Name="ADCCLK_Frequency" TI="594" Line="51" Offs="16"/>
   </type>
   <type Family="typedef" Name="RCC_ClocksTypeDef" Line="52" ID="609" toTI="530"/>
   <type Family="Base" Name="char" ID="620"/>
   <function Name="delay_int_count" TI="0" FileName="D:\WkPjt\MStory2.0\Mango-Z1.Firmware\Z1.Src003.ClockControl\src\main.c" Line="17">
    <parameter Name="nTime" TI="667" FileName="D:\WkPjt\MStory2.0\Mango-Z1.Firmware\Z1.Src003.ClockControl\src\main.c" Line="17" Addr="0x0" Param="Yes"/>
   </function >
   <function Name="delay_1_second" TI="0" FileName="D:\WkPjt\MStory2.0\Mango-Z1.Firmware\Z1.Src003.ClockControl\src\main.c" Line="22">
   </function >
   <function Name="delay_100_milli_second" TI="0" FileName="D:\WkPjt\MStory2.0\Mango-Z1.Firmware\Z1.Src003.ClockControl\src\main.c" Line="27">
   </function >
   <function Name="System_Information" TI="0" FileName="D:\WkPjt\MStory2.0\Mango-Z1.Firmware\Z1.Src003.ClockControl\src\main.c" Line="32">
    <variable Name="rcc_clocks" FileName="D:\WkPjt\MStory2.0\Mango-Z1.Firmware\Z1.Src003.ClockControl\src\main.c" Line="35" Addr="0x34000004" TI="609"/>
   <type Family="array" ID="813" toTI="620"/>
    <variable Name="__FUNCTION__" FileName="" Line="0" Addr="0x8006C68" TI="829"/>
   </function >
   <function Name="main" TI="126" FileName="D:\WkPjt\MStory2.0\Mango-Z1.Firmware\Z1.Src003.ClockControl\src\main.c" Line="54">
    <variable Name="ch" FileName="D:\WkPjt\MStory2.0\Mango-Z1.Firmware\Z1.Src003.ClockControl\src\main.c" Line="55" Addr="0x4" TI="44"/>
   </function >
  </module>
  <module Name="D:\WkPjt\MStory2.0\Mango-Z1.Firmware\Z1.Src003.ClockControl\src\hw_config.c" >
   <type Family="Base" Name="signed char" ID="872"/>
   <type Family="Base" Name="unsigned char" ID="890"/>
   <type Family="typedef" Name="uint8_t" Line="46" ID="879" toTI="890"/>
   <type Family="Base" Name="short int" ID="897"/>
   <type Family="Base" Name="short unsigned int" ID="915"/>
   <type Family="typedef" Name="uint16_t" Line="58" ID="904" toTI="915"/>
   <type Family="Base" Name="long int" ID="922"/>
   <type Family="Base" Name="long unsigned int" ID="940"/>
   <type Family="typedef" Name="uint32_t" Line="84" ID="929" toTI="940"/>
   <type Family="Base" Name="long long int" ID="947"/>
   <type Family="Base" Name="long long unsigned int" ID="954"/>
   <type Family="Base" Name="int" ID="961"/>
   <type Family="Base" Name="unsigned int" ID="968"/>
   <type Family="ComponentList" Line="806" ID="1032">
    <Component Name="CRL" TI="1041" Line="807" Offs="0"/>
    <Component Name="CRH" TI="1056" Line="808" Offs="4"/>
    <Component Name="IDR" TI="1071" Line="809" Offs="8"/>
    <Component Name="ODR" TI="1086" Line="810" Offs="12"/>
    <Component Name="BSRR" TI="1101" Line="811" Offs="16"/>
    <Component Name="BRR" TI="1116" Line="812" Offs="20"/>
    <Component Name="LCKR" TI="1131" Line="813" Offs="24"/>
   </type>
   <type Family="ComponentList" Line="1031" ID="1147">
    <Component Name="SR" TI="1156" Line="1032" Offs="0"/>
    <Component Name="RESERVED0" TI="1170" Line="1033" Offs="2"/>
    <Component Name="DR" TI="1185" Line="1034" Offs="4"/>
    <Component Name="RESERVED1" TI="1199" Line="1035" Offs="6"/>
    <Component Name="BRR" TI="1214" Line="1036" Offs="8"/>
    <Component Name="RESERVED2" TI="1229" Line="1037" Offs="10"/>
    <Component Name="CR1" TI="1244" Line="1038" Offs="12"/>
    <Component Name="RESERVED3" TI="1259" Line="1039" Offs="14"/>
    <Component Name="CR2" TI="1274" Line="1040" Offs="16"/>
    <Component Name="RESERVED4" TI="1289" Line="1041" Offs="18"/>
    <Component Name="CR3" TI="1304" Line="1042" Offs="20"/>
    <Component Name="RESERVED5" TI="1319" Line="1043" Offs="22"/>
    <Component Name="GTPR" TI="1334" Line="1044" Offs="24"/>
    <Component Name="RESERVED6" TI="1349" Line="1045" Offs="26"/>
   </type>
   <type Family="typedef" Name="USART_TypeDef" Line="1046" ID="1365" toTI="1147"/>
   <type Family="typedef" Name="GPIOSpeed_TypeDef" Line="62" ID="1404" toTI="1377"/>
   <type Family="typedef" Name="GPIOMode_TypeDef" Line="79" ID="1473" toTI="1415"/>
   <type Family="ComponentList" Line="91" ID="1484">
    <Component Name="GPIO_Pin" TI="1492" Line="92" Offs="0"/>
    <Component Name="GPIO_Speed" TI="1506" Line="95" Offs="2"/>
    <Component Name="GPIO_Mode" TI="1520" Line="98" Offs="3"/>
   </type>
   <type Family="typedef" Name="GPIO_InitTypeDef" Line="100" ID="1535" toTI="1484"/>
   <type Family="ComponentList" Line="50" ID="1546">
    <Component Name="USART_BaudRate" TI="1554" Line="51" Offs="0"/>
    <Component Name="USART_WordLength" TI="1568" Line="56" Offs="4"/>
    <Component Name="USART_StopBits" TI="1582" Line="59" Offs="6"/>
    <Component Name="USART_Parity" TI="1596" Line="62" Offs="8"/>
    <Component Name="USART_Mode" TI="1610" Line="69" Offs="10"/>
    <Component Name="USART_HardwareFlowControl" TI="1624" Line="72" Offs="12"/>
   </type>
   <type Family="typedef" Name="USART_InitTypeDef" Line="75" ID="1639" toTI="1546"/>
   <type Family="Base" Name="char" ID="1650"/>
   <function Name="USART_GetCharacter" TI="879" FileName="D:\WkPjt\MStory2.0\Mango-Z1.Firmware\Z1.Src003.ClockControl\src\hw_config.c" Line="143">
   <type Family="Pointer" TI="1715" toTI="1365"/>
    <parameter Name="usart_p" TI="1715" FileName="D:\WkPjt\MStory2.0\Mango-Z1.Firmware\Z1.Src003.ClockControl\src\hw_config.c" Line="143" Addr="0x0" Param="Yes"/>
    <variable Name="data" FileName="D:\WkPjt\MStory2.0\Mango-Z1.Firmware\Z1.Src003.ClockControl\src\hw_config.c" Line="144" Addr="0x4" TI="879"/>
   </function >
   <function Name="__io_putchar" TI="961" FileName="D:\WkPjt\MStory2.0\Mango-Z1.Firmware\Z1.Src003.ClockControl\src\hw_config.c" Line="126">
    <parameter Name="ch" TI="961" FileName="D:\WkPjt\MStory2.0\Mango-Z1.Firmware\Z1.Src003.ClockControl\src\hw_config.c" Line="126" Addr="0x0" Param="Yes"/>
   </function >
   <function Name="GPIO_Configuration" TI="0" FileName="D:\WkPjt\MStory2.0\Mango-Z1.Firmware\Z1.Src003.ClockControl\src\hw_config.c" Line="87">
    <variable Name="GPIO_InitStructure" FileName="D:\WkPjt\MStory2.0\Mango-Z1.Firmware\Z1.Src003.ClockControl\src\hw_config.c" Line="88" Addr="0x34000004" TI="1535"/>
   </function >
   <function Name="RCC_Configuration" TI="0" FileName="D:\WkPjt\MStory2.0\Mango-Z1.Firmware\Z1.Src003.ClockControl\src\hw_config.c" Line="67">
   </function >
   <function Name="USART1_Init" TI="0" FileName="D:\WkPjt\MStory2.0\Mango-Z1.Firmware\Z1.Src003.ClockControl\src\hw_config.c" Line="33">
    <variable Name="USART_InitStructure" FileName="D:\WkPjt\MStory2.0\Mango-Z1.Firmware\Z1.Src003.ClockControl\src\hw_config.c" Line="34" Addr="0x34000000" TI="1639"/>
   </function >
  </module>
  <module Name="D:\WkPjt\MStory2.0\Mango-Z1.Firmware\Z1.Src003.ClockControl\src\led.c" >
   <type Family="Base" Name="signed char" ID="1900"/>
   <type Family="Base" Name="unsigned char" ID="1907"/>
   <type Family="Base" Name="short int" ID="1914"/>
   <type Family="Base" Name="short unsigned int" ID="1921"/>
   <type Family="Base" Name="long int" ID="1928"/>
   <type Family="Base" Name="long unsigned int" ID="1946"/>
   <type Family="typedef" Name="uint32_t" Line="84" ID="1935" toTI="1946"/>
   <type Family="Base" Name="long long int" ID="1953"/>
   <type Family="Base" Name="long long unsigned int" ID="1960"/>
   <type Family="Base" Name="int" ID="1967"/>
   <type Family="Base" Name="unsigned int" ID="1974"/>
   <type Family="ComponentList" Line="806" ID="1989">
    <Component Name="CRL" TI="1998" Line="807" Offs="0"/>
    <Component Name="CRH" TI="2013" Line="808" Offs="4"/>
    <Component Name="IDR" TI="2028" Line="809" Offs="8"/>
    <Component Name="ODR" TI="2043" Line="810" Offs="12"/>
    <Component Name="BSRR" TI="2058" Line="811" Offs="16"/>
    <Component Name="BRR" TI="2073" Line="812" Offs="20"/>
    <Component Name="LCKR" TI="2088" Line="813" Offs="24"/>
   </type>
   <type Family="Base" Name="char" ID="2104"/>
   <function Name="LED_Off_Blue" TI="0" FileName="D:\WkPjt\MStory2.0\Mango-Z1.Firmware\Z1.Src003.ClockControl\src\led.c" Line="48">
   </function >
   <function Name="LED_Off_Yellow" TI="0" FileName="D:\WkPjt\MStory2.0\Mango-Z1.Firmware\Z1.Src003.ClockControl\src\led.c" Line="38">
   </function >
   <function Name="LED_Off_Red" TI="0" FileName="D:\WkPjt\MStory2.0\Mango-Z1.Firmware\Z1.Src003.ClockControl\src\led.c" Line="28">
   </function >
   <function Name="LED_Off_All" TI="0" FileName="D:\WkPjt\MStory2.0\Mango-Z1.Firmware\Z1.Src003.ClockControl\src\led.c" Line="60">
   </function >
   <function Name="LED_On_Blue" TI="0" FileName="D:\WkPjt\MStory2.0\Mango-Z1.Firmware\Z1.Src003.ClockControl\src\led.c" Line="43">
   </function >
   <function Name="LED_On_Yellow" TI="0" FileName="D:\WkPjt\MStory2.0\Mango-Z1.Firmware\Z1.Src003.ClockControl\src\led.c" Line="33">
   </function >
   <function Name="LED_On_Red" TI="0" FileName="D:\WkPjt\MStory2.0\Mango-Z1.Firmware\Z1.Src003.ClockControl\src\led.c" Line="23">
   </function >
   <function Name="LED_OnOffAll_Mult" TI="0" FileName="D:\WkPjt\MStory2.0\Mango-Z1.Firmware\Z1.Src003.ClockControl\src\led.c" Line="67">
    <parameter Name="count" TI="1935" FileName="D:\WkPjt\MStory2.0\Mango-Z1.Firmware\Z1.Src003.ClockControl\src\led.c" Line="67" Addr="0x0" Param="Yes"/>
   </function >
   <function Name="LED_On_All" TI="0" FileName="D:\WkPjt\MStory2.0\Mango-Z1.Firmware\Z1.Src003.ClockControl\src\led.c" Line="53">
   </function >
   <function Name="LED_Test" TI="0" FileName="D:\WkPjt\MStory2.0\Mango-Z1.Firmware\Z1.Src003.ClockControl\src\led.c" Line="88">
   </function >
  </module>
  <module Name="D:\WkPjt\MStory2.0\Mango-Z1.Firmware\Z1.Src003.ClockControl\src\debug.c" >
   <type Family="Base" Name="signed char" ID="2379"/>
   <type Family="Base" Name="unsigned char" ID="2397"/>
   <type Family="typedef" Name="uint8_t" Line="46" ID="2386" toTI="2397"/>
   <type Family="Base" Name="short int" ID="2404"/>
   <type Family="Base" Name="short unsigned int" ID="2411"/>
   <type Family="Base" Name="long int" ID="2418"/>
   <type Family="Base" Name="long unsigned int" ID="2436"/>
   <type Family="typedef" Name="uint32_t" Line="84" ID="2425" toTI="2436"/>
   <type Family="Base" Name="long long int" ID="2443"/>
   <type Family="Base" Name="long long unsigned int" ID="2450"/>
   <type Family="Base" Name="int" ID="2457"/>
   <type Family="Base" Name="unsigned int" ID="2464"/>
   <type Family="Base" Name="char" ID="2474"/>
   <type Family="Pointer" TI="2481" toTI="2487"/>
   <function Name="assert_failed" TI="0" FileName="D:\WkPjt\MStory2.0\Mango-Z1.Firmware\Z1.Src003.ClockControl\src\debug.c" Line="61">
   <type Family="Pointer" TI="2548" toTI="2386"/>
    <parameter Name="file" TI="2548" FileName="D:\WkPjt\MStory2.0\Mango-Z1.Firmware\Z1.Src003.ClockControl\src\debug.c" Line="61" Addr="0x0" Param="Yes"/>
    <parameter Name="line" TI="2425" FileName="D:\WkPjt\MStory2.0\Mango-Z1.Firmware\Z1.Src003.ClockControl\src\debug.c" Line="61" Addr="0x1" Param="Yes"/>
   </function >
   <function Name="DebugMsg_FunctionStart" TI="0" FileName="D:\WkPjt\MStory2.0\Mango-Z1.Firmware\Z1.Src003.ClockControl\src\debug.c" Line="17">
    <parameter Name="fName_p" TI="2481" FileName="D:\WkPjt\MStory2.0\Mango-Z1.Firmware\Z1.Src003.ClockControl\src\debug.c" Line="17" Addr="0x0" Param="Yes"/>
   </function >
  </module>
  <module Name="D:\WkPjt\MStory2.0\Mango-Z1.Firmware\Z1.Src003.ClockControl\src\key.c" >
   <type Family="Base" Name="signed char" ID="2838"/>
   <type Family="Base" Name="unsigned char" ID="2845"/>
   <type Family="Base" Name="short int" ID="2852"/>
   <type Family="Base" Name="short unsigned int" ID="2859"/>
   <type Family="Base" Name="long int" ID="2866"/>
   <type Family="Base" Name="long unsigned int" ID="2884"/>
   <type Family="typedef" Name="uint32_t" Line="84" ID="2873" toTI="2884"/>
   <type Family="Base" Name="long long int" ID="2891"/>
   <type Family="Base" Name="long long unsigned int" ID="2898"/>
   <type Family="Base" Name="int" ID="2905"/>
   <type Family="Base" Name="unsigned int" ID="2912"/>
   <type Family="ComponentList" Line="806" ID="2927">
    <Component Name="CRL" TI="2936" Line="807" Offs="0"/>
    <Component Name="CRH" TI="2951" Line="808" Offs="4"/>
    <Component Name="IDR" TI="2966" Line="809" Offs="8"/>
    <Component Name="ODR" TI="2981" Line="810" Offs="12"/>
    <Component Name="BSRR" TI="2996" Line="811" Offs="16"/>
    <Component Name="BRR" TI="3011" Line="812" Offs="20"/>
    <Component Name="LCKR" TI="3026" Line="813" Offs="24"/>
   </type>
   <type Family="Base" Name="char" ID="3063"/>
   <function Name="KEY_Test" TI="0" FileName="D:\WkPjt\MStory2.0\Mango-Z1.Firmware\Z1.Src003.ClockControl\src\key.c" Line="28">
    <variable Name="i" FileName="D:\WkPjt\MStory2.0\Mango-Z1.Firmware\Z1.Src003.ClockControl\src\key.c" Line="29" Addr="0x4" TI="2873"/>
   </function >
  </module>
  <module Name="D:\WkPjt\MStory2.0\Mango-Z1.Firmware\Libraries\STM32F10x_StdPeriph_Driver\src\stm32f10x_usart.c" >
   <type Family="Base" Name="signed char" ID="3141"/>
   <type Family="Base" Name="unsigned char" ID="3159"/>
   <type Family="typedef" Name="uint8_t" Line="46" ID="3148" toTI="3159"/>
   <type Family="Base" Name="short int" ID="3166"/>
   <type Family="Base" Name="short unsigned int" ID="3184"/>
   <type Family="typedef" Name="uint16_t" Line="58" ID="3173" toTI="3184"/>
   <type Family="Base" Name="long int" ID="3191"/>
   <type Family="Base" Name="long unsigned int" ID="3209"/>
   <type Family="typedef" Name="uint32_t" Line="84" ID="3198" toTI="3209"/>
   <type Family="Base" Name="long long int" ID="3216"/>
   <type Family="Base" Name="long long unsigned int" ID="3223"/>
   <type Family="Base" Name="int" ID="3230"/>
   <type Family="Base" Name="unsigned int" ID="3237"/>
   <type Family="typedef" Name="FlagStatus" Line="352" ID="3274" toTI="3252"/>
   <type Family="typedef" Name="ITStatus" Line="352" ID="3286" toTI="3252"/>
   <type Family="typedef" Name="FunctionalState" Line="354" ID="3320" toTI="3298"/>
   <type Family="ComponentList" Line="1031" ID="3332">
    <Component Name="SR" TI="3341" Line="1032" Offs="0"/>
    <Component Name="RESERVED0" TI="3355" Line="1033" Offs="2"/>
    <Component Name="DR" TI="3370" Line="1034" Offs="4"/>
    <Component Name="RESERVED1" TI="3384" Line="1035" Offs="6"/>
    <Component Name="BRR" TI="3399" Line="1036" Offs="8"/>
    <Component Name="RESERVED2" TI="3414" Line="1037" Offs="10"/>
    <Component Name="CR1" TI="3429" Line="1038" Offs="12"/>
    <Component Name="RESERVED3" TI="3444" Line="1039" Offs="14"/>
    <Component Name="CR2" TI="3459" Line="1040" Offs="16"/>
    <Component Name="RESERVED4" TI="3474" Line="1041" Offs="18"/>
    <Component Name="CR3" TI="3489" Line="1042" Offs="20"/>
    <Component Name="RESERVED5" TI="3504" Line="1043" Offs="22"/>
    <Component Name="GTPR" TI="3519" Line="1044" Offs="24"/>
    <Component Name="RESERVED6" TI="3534" Line="1045" Offs="26"/>
   </type>
   <type Family="typedef" Name="USART_TypeDef" Line="1046" ID="3550" toTI="3332"/>
   <type Family="ComponentList" Line="46" ID="3562">
    <Component Name="SYSCLK_Frequency" TI="3570" Line="47" Offs="0"/>
    <Component Name="HCLK_Frequency" TI="3584" Line="48" Offs="4"/>
    <Component Name="PCLK1_Frequency" TI="3598" Line="49" Offs="8"/>
    <Component Name="PCLK2_Frequency" TI="3612" Line="50" Offs="12"/>
    <Component Name="ADCCLK_Frequency" TI="3626" Line="51" Offs="16"/>
   </type>
   <type Family="typedef" Name="RCC_ClocksTypeDef" Line="52" ID="3641" toTI="3562"/>
   <type Family="ComponentList" Line="50" ID="3652">
    <Component Name="USART_BaudRate" TI="3660" Line="51" Offs="0"/>
    <Component Name="USART_WordLength" TI="3674" Line="56" Offs="4"/>
    <Component Name="USART_StopBits" TI="3688" Line="59" Offs="6"/>
    <Component Name="USART_Parity" TI="3702" Line="62" Offs="8"/>
    <Component Name="USART_Mode" TI="3716" Line="69" Offs="10"/>
    <Component Name="USART_HardwareFlowControl" TI="3730" Line="72" Offs="12"/>
   </type>
   <type Family="typedef" Name="USART_InitTypeDef" Line="75" ID="3745" toTI="3652"/>
   <type Family="ComponentList" Line="82" ID="3756">
    <Component Name="USART_Clock" TI="3764" Line="84" Offs="0"/>
    <Component Name="USART_CPOL" TI="3778" Line="87" Offs="2"/>
    <Component Name="USART_CPHA" TI="3792" Line="90" Offs="4"/>
    <Component Name="USART_LastBit" TI="3806" Line="93" Offs="6"/>
   </type>
   <type Family="typedef" Name="USART_ClockInitTypeDef" Line="96" ID="3821" toTI="3756"/>
   <type Family="Pointer" TI="3869" toTI="3745"/>
   <type Family="Pointer" TI="3914" toTI="3821"/>
   <type Family="Pointer" TI="4003" toTI="3550"/>
   <function Name="USART_GetFlagStatus" TI="3274" FileName="D:\WkPjt\MStory2.0\Mango-Z1.Firmware\Libraries\STM32F10x_StdPeriph_Driver\src\stm32f10x_usart.c" Line="784">
    <parameter Name="USARTx" TI="4003" FileName="D:\WkPjt\MStory2.0\Mango-Z1.Firmware\Libraries\STM32F10x_StdPeriph_Driver\src\stm32f10x_usart.c" Line="784" Addr="0x0" Param="Yes"/>
    <parameter Name="USART_FLAG" TI="3173" FileName="D:\WkPjt\MStory2.0\Mango-Z1.Firmware\Libraries\STM32F10x_StdPeriph_Driver\src\stm32f10x_usart.c" Line="784" Addr="0x1" Param="Yes"/>
   </function >
   <function Name="USART_ReceiveData" TI="3173" FileName="D:\WkPjt\MStory2.0\Mango-Z1.Firmware\Libraries\STM32F10x_StdPeriph_Driver\src\stm32f10x_usart.c" Line="577">
    <parameter Name="USARTx" TI="4003" FileName="D:\WkPjt\MStory2.0\Mango-Z1.Firmware\Libraries\STM32F10x_StdPeriph_Driver\src\stm32f10x_usart.c" Line="577" Addr="0x0" Param="Yes"/>
   </function >
   <function Name="USART_SendData" TI="0" FileName="D:\WkPjt\MStory2.0\Mango-Z1.Firmware\Libraries\STM32F10x_StdPeriph_Driver\src\stm32f10x_usart.c" Line="560">
    <parameter Name="USARTx" TI="4003" FileName="D:\WkPjt\MStory2.0\Mango-Z1.Firmware\Libraries\STM32F10x_StdPeriph_Driver\src\stm32f10x_usart.c" Line="560" Addr="0x0" Param="Yes"/>
    <parameter Name="Data" TI="3173" FileName="D:\WkPjt\MStory2.0\Mango-Z1.Firmware\Libraries\STM32F10x_StdPeriph_Driver\src\stm32f10x_usart.c" Line="560" Addr="0x1" Param="Yes"/>
   </function >
   <function Name="USART_Cmd" TI="0" FileName="D:\WkPjt\MStory2.0\Mango-Z1.Firmware\Libraries\STM32F10x_StdPeriph_Driver\src\stm32f10x_usart.c" Line="320">
    <parameter Name="USARTx" TI="4003" FileName="D:\WkPjt\MStory2.0\Mango-Z1.Firmware\Libraries\STM32F10x_StdPeriph_Driver\src\stm32f10x_usart.c" Line="320" Addr="0x0" Param="Yes"/>
    <parameter Name="NewState" TI="3320" FileName="D:\WkPjt\MStory2.0\Mango-Z1.Firmware\Libraries\STM32F10x_StdPeriph_Driver\src\stm32f10x_usart.c" Line="320" Addr="0x1" Param="Yes"/>
   </function >
   <function Name="USART_Init" TI="0" FileName="D:\WkPjt\MStory2.0\Mango-Z1.Firmware\Libraries\STM32F10x_StdPeriph_Driver\src\stm32f10x_usart.c" Line="166">
    <parameter Name="USARTx" TI="4003" FileName="D:\WkPjt\MStory2.0\Mango-Z1.Firmware\Libraries\STM32F10x_StdPeriph_Driver\src\stm32f10x_usart.c" Line="166" Addr="0x0" Param="Yes"/>
    <parameter Name="USART_InitStruct" TI="3869" FileName="D:\WkPjt\MStory2.0\Mango-Z1.Firmware\Libraries\STM32F10x_StdPeriph_Driver\src\stm32f10x_usart.c" Line="166" Addr="0x1" Param="Yes"/>
    <variable Name="tmpreg" FileName="D:\WkPjt\MStory2.0\Mango-Z1.Firmware\Libraries\STM32F10x_StdPeriph_Driver\src\stm32f10x_usart.c" Line="167" Addr="0x3" TI="3198"/>
    <variable Name="apbclock" FileName="D:\WkPjt\MStory2.0\Mango-Z1.Firmware\Libraries\STM32F10x_StdPeriph_Driver\src\stm32f10x_usart.c" Line="167" Addr="0x3" TI="3198"/>
    <variable Name="integerdivider" FileName="D:\WkPjt\MStory2.0\Mango-Z1.Firmware\Libraries\STM32F10x_StdPeriph_Driver\src\stm32f10x_usart.c" Line="168" Addr="0x2" TI="3198"/>
    <variable Name="RCC_ClocksStatus" FileName="D:\WkPjt\MStory2.0\Mango-Z1.Firmware\Libraries\STM32F10x_StdPeriph_Driver\src\stm32f10x_usart.c" Line="171" Addr="0x34000004" TI="3641"/>
   </function >
  </module>
  <module Name="D:\WkPjt\MStory2.0\Mango-Z1.Firmware\Libraries\STM32F10x_StdPeriph_Driver\src\stm32f10x_gpio.c" >
   <type Family="Base" Name="signed char" ID="5677"/>
   <type Family="Base" Name="unsigned char" ID="5695"/>
   <type Family="typedef" Name="uint8_t" Line="46" ID="5684" toTI="5695"/>
   <type Family="Base" Name="short int" ID="5702"/>
   <type Family="Base" Name="short unsigned int" ID="5720"/>
   <type Family="typedef" Name="uint16_t" Line="58" ID="5709" toTI="5720"/>
   <type Family="Base" Name="long int" ID="5727"/>
   <type Family="Base" Name="long unsigned int" ID="5745"/>
   <type Family="typedef" Name="uint32_t" Line="84" ID="5734" toTI="5745"/>
   <type Family="Base" Name="long long int" ID="5752"/>
   <type Family="Base" Name="long long unsigned int" ID="5759"/>
   <type Family="Base" Name="int" ID="5766"/>
   <type Family="Base" Name="unsigned int" ID="5773"/>
   <type Family="array" ID="5788" toTI="5734"/>
   <type Family="typedef" Name="FunctionalState" Line="354" ID="5826" toTI="5804"/>
   <type Family="ComponentList" Line="806" ID="5838">
    <Component Name="CRL" TI="5847" Line="807" Offs="0"/>
    <Component Name="CRH" TI="5862" Line="808" Offs="4"/>
    <Component Name="IDR" TI="5877" Line="809" Offs="8"/>
    <Component Name="ODR" TI="5892" Line="810" Offs="12"/>
    <Component Name="BSRR" TI="5907" Line="811" Offs="16"/>
    <Component Name="BRR" TI="5922" Line="812" Offs="20"/>
    <Component Name="LCKR" TI="5937" Line="813" Offs="24"/>
   </type>
   <type Family="typedef" Name="GPIO_TypeDef" Line="814" ID="5953" toTI="5838"/>
   <type Family="ComponentList" Line="821" ID="5965">
    <Component Name="EVCR" TI="5974" Line="822" Offs="0"/>
    <Component Name="MAPR" TI="5989" Line="823" Offs="4"/>
    <Component Name="EXTICR" TI="6004" Line="824" Offs="8"/>
   </type>
   <type Family="typedef" Name="GPIOSpeed_TypeDef" Line="62" ID="6052" toTI="6025"/>
   <type Family="typedef" Name="GPIOMode_TypeDef" Line="79" ID="6121" toTI="6063"/>
   <type Family="ComponentList" Line="91" ID="6132">
    <Component Name="GPIO_Pin" TI="6140" Line="92" Offs="0"/>
    <Component Name="GPIO_Speed" TI="6154" Line="95" Offs="2"/>
    <Component Name="GPIO_Mode" TI="6168" Line="98" Offs="3"/>
   </type>
   <type Family="typedef" Name="GPIO_InitTypeDef" Line="100" ID="6183" toTI="6132"/>
   <type Family="typedef" Name="BitAction" Line="110" ID="6215" toTI="6194"/>
   <type Family="Pointer" TI="6265" toTI="6183"/>
   <type Family="Pointer" TI="6691" toTI="5953"/>
   <function Name="GPIO_ResetBits" TI="0" FileName="D:\WkPjt\MStory2.0\Mango-Z1.Firmware\Libraries\STM32F10x_StdPeriph_Driver\src\stm32f10x_gpio.c" Line="374">
    <parameter Name="GPIOx" TI="6691" FileName="D:\WkPjt\MStory2.0\Mango-Z1.Firmware\Libraries\STM32F10x_StdPeriph_Driver\src\stm32f10x_gpio.c" Line="374" Addr="0x0" Param="Yes"/>
    <parameter Name="GPIO_Pin" TI="5709" FileName="D:\WkPjt\MStory2.0\Mango-Z1.Firmware\Libraries\STM32F10x_StdPeriph_Driver\src\stm32f10x_gpio.c" Line="374" Addr="0x1" Param="Yes"/>
   </function >
   <function Name="GPIO_SetBits" TI="0" FileName="D:\WkPjt\MStory2.0\Mango-Z1.Firmware\Libraries\STM32F10x_StdPeriph_Driver\src\stm32f10x_gpio.c" Line="358">
    <parameter Name="GPIOx" TI="6691" FileName="D:\WkPjt\MStory2.0\Mango-Z1.Firmware\Libraries\STM32F10x_StdPeriph_Driver\src\stm32f10x_gpio.c" Line="358" Addr="0x0" Param="Yes"/>
    <parameter Name="GPIO_Pin" TI="5709" FileName="D:\WkPjt\MStory2.0\Mango-Z1.Firmware\Libraries\STM32F10x_StdPeriph_Driver\src\stm32f10x_gpio.c" Line="358" Addr="0x1" Param="Yes"/>
   </function >
   <function Name="GPIO_ReadInputDataBit" TI="5684" FileName="D:\WkPjt\MStory2.0\Mango-Z1.Firmware\Libraries\STM32F10x_StdPeriph_Driver\src\stm32f10x_gpio.c" Line="281">
    <parameter Name="GPIOx" TI="6691" FileName="D:\WkPjt\MStory2.0\Mango-Z1.Firmware\Libraries\STM32F10x_StdPeriph_Driver\src\stm32f10x_gpio.c" Line="281" Addr="0x0" Param="Yes"/>
    <parameter Name="GPIO_Pin" TI="5709" FileName="D:\WkPjt\MStory2.0\Mango-Z1.Firmware\Libraries\STM32F10x_StdPeriph_Driver\src\stm32f10x_gpio.c" Line="281" Addr="0x1" Param="Yes"/>
   </function >
   <function Name="GPIO_Init" TI="0" FileName="D:\WkPjt\MStory2.0\Mango-Z1.Firmware\Libraries\STM32F10x_StdPeriph_Driver\src\stm32f10x_gpio.c" Line="173">
    <parameter Name="GPIOx" TI="6691" FileName="D:\WkPjt\MStory2.0\Mango-Z1.Firmware\Libraries\STM32F10x_StdPeriph_Driver\src\stm32f10x_gpio.c" Line="173" Addr="0x0" Param="Yes"/>
    <parameter Name="GPIO_InitStruct" TI="6265" FileName="D:\WkPjt\MStory2.0\Mango-Z1.Firmware\Libraries\STM32F10x_StdPeriph_Driver\src\stm32f10x_gpio.c" Line="173" Addr="0x1" Param="Yes"/>
    <variable Name="currentmode" FileName="D:\WkPjt\MStory2.0\Mango-Z1.Firmware\Libraries\STM32F10x_StdPeriph_Driver\src\stm32f10x_gpio.c" Line="174" Addr="0x7" TI="5734"/>
    <variable Name="currentpin" FileName="D:\WkPjt\MStory2.0\Mango-Z1.Firmware\Libraries\STM32F10x_StdPeriph_Driver\src\stm32f10x_gpio.c" Line="174" Addr="0x0" TI="5734"/>
    <variable Name="pinpos" FileName="D:\WkPjt\MStory2.0\Mango-Z1.Firmware\Libraries\STM32F10x_StdPeriph_Driver\src\stm32f10x_gpio.c" Line="174" Addr="0x1" TI="5734"/>
    <variable Name="pos" FileName="D:\WkPjt\MStory2.0\Mango-Z1.Firmware\Libraries\STM32F10x_StdPeriph_Driver\src\stm32f10x_gpio.c" Line="174" Addr="0x3" TI="5734"/>
    <variable Name="tmpreg" FileName="D:\WkPjt\MStory2.0\Mango-Z1.Firmware\Libraries\STM32F10x_StdPeriph_Driver\src\stm32f10x_gpio.c" Line="175" Addr="0x5" TI="5734"/>
   </function >
  </module>
  <module Name="D:\WkPjt\MStory2.0\Mango-Z1.Firmware\Libraries\STM32F10x_StdPeriph_Driver\src\stm32f10x_rcc.c" >
   <type Family="Base" Name="signed char" ID="7429"/>
   <type Family="Base" Name="unsigned char" ID="7447"/>
   <type Family="typedef" Name="uint8_t" Line="46" ID="7436" toTI="7447"/>
   <type Family="Base" Name="short int" ID="7454"/>
   <type Family="Base" Name="short unsigned int" ID="7461"/>
   <type Family="Base" Name="long int" ID="7468"/>
   <type Family="Base" Name="long unsigned int" ID="7486"/>
   <type Family="typedef" Name="uint32_t" Line="84" ID="7475" toTI="7486"/>
   <type Family="Base" Name="long long int" ID="7493"/>
   <type Family="Base" Name="long long unsigned int" ID="7500"/>
   <type Family="Base" Name="int" ID="7507"/>
   <type Family="Base" Name="unsigned int" ID="7514"/>
   <type Family="typedef" Name="FlagStatus" Line="352" ID="7551" toTI="7529"/>
   <type Family="typedef" Name="ITStatus" Line="352" ID="7563" toTI="7529"/>
   <type Family="typedef" Name="FunctionalState" Line="354" ID="7597" toTI="7575"/>
   <type Family="typedef" Name="ErrorStatus" Line="357" ID="7631" toTI="7609"/>
   <type Family="ComponentList" Line="879" ID="7643">
    <Component Name="CR" TI="7652" Line="880" Offs="0"/>
    <Component Name="CFGR" TI="7666" Line="881" Offs="4"/>
    <Component Name="CIR" TI="7681" Line="882" Offs="8"/>
    <Component Name="APB2RSTR" TI="7696" Line="883" Offs="12"/>
    <Component Name="APB1RSTR" TI="7711" Line="884" Offs="16"/>
    <Component Name="AHBENR" TI="7726" Line="885" Offs="20"/>
    <Component Name="APB2ENR" TI="7741" Line="886" Offs="24"/>
    <Component Name="APB1ENR" TI="7756" Line="887" Offs="28"/>
    <Component Name="BDCR" TI="7771" Line="888" Offs="32"/>
    <Component Name="CSR" TI="7786" Line="889" Offs="36"/>
   </type>
   <type Family="ComponentList" Line="46" ID="7802">
    <Component Name="SYSCLK_Frequency" TI="7810" Line="47" Offs="0"/>
    <Component Name="HCLK_Frequency" TI="7824" Line="48" Offs="4"/>
    <Component Name="PCLK1_Frequency" TI="7838" Line="49" Offs="8"/>
    <Component Name="PCLK2_Frequency" TI="7852" Line="50" Offs="12"/>
    <Component Name="ADCCLK_Frequency" TI="7866" Line="51" Offs="16"/>
   </type>
   <type Family="typedef" Name="RCC_ClocksTypeDef" Line="52" ID="7881" toTI="7802"/>
   <function Name="RCC_GetClocksFreq" TI="0" FileName="D:\WkPjt\MStory2.0\Mango-Z1.Firmware\Libraries\STM32F10x_StdPeriph_Driver\src\stm32f10x_rcc.c" Line="903">
   <type Family="Pointer" TI="8034" toTI="7881"/>
    <parameter Name="RCC_Clocks" TI="8034" FileName="D:\WkPjt\MStory2.0\Mango-Z1.Firmware\Libraries\STM32F10x_StdPeriph_Driver\src\stm32f10x_rcc.c" Line="903" Addr="0x0" Param="Yes"/>
    <variable Name="tmp" FileName="D:\WkPjt\MStory2.0\Mango-Z1.Firmware\Libraries\STM32F10x_StdPeriph_Driver\src\stm32f10x_rcc.c" Line="904" Addr="0x3" TI="7475"/>
    <variable Name="pllmull" FileName="D:\WkPjt\MStory2.0\Mango-Z1.Firmware\Libraries\STM32F10x_StdPeriph_Driver\src\stm32f10x_rcc.c" Line="904" Addr="0x1" TI="7475"/>
   </function >
   <function Name="RCC_APB2PeriphClockCmd" TI="0" FileName="D:\WkPjt\MStory2.0\Mango-Z1.Firmware\Libraries\STM32F10x_StdPeriph_Driver\src\stm32f10x_rcc.c" Line="1077">
    <parameter Name="RCC_APB2Periph" TI="7475" FileName="D:\WkPjt\MStory2.0\Mango-Z1.Firmware\Libraries\STM32F10x_StdPeriph_Driver\src\stm32f10x_rcc.c" Line="1077" Addr="0x0" Param="Yes"/>
    <parameter Name="NewState" TI="7597" FileName="D:\WkPjt\MStory2.0\Mango-Z1.Firmware\Libraries\STM32F10x_StdPeriph_Driver\src\stm32f10x_rcc.c" Line="1077" Addr="0x1" Param="Yes"/>
   </function >
   <type Family="array" ID="9568" toTI="7436"/>
   <variable Name="APBAHBPrescTable" FileName="D:\WkPjt\MStory2.0\Mango-Z1.Firmware\Libraries\STM32F10x_StdPeriph_Driver\src\stm32f10x_rcc.c" Line="200" Addr="0x20000000" TI="9601"/>
   <type Family="array" ID="9611" toTI="7436"/>
   <variable Name="ADCPrescTable" FileName="D:\WkPjt\MStory2.0\Mango-Z1.Firmware\Libraries\STM32F10x_StdPeriph_Driver\src\stm32f10x_rcc.c" Line="201" Addr="0x20000010" TI="9644"/>
  </module>
  <module Name="D:\WkPjt\MStory2.0\Mango-Z1.Firmware\Libraries\CMSIS\Core\CM3\system_stm32f10x.c" >
   <type Family="Base" Name="signed char" ID="9692"/>
   <type Family="Base" Name="unsigned char" ID="9699"/>
   <type Family="Base" Name="short int" ID="9706"/>
   <type Family="Base" Name="short unsigned int" ID="9713"/>
   <type Family="Base" Name="long int" ID="9720"/>
   <type Family="Base" Name="long unsigned int" ID="9738"/>
   <type Family="typedef" Name="uint32_t" Line="84" ID="9727" toTI="9738"/>
   <type Family="Base" Name="long long int" ID="9745"/>
   <type Family="Base" Name="long long unsigned int" ID="9752"/>
   <type Family="Base" Name="int" ID="9759"/>
   <type Family="Base" Name="unsigned int" ID="9766"/>
   <type Family="ComponentList" Line="714" ID="9808">
    <Component Name="ACR" TI="9817" Line="715" Offs="0"/>
    <Component Name="KEYR" TI="9832" Line="716" Offs="4"/>
    <Component Name="OPTKEYR" TI="9847" Line="717" Offs="8"/>
    <Component Name="SR" TI="9862" Line="718" Offs="12"/>
    <Component Name="CR" TI="9876" Line="719" Offs="16"/>
    <Component Name="AR" TI="9890" Line="720" Offs="20"/>
    <Component Name="RESERVED" TI="9904" Line="721" Offs="24"/>
    <Component Name="OBR" TI="9919" Line="722" Offs="28"/>
    <Component Name="WRPR" TI="9934" Line="723" Offs="32"/>
   </type>
   <type Family="ComponentList" Line="879" ID="9950">
    <Component Name="CR" TI="9959" Line="880" Offs="0"/>
    <Component Name="CFGR" TI="9973" Line="881" Offs="4"/>
    <Component Name="CIR" TI="9988" Line="882" Offs="8"/>
    <Component Name="APB2RSTR" TI="10003" Line="883" Offs="12"/>
    <Component Name="APB1RSTR" TI="10018" Line="884" Offs="16"/>
    <Component Name="AHBENR" TI="10033" Line="885" Offs="20"/>
    <Component Name="APB2ENR" TI="10048" Line="886" Offs="24"/>
    <Component Name="APB1ENR" TI="10063" Line="887" Offs="28"/>
    <Component Name="BDCR" TI="10078" Line="888" Offs="32"/>
    <Component Name="CSR" TI="10093" Line="889" Offs="36"/>
   </type>
   <function Name="SystemInit" TI="0" FileName="D:\WkPjt\MStory2.0\Mango-Z1.Firmware\Libraries\CMSIS\Core\CM3\system_stm32f10x.c" Line="188">
    <variable Name="StartUpCounter" FileName="D:\WkPjt\MStory2.0\Mango-Z1.Firmware\Libraries\CMSIS\Core\CM3\system_stm32f10x.c" Line="820" Addr="0x3400000C" TI="0"/>
    <variable Name="HSEStatus" FileName="D:\WkPjt\MStory2.0\Mango-Z1.Firmware\Libraries\CMSIS\Core\CM3\system_stm32f10x.c" Line="820" Addr="0x34000008" TI="0"/>
   </function >
   <variable Name="SystemFrequency" FileName="D:\WkPjt\MStory2.0\Mango-Z1.Firmware\Libraries\CMSIS\Core\CM3\system_stm32f10x.c" Line="135" Addr="0x0" TI="9781"/>
   <variable Name="SystemFrequency_SysClk" FileName="D:\WkPjt\MStory2.0\Mango-Z1.Firmware\Libraries\CMSIS\Core\CM3\system_stm32f10x.c" Line="136" Addr="0x0" TI="9781"/>
   <variable Name="SystemFrequency_AHBClk" FileName="D:\WkPjt\MStory2.0\Mango-Z1.Firmware\Libraries\CMSIS\Core\CM3\system_stm32f10x.c" Line="137" Addr="0x0" TI="9781"/>
   <variable Name="SystemFrequency_APB1Clk" FileName="D:\WkPjt\MStory2.0\Mango-Z1.Firmware\Libraries\CMSIS\Core\CM3\system_stm32f10x.c" Line="138" Addr="0x0" TI="9781"/>
   <variable Name="SystemFrequency_APB2Clk" FileName="D:\WkPjt\MStory2.0\Mango-Z1.Firmware\Libraries\CMSIS\Core\CM3\system_stm32f10x.c" Line="139" Addr="0x0" TI="9781"/>
  </module>
 </modulelist>
</aoffile>

