<!-- DWF2XML 2.00.01 - Raisonance Dwarf information extractor -->
<aoffile Header="MStroy2.0" Path="D:\WkPjt\MStory2.0\Mango-Z1.Firmware\Z1.Src007.1ByteTxRx\project\RIDE\MStroy2.0.elf">
 <Def>
  <Col Header="DeclFile" Desc="File"/>
  <Col Header="Type" Desc="Type"/>
  <Col Header="Header" Desc="Name"/>
 </Def>
 <type Header="IRQn_Type" Icon="1" Type="type" Desc=": unsigned char" DeclFile="D:\WkPjt\MStory2.0\Mango-Z1.Firmware\Libraries\CMSIS\Core\CM3\stm32f10x.h" DeclLine="301" Pointer="No"/>
 <type Header="uint8_t" Icon="1" Type="type" Desc=": unsigned char" DeclFile="c:\program files\raisonance\ride\arm-gcc\arm-none-eabi\include\stdint.h" DeclLine="46" Pointer="No"/>
 <type Header="uint16_t" Icon="1" Type="type" Desc=": unsigned int" DeclFile="c:\program files\raisonance\ride\arm-gcc\arm-none-eabi\include\stdint.h" DeclLine="58" Pointer="No"/>
 <type Header="uint32_t" Icon="1" Type="type" Desc=": unsigned long" DeclFile="c:\program files\raisonance\ride\arm-gcc\arm-none-eabi\include\stdint.h" DeclLine="84" Pointer="No"/>
 <type Header="RCC_ClocksTypeDef" Icon="1" Type="type" Desc=": struct " DeclFile="D:\WkPjt\MStory2.0\Mango-Z1.Firmware\Libraries\STM32F10x_StdPeriph_Driver\inc\stm32f10x_rcc.h" DeclLine="52" Pointer="No"/>
 <func Header="System_Information" Icon="3" Type="func" Desc=":   void" DeclFile="D:\WkPjt\MStory2.0\Mango-Z1.Firmware\Z1.Src007.1ByteTxRx\src\main.c" DeclLine="21"/>
 <func Header="main" Icon="3" Type="func" Desc=":   long" DeclFile="D:\WkPjt\MStory2.0\Mango-Z1.Firmware\Z1.Src007.1ByteTxRx\src\main.c" DeclLine="38"/>
 <variable Header="rcc_clocks" Icon="2" Type="variable" Desc=":   struct " DeclFile="D:\WkPjt\MStory2.0\Mango-Z1.Firmware\Z1.Src007.1ByteTxRx\src\main.c" DeclLine="16" Pointer="No"/>
 <type Header="uint8_t" Icon="1" Type="type" Desc=": unsigned char" DeclFile="c:\program files\raisonance\ride\arm-gcc\arm-none-eabi\include\stdint.h" DeclLine="46" Pointer="No"/>
 <type Header="uint16_t" Icon="1" Type="type" Desc=": unsigned int" DeclFile="c:\program files\raisonance\ride\arm-gcc\arm-none-eabi\include\stdint.h" DeclLine="58" Pointer="No"/>
 <type Header="uint32_t" Icon="1" Type="type" Desc=": unsigned long" DeclFile="c:\program files\raisonance\ride\arm-gcc\arm-none-eabi\include\stdint.h" DeclLine="84" Pointer="No"/>
 <type Header="FunctionalState" Icon="1" Type="type" Desc=": unsigned char" DeclFile="D:\WkPjt\MStory2.0\Mango-Z1.Firmware\Libraries\CMSIS\Core\CM3\stm32f10x.h" DeclLine="354" Pointer="No"/>
 <type Header="USART_TypeDef" Icon="1" Type="type" Desc=": struct " DeclFile="D:\WkPjt\MStory2.0\Mango-Z1.Firmware\Libraries\CMSIS\Core\CM3\stm32f10x.h" DeclLine="1046" Pointer="No"/>
 <type Header="EXTIMode_TypeDef" Icon="1" Type="type" Desc=": unsigned char" DeclFile="D:\WkPjt\MStory2.0\Mango-Z1.Firmware\Libraries\STM32F10x_StdPeriph_Driver\inc\stm32f10x_exti.h" DeclLine="53" Pointer="No"/>
 <type Header="EXTITrigger_TypeDef" Icon="1" Type="type" Desc=": unsigned char" DeclFile="D:\WkPjt\MStory2.0\Mango-Z1.Firmware\Libraries\STM32F10x_StdPeriph_Driver\inc\stm32f10x_exti.h" DeclLine="66" Pointer="No"/>
 <type Header="EXTI_InitTypeDef" Icon="1" Type="type" Desc=": struct " DeclFile="D:\WkPjt\MStory2.0\Mango-Z1.Firmware\Libraries\STM32F10x_StdPeriph_Driver\inc\stm32f10x_exti.h" DeclLine="88" Pointer="No"/>
 <type Header="GPIOSpeed_TypeDef" Icon="1" Type="type" Desc=": unsigned char" DeclFile="D:\WkPjt\MStory2.0\Mango-Z1.Firmware\Libraries\STM32F10x_StdPeriph_Driver\inc\stm32f10x_gpio.h" DeclLine="62" Pointer="No"/>
 <type Header="GPIOMode_TypeDef" Icon="1" Type="type" Desc=": unsigned char" DeclFile="D:\WkPjt\MStory2.0\Mango-Z1.Firmware\Libraries\STM32F10x_StdPeriph_Driver\inc\stm32f10x_gpio.h" DeclLine="79" Pointer="No"/>
 <type Header="GPIO_InitTypeDef" Icon="1" Type="type" Desc=": struct " DeclFile="D:\WkPjt\MStory2.0\Mango-Z1.Firmware\Libraries\STM32F10x_StdPeriph_Driver\inc\stm32f10x_gpio.h" DeclLine="100" Pointer="No"/>
 <type Header="SPI_InitTypeDef" Icon="1" Type="type" Desc=": struct " DeclFile="D:\WkPjt\MStory2.0\Mango-Z1.Firmware\Libraries\STM32F10x_StdPeriph_Driver\inc\stm32f10x_spi.h" DeclLine="80" Pointer="No"/>
 <type Header="USART_InitTypeDef" Icon="1" Type="type" Desc=": struct " DeclFile="D:\WkPjt\MStory2.0\Mango-Z1.Firmware\Libraries\STM32F10x_StdPeriph_Driver\inc\stm32f10x_usart.h" DeclLine="75" Pointer="No"/>
 <type Header="NVIC_InitTypeDef" Icon="1" Type="type" Desc=": struct " DeclFile="D:\WkPjt\MStory2.0\Mango-Z1.Firmware\Libraries\STM32F10x_StdPeriph_Driver\inc\misc.h" DeclLine="67" Pointer="No"/>
 <func Header="Delay" Icon="3" Type="func" Desc=":   void" DeclFile="D:\WkPjt\MStory2.0\Mango-Z1.Firmware\Z1.Src007.1ByteTxRx\src\hw_config.c" DeclLine="231"/>
 <func Header="delay_100_milli_second" Icon="3" Type="func" Desc=":   void" DeclFile="D:\WkPjt\MStory2.0\Mango-Z1.Firmware\Z1.Src007.1ByteTxRx\src\hw_config.c" DeclLine="34"/>
 <func Header="delay_1_second" Icon="3" Type="func" Desc=":   void" DeclFile="D:\WkPjt\MStory2.0\Mango-Z1.Firmware\Z1.Src007.1ByteTxRx\src\hw_config.c" DeclLine="29"/>
 <func Header="TimingDelay_Decrement" Icon="3" Type="func" Desc=":   void" DeclFile="D:\WkPjt\MStory2.0\Mango-Z1.Firmware\Z1.Src007.1ByteTxRx\src\hw_config.c" DeclLine="243"/>
 <func Header="USART_GetCharacter" Icon="3" Type="func" Desc=":   unsigned char" DeclFile="D:\WkPjt\MStory2.0\Mango-Z1.Firmware\Z1.Src007.1ByteTxRx\src\hw_config.c" DeclLine="332"/>
 <func Header="__io_putchar" Icon="3" Type="func" Desc=":   long" DeclFile="D:\WkPjt\MStory2.0\Mango-Z1.Firmware\Z1.Src007.1ByteTxRx\src\hw_config.c" DeclLine="315"/>
 <func Header="GPIO_Configuration" Icon="3" Type="func" Desc=":   void" DeclFile="D:\WkPjt\MStory2.0\Mango-Z1.Firmware\Z1.Src007.1ByteTxRx\src\hw_config.c" DeclLine="145"/>
 <func Header="SPIx_Init" Icon="3" Type="func" Desc=":   void" DeclFile="D:\WkPjt\MStory2.0\Mango-Z1.Firmware\Z1.Src007.1ByteTxRx\src\hw_config.c" DeclLine="258"/>
 <func Header="EXTI_Configuration" Icon="3" Type="func" Desc=":   void" DeclFile="D:\WkPjt\MStory2.0\Mango-Z1.Firmware\Z1.Src007.1ByteTxRx\src\hw_config.c" DeclLine="199"/>
 <func Header="NVIC_Configuration" Icon="3" Type="func" Desc=":   void" DeclFile="D:\WkPjt\MStory2.0\Mango-Z1.Firmware\Z1.Src007.1ByteTxRx\src\hw_config.c" DeclLine="109"/>
 <func Header="RCC_Configuration" Icon="3" Type="func" Desc=":   void" DeclFile="D:\WkPjt\MStory2.0\Mango-Z1.Firmware\Z1.Src007.1ByteTxRx\src\hw_config.c" DeclLine="79"/>
 <func Header="USART1_Init" Icon="3" Type="func" Desc=":   void" DeclFile="D:\WkPjt\MStory2.0\Mango-Z1.Firmware\Z1.Src007.1ByteTxRx\src\hw_config.c" DeclLine="45"/>
 <variable Header="TimingDelay" Icon="2" Type="variable" Desc=":   unsigned long" DeclFile="D:\WkPjt\MStory2.0\Mango-Z1.Firmware\Z1.Src007.1ByteTxRx\src\hw_config.c" DeclLine="24" Pointer="No"/>
 <type Header="uint32_t" Icon="1" Type="type" Desc=": unsigned long" DeclFile="c:\program files\raisonance\ride\arm-gcc\arm-none-eabi\include\stdint.h" DeclLine="84" Pointer="No"/>
 <func Header="LED_Off_Blue" Icon="3" Type="func" Desc=":   void" DeclFile="D:\WkPjt\MStory2.0\Mango-Z1.Firmware\Z1.Src007.1ByteTxRx\src\led.c" DeclLine="48"/>
 <func Header="LED_Off_Yellow" Icon="3" Type="func" Desc=":   void" DeclFile="D:\WkPjt\MStory2.0\Mango-Z1.Firmware\Z1.Src007.1ByteTxRx\src\led.c" DeclLine="38"/>
 <func Header="LED_Off_Red" Icon="3" Type="func" Desc=":   void" DeclFile="D:\WkPjt\MStory2.0\Mango-Z1.Firmware\Z1.Src007.1ByteTxRx\src\led.c" DeclLine="28"/>
 <func Header="LED_Off_All" Icon="3" Type="func" Desc=":   void" DeclFile="D:\WkPjt\MStory2.0\Mango-Z1.Firmware\Z1.Src007.1ByteTxRx\src\led.c" DeclLine="60"/>
 <func Header="LED_On_Blue" Icon="3" Type="func" Desc=":   void" DeclFile="D:\WkPjt\MStory2.0\Mango-Z1.Firmware\Z1.Src007.1ByteTxRx\src\led.c" DeclLine="43"/>
 <func Header="LED_On_Yellow" Icon="3" Type="func" Desc=":   void" DeclFile="D:\WkPjt\MStory2.0\Mango-Z1.Firmware\Z1.Src007.1ByteTxRx\src\led.c" DeclLine="33"/>
 <func Header="LED_On_Red" Icon="3" Type="func" Desc=":   void" DeclFile="D:\WkPjt\MStory2.0\Mango-Z1.Firmware\Z1.Src007.1ByteTxRx\src\led.c" DeclLine="23"/>
 <func Header="LED_OnOffAll_Mult" Icon="3" Type="func" Desc=":   void" DeclFile="D:\WkPjt\MStory2.0\Mango-Z1.Firmware\Z1.Src007.1ByteTxRx\src\led.c" DeclLine="67"/>
 <func Header="LED_On_All" Icon="3" Type="func" Desc=":   void" DeclFile="D:\WkPjt\MStory2.0\Mango-Z1.Firmware\Z1.Src007.1ByteTxRx\src\led.c" DeclLine="53"/>
 <func Header="LED_Test" Icon="3" Type="func" Desc=":   void" DeclFile="D:\WkPjt\MStory2.0\Mango-Z1.Firmware\Z1.Src007.1ByteTxRx\src\led.c" DeclLine="88"/>
 <type Header="uint8_t" Icon="1" Type="type" Desc=": unsigned char" DeclFile="c:\program files\raisonance\ride\arm-gcc\arm-none-eabi\include\stdint.h" DeclLine="46" Pointer="No"/>
 <type Header="uint32_t" Icon="1" Type="type" Desc=": unsigned long" DeclFile="c:\program files\raisonance\ride\arm-gcc\arm-none-eabi\include\stdint.h" DeclLine="84" Pointer="No"/>
 <func Header="assert_failed" Icon="3" Type="func" Desc=":   void" DeclFile="D:\WkPjt\MStory2.0\Mango-Z1.Firmware\Z1.Src007.1ByteTxRx\src\debug.c" DeclLine="61"/>
 <func Header="DebugMsg_Assert" Icon="3" Type="func" Desc=":   void" DeclFile="D:\WkPjt\MStory2.0\Mango-Z1.Firmware\Z1.Src007.1ByteTxRx\src\debug.c" DeclLine="47"/>
 <func Header="DebugMsg_FunctionError" Icon="3" Type="func" Desc=":   void" DeclFile="D:\WkPjt\MStory2.0\Mango-Z1.Firmware\Z1.Src007.1ByteTxRx\src\debug.c" DeclLine="38"/>
 <func Header="DebugMsg_FunctionNotify" Icon="3" Type="func" Desc=":   void" DeclFile="D:\WkPjt\MStory2.0\Mango-Z1.Firmware\Z1.Src007.1ByteTxRx\src\debug.c" DeclLine="31"/>
 <func Header="DebugMsg_FunctionStart" Icon="3" Type="func" Desc=":   void" DeclFile="D:\WkPjt\MStory2.0\Mango-Z1.Firmware\Z1.Src007.1ByteTxRx\src\debug.c" DeclLine="17"/>
 <type Header="uint32_t" Icon="1" Type="type" Desc=": unsigned long" DeclFile="c:\program files\raisonance\ride\arm-gcc\arm-none-eabi\include\stdint.h" DeclLine="84" Pointer="No"/>
 <func Header="KEY_Test" Icon="3" Type="func" Desc=":   void" DeclFile="D:\WkPjt\MStory2.0\Mango-Z1.Firmware\Z1.Src007.1ByteTxRx\src\key.c" DeclLine="28"/>
 <func Header="NMI_Handler" Icon="3" Type="func" Desc=":   void" DeclFile="D:\WkPjt\MStory2.0\Mango-Z1.Firmware\Z1.Src007.1ByteTxRx\src\stm32f10x_it.c" DeclLine="47"/>
 <func Header="HardFault_Handler" Icon="3" Type="func" Desc=":   void" DeclFile="D:\WkPjt\MStory2.0\Mango-Z1.Firmware\Z1.Src007.1ByteTxRx\src\stm32f10x_it.c" DeclLine="56"/>
 <func Header="MemManage_Handler" Icon="3" Type="func" Desc=":   void" DeclFile="D:\WkPjt\MStory2.0\Mango-Z1.Firmware\Z1.Src007.1ByteTxRx\src\stm32f10x_it.c" DeclLine="69"/>
 <func Header="BusFault_Handler" Icon="3" Type="func" Desc=":   void" DeclFile="D:\WkPjt\MStory2.0\Mango-Z1.Firmware\Z1.Src007.1ByteTxRx\src\stm32f10x_it.c" DeclLine="82"/>
 <func Header="UsageFault_Handler" Icon="3" Type="func" Desc=":   void" DeclFile="D:\WkPjt\MStory2.0\Mango-Z1.Firmware\Z1.Src007.1ByteTxRx\src\stm32f10x_it.c" DeclLine="95"/>
 <func Header="SVC_Handler" Icon="3" Type="func" Desc=":   void" DeclFile="D:\WkPjt\MStory2.0\Mango-Z1.Firmware\Z1.Src007.1ByteTxRx\src\stm32f10x_it.c" DeclLine="108"/>
 <func Header="DebugMon_Handler" Icon="3" Type="func" Desc=":   void" DeclFile="D:\WkPjt\MStory2.0\Mango-Z1.Firmware\Z1.Src007.1ByteTxRx\src\stm32f10x_it.c" DeclLine="117"/>
 <func Header="PendSV_Handler" Icon="3" Type="func" Desc=":   void" DeclFile="D:\WkPjt\MStory2.0\Mango-Z1.Firmware\Z1.Src007.1ByteTxRx\src\stm32f10x_it.c" DeclLine="126"/>
 <func Header="WWDG_IRQHandler" Icon="3" Type="func" Desc=":   void" DeclFile="D:\WkPjt\MStory2.0\Mango-Z1.Firmware\Z1.Src007.1ByteTxRx\src\stm32f10x_it.c" DeclLine="154"/>
 <func Header="PVD_IRQHandler" Icon="3" Type="func" Desc=":   void" DeclFile="D:\WkPjt\MStory2.0\Mango-Z1.Firmware\Z1.Src007.1ByteTxRx\src\stm32f10x_it.c" DeclLine="165"/>
 <func Header="TAMPER_IRQHandler" Icon="3" Type="func" Desc=":   void" DeclFile="D:\WkPjt\MStory2.0\Mango-Z1.Firmware\Z1.Src007.1ByteTxRx\src\stm32f10x_it.c" DeclLine="176"/>
 <func Header="RTC_IRQHandler" Icon="3" Type="func" Desc=":   void" DeclFile="D:\WkPjt\MStory2.0\Mango-Z1.Firmware\Z1.Src007.1ByteTxRx\src\stm32f10x_it.c" DeclLine="187"/>
 <func Header="FLASH_IRQHandler" Icon="3" Type="func" Desc=":   void" DeclFile="D:\WkPjt\MStory2.0\Mango-Z1.Firmware\Z1.Src007.1ByteTxRx\src\stm32f10x_it.c" DeclLine="198"/>
 <func Header="RCC_IRQHandler" Icon="3" Type="func" Desc=":   void" DeclFile="D:\WkPjt\MStory2.0\Mango-Z1.Firmware\Z1.Src007.1ByteTxRx\src\stm32f10x_it.c" DeclLine="209"/>
 <func Header="EXTI2_IRQHandler" Icon="3" Type="func" Desc=":   void" DeclFile="D:\WkPjt\MStory2.0\Mango-Z1.Firmware\Z1.Src007.1ByteTxRx\src\stm32f10x_it.c" DeclLine="250"/>
 <func Header="EXTI3_IRQHandler" Icon="3" Type="func" Desc=":   void" DeclFile="D:\WkPjt\MStory2.0\Mango-Z1.Firmware\Z1.Src007.1ByteTxRx\src\stm32f10x_it.c" DeclLine="261"/>
 <func Header="EXTI4_IRQHandler" Icon="3" Type="func" Desc=":   void" DeclFile="D:\WkPjt\MStory2.0\Mango-Z1.Firmware\Z1.Src007.1ByteTxRx\src\stm32f10x_it.c" DeclLine="272"/>
 <func Header="DMA1_Channel1_IRQHandler" Icon="3" Type="func" Desc=":   void" DeclFile="D:\WkPjt\MStory2.0\Mango-Z1.Firmware\Z1.Src007.1ByteTxRx\src\stm32f10x_it.c" DeclLine="283"/>
 <func Header="DMA1_Channel2_IRQHandler" Icon="3" Type="func" Desc=":   void" DeclFile="D:\WkPjt\MStory2.0\Mango-Z1.Firmware\Z1.Src007.1ByteTxRx\src\stm32f10x_it.c" DeclLine="294"/>
 <func Header="DMA1_Channel3_IRQHandler" Icon="3" Type="func" Desc=":   void" DeclFile="D:\WkPjt\MStory2.0\Mango-Z1.Firmware\Z1.Src007.1ByteTxRx\src\stm32f10x_it.c" DeclLine="305"/>
 <func Header="DMA1_Channel4_IRQHandler" Icon="3" Type="func" Desc=":   void" DeclFile="D:\WkPjt\MStory2.0\Mango-Z1.Firmware\Z1.Src007.1ByteTxRx\src\stm32f10x_it.c" DeclLine="316"/>
 <func Header="DMA1_Channel5_IRQHandler" Icon="3" Type="func" Desc=":   void" DeclFile="D:\WkPjt\MStory2.0\Mango-Z1.Firmware\Z1.Src007.1ByteTxRx\src\stm32f10x_it.c" DeclLine="327"/>
 <func Header="DMA1_Channel6_IRQHandler" Icon="3" Type="func" Desc=":   void" DeclFile="D:\WkPjt\MStory2.0\Mango-Z1.Firmware\Z1.Src007.1ByteTxRx\src\stm32f10x_it.c" DeclLine="338"/>
 <func Header="DMA1_Channel7_IRQHandler" Icon="3" Type="func" Desc=":   void" DeclFile="D:\WkPjt\MStory2.0\Mango-Z1.Firmware\Z1.Src007.1ByteTxRx\src\stm32f10x_it.c" DeclLine="349"/>
 <func Header="ADC1_2_IRQHandler" Icon="3" Type="func" Desc=":   void" DeclFile="D:\WkPjt\MStory2.0\Mango-Z1.Firmware\Z1.Src007.1ByteTxRx\src\stm32f10x_it.c" DeclLine="360"/>
 <func Header="USB_HP_CAN1_TX_IRQHandler" Icon="3" Type="func" Desc=":   void" DeclFile="D:\WkPjt\MStory2.0\Mango-Z1.Firmware\Z1.Src007.1ByteTxRx\src\stm32f10x_it.c" DeclLine="372"/>
 <func Header="USB_LP_CAN1_RX0_IRQHandler" Icon="3" Type="func" Desc=":   void" DeclFile="D:\WkPjt\MStory2.0\Mango-Z1.Firmware\Z1.Src007.1ByteTxRx\src\stm32f10x_it.c" DeclLine="384"/>
 <func Header="CAN1_RX1_IRQHandler" Icon="3" Type="func" Desc=":   void" DeclFile="D:\WkPjt\MStory2.0\Mango-Z1.Firmware\Z1.Src007.1ByteTxRx\src\stm32f10x_it.c" DeclLine="395"/>
 <func Header="CAN1_SCE_IRQHandler" Icon="3" Type="func" Desc=":   void" DeclFile="D:\WkPjt\MStory2.0\Mango-Z1.Firmware\Z1.Src007.1ByteTxRx\src\stm32f10x_it.c" DeclLine="406"/>
 <func Header="TIM1_BRK_IRQHandler" Icon="3" Type="func" Desc=":   void" DeclFile="D:\WkPjt\MStory2.0\Mango-Z1.Firmware\Z1.Src007.1ByteTxRx\src\stm32f10x_it.c" DeclLine="433"/>
 <func Header="TIM1_UP_IRQHandler" Icon="3" Type="func" Desc=":   void" DeclFile="D:\WkPjt\MStory2.0\Mango-Z1.Firmware\Z1.Src007.1ByteTxRx\src\stm32f10x_it.c" DeclLine="445"/>
 <func Header="TIM1_TRG_COM_IRQHandler" Icon="3" Type="func" Desc=":   void" DeclFile="D:\WkPjt\MStory2.0\Mango-Z1.Firmware\Z1.Src007.1ByteTxRx\src\stm32f10x_it.c" DeclLine="457"/>
 <func Header="TIM1_CC_IRQHandler" Icon="3" Type="func" Desc=":   void" DeclFile="D:\WkPjt\MStory2.0\Mango-Z1.Firmware\Z1.Src007.1ByteTxRx\src\stm32f10x_it.c" DeclLine="468"/>
 <func Header="TIM2_IRQHandler" Icon="3" Type="func" Desc=":   void" DeclFile="D:\WkPjt\MStory2.0\Mango-Z1.Firmware\Z1.Src007.1ByteTxRx\src\stm32f10x_it.c" DeclLine="479"/>
 <func Header="TIM3_IRQHandler" Icon="3" Type="func" Desc=":   void" DeclFile="D:\WkPjt\MStory2.0\Mango-Z1.Firmware\Z1.Src007.1ByteTxRx\src\stm32f10x_it.c" DeclLine="490"/>
 <func Header="TIM4_IRQHandler" Icon="3" Type="func" Desc=":   void" DeclFile="D:\WkPjt\MStory2.0\Mango-Z1.Firmware\Z1.Src007.1ByteTxRx\src\stm32f10x_it.c" DeclLine="501"/>
 <func Header="I2C1_EV_IRQHandler" Icon="3" Type="func" Desc=":   void" DeclFile="D:\WkPjt\MStory2.0\Mango-Z1.Firmware\Z1.Src007.1ByteTxRx\src\stm32f10x_it.c" DeclLine="512"/>
 <func Header="I2C1_ER_IRQHandler" Icon="3" Type="func" Desc=":   void" DeclFile="D:\WkPjt\MStory2.0\Mango-Z1.Firmware\Z1.Src007.1ByteTxRx\src\stm32f10x_it.c" DeclLine="523"/>
 <func Header="I2C2_EV_IRQHandler" Icon="3" Type="func" Desc=":   void" DeclFile="D:\WkPjt\MStory2.0\Mango-Z1.Firmware\Z1.Src007.1ByteTxRx\src\stm32f10x_it.c" DeclLine="534"/>
 <func Header="I2C2_ER_IRQHandler" Icon="3" Type="func" Desc=":   void" DeclFile="D:\WkPjt\MStory2.0\Mango-Z1.Firmware\Z1.Src007.1ByteTxRx\src\stm32f10x_it.c" DeclLine="545"/>
 <func Header="SPI1_IRQHandler" Icon="3" Type="func" Desc=":   void" DeclFile="D:\WkPjt\MStory2.0\Mango-Z1.Firmware\Z1.Src007.1ByteTxRx\src\stm32f10x_it.c" DeclLine="556"/>
 <func Header="SPI2_IRQHandler" Icon="3" Type="func" Desc=":   void" DeclFile="D:\WkPjt\MStory2.0\Mango-Z1.Firmware\Z1.Src007.1ByteTxRx\src\stm32f10x_it.c" DeclLine="567"/>
 <func Header="USART1_IRQHandler" Icon="3" Type="func" Desc=":   void" DeclFile="D:\WkPjt\MStory2.0\Mango-Z1.Firmware\Z1.Src007.1ByteTxRx\src\stm32f10x_it.c" DeclLine="578"/>
 <func Header="USART2_IRQHandler" Icon="3" Type="func" Desc=":   void" DeclFile="D:\WkPjt\MStory2.0\Mango-Z1.Firmware\Z1.Src007.1ByteTxRx\src\stm32f10x_it.c" DeclLine="589"/>
 <func Header="USART3_IRQHandler" Icon="3" Type="func" Desc=":   void" DeclFile="D:\WkPjt\MStory2.0\Mango-Z1.Firmware\Z1.Src007.1ByteTxRx\src\stm32f10x_it.c" DeclLine="600"/>
 <func Header="EXTI15_10_IRQHandler" Icon="3" Type="func" Desc=":   void" DeclFile="D:\WkPjt\MStory2.0\Mango-Z1.Firmware\Z1.Src007.1ByteTxRx\src\stm32f10x_it.c" DeclLine="611"/>
 <func Header="RTCAlarm_IRQHandler" Icon="3" Type="func" Desc=":   void" DeclFile="D:\WkPjt\MStory2.0\Mango-Z1.Firmware\Z1.Src007.1ByteTxRx\src\stm32f10x_it.c" DeclLine="622"/>
 <func Header="USBWakeUp_IRQHandler" Icon="3" Type="func" Desc=":   void" DeclFile="D:\WkPjt\MStory2.0\Mango-Z1.Firmware\Z1.Src007.1ByteTxRx\src\stm32f10x_it.c" DeclLine="633"/>
 <func Header="EXTI9_5_IRQHandler" Icon="3" Type="func" Desc=":   void" DeclFile="D:\WkPjt\MStory2.0\Mango-Z1.Firmware\Z1.Src007.1ByteTxRx\src\stm32f10x_it.c" DeclLine="417"/>
 <func Header="EXTI1_IRQHandler" Icon="3" Type="func" Desc=":   void" DeclFile="D:\WkPjt\MStory2.0\Mango-Z1.Firmware\Z1.Src007.1ByteTxRx\src\stm32f10x_it.c" DeclLine="235"/>
 <func Header="EXTI0_IRQHandler" Icon="3" Type="func" Desc=":   void" DeclFile="D:\WkPjt\MStory2.0\Mango-Z1.Firmware\Z1.Src007.1ByteTxRx\src\stm32f10x_it.c" DeclLine="220"/>
 <func Header="SysTick_Handler" Icon="3" Type="func" Desc=":   void" DeclFile="D:\WkPjt\MStory2.0\Mango-Z1.Firmware\Z1.Src007.1ByteTxRx\src\stm32f10x_it.c" DeclLine="135"/>
 <type Header="uint8" Icon="1" Type="type" Desc=": unsigned char" DeclFile="D:\WkPjt\MStory2.0\Mango-Z1.Firmware\Z1.Src007.1ByteTxRx\cc2520\hal_types.h" DeclLine="22" Pointer="No"/>
 <type Header="int16" Icon="1" Type="type" Desc=": int" DeclFile="D:\WkPjt\MStory2.0\Mango-Z1.Firmware\Z1.Src007.1ByteTxRx\cc2520\hal_types.h" DeclLine="24" Pointer="No"/>
 <type Header="uint16" Icon="1" Type="type" Desc=": unsigned int" DeclFile="D:\WkPjt\MStory2.0\Mango-Z1.Firmware\Z1.Src007.1ByteTxRx\cc2520\hal_types.h" DeclLine="25" Pointer="No"/>
 <type Header="uint32" Icon="1" Type="type" Desc=": unsigned long" DeclFile="D:\WkPjt\MStory2.0\Mango-Z1.Firmware\Z1.Src007.1ByteTxRx\cc2520\hal_types.h" DeclLine="28" Pointer="No"/>
 <type Header="uint8_t" Icon="1" Type="type" Desc=": unsigned char" DeclFile="c:\program files\raisonance\ride\arm-gcc\arm-none-eabi\include\stdint.h" DeclLine="46" Pointer="No"/>
 <type Header="uint16_t" Icon="1" Type="type" Desc=": unsigned int" DeclFile="c:\program files\raisonance\ride\arm-gcc\arm-none-eabi\include\stdint.h" DeclLine="58" Pointer="No"/>
 <type Header="u8" Icon="1" Type="type" Desc=": unsigned char" DeclFile="D:\WkPjt\MStory2.0\Mango-Z1.Firmware\Libraries\CMSIS\Core\CM3\stm32f10x.h" DeclLine="334" Pointer="No"/>
 <type Header="basicRfCfg_t" Icon="1" Type="type" Desc=": struct " DeclFile="D:\WkPjt\MStory2.0\Mango-Z1.Firmware\Z1.Src007.1ByteTxRx\cc2520\basic_rf.h" DeclLine="67" Pointer="No"/>
 <type Header="perTestPacket_t" Icon="1" Type="type" Desc=": struct " DeclFile="D:\WkPjt\MStory2.0\Mango-Z1.Firmware\Z1.Src007.1ByteTxRx\src\zigbee_test.c" DeclLine="22" Pointer="No"/>
 <type Header="perRxStats_t" Icon="1" Type="type" Desc=": struct " DeclFile="D:\WkPjt\MStory2.0\Mango-Z1.Firmware\Z1.Src007.1ByteTxRx\src\zigbee_test.c" DeclLine="30" Pointer="No"/>
 <type Header="regKvp_t" Icon="1" Type="type" Desc=": struct " DeclFile="D:\WkPjt\MStory2.0\Mango-Z1.Firmware\Z1.Src007.1ByteTxRx\src\zigbee_test.c" DeclLine="37" Pointer="No"/>
 <func Header="led_rx_ok" Icon="3" Type="func" Desc=":   void" DeclFile="D:\WkPjt\MStory2.0\Mango-Z1.Firmware\Z1.Src007.1ByteTxRx\src\zigbee_test.c" DeclLine="203"/>
 <func Header="led_txrx_error" Icon="3" Type="func" Desc=":   void" DeclFile="D:\WkPjt\MStory2.0\Mango-Z1.Firmware\Z1.Src007.1ByteTxRx\src\zigbee_test.c" DeclLine="218"/>
 <func Header="led_tx_ok" Icon="3" Type="func" Desc=":   void" DeclFile="D:\WkPjt\MStory2.0\Mango-Z1.Firmware\Z1.Src007.1ByteTxRx\src\zigbee_test.c" DeclLine="188"/>
 <variable Header="__FUNCTION__" Icon="2" Type="variable" Desc=":   unsigned char[9]" DeclFile="" DeclLine="0" Pointer="No"/>
 <variable Header="__FUNCTION__" Icon="2" Type="variable" Desc=":   unsigned char[10]" DeclFile="" DeclLine="0" Pointer="No"/>
 <variable Header="__FUNCTION__" Icon="2" Type="variable" Desc=":   unsigned char[20]" DeclFile="" DeclLine="0" Pointer="No"/>
 <variable Header="__FUNCTION__" Icon="2" Type="variable" Desc=":   unsigned char[23]" DeclFile="" DeclLine="0" Pointer="No"/>
 <func Header="ZigBee_Test" Icon="3" Type="func" Desc=":   void" DeclFile="D:\WkPjt\MStory2.0\Mango-Z1.Firmware\Z1.Src007.1ByteTxRx\src\zigbee_test.c" DeclLine="604"/>
 <variable Header="txPacket" Icon="2" Type="variable" Desc=":   struct " DeclFile="D:\WkPjt\MStory2.0\Mango-Z1.Firmware\Z1.Src007.1ByteTxRx\src\zigbee_test.c" DeclLine="76" Pointer="No"/>
 <variable Header="rxPacket" Icon="2" Type="variable" Desc=":   struct " DeclFile="D:\WkPjt\MStory2.0\Mango-Z1.Firmware\Z1.Src007.1ByteTxRx\src\zigbee_test.c" DeclLine="77" Pointer="No"/>
 <variable Header="pTxData" Icon="2" Type="variable" Desc=":   unsigned char[1]" DeclFile="D:\WkPjt\MStory2.0\Mango-Z1.Firmware\Z1.Src007.1ByteTxRx\src\zigbee_test.c" DeclLine="79" Pointer="No"/>
 <variable Header="pRxData" Icon="2" Type="variable" Desc=":   unsigned char[1]" DeclFile="D:\WkPjt\MStory2.0\Mango-Z1.Firmware\Z1.Src007.1ByteTxRx\src\zigbee_test.c" DeclLine="80" Pointer="No"/>
 <variable Header="basicRfConfig" Icon="2" Type="variable" Desc=":   struct " DeclFile="D:\WkPjt\MStory2.0\Mango-Z1.Firmware\Z1.Src007.1ByteTxRx\src\zigbee_test.c" DeclLine="81" Pointer="No"/>
 <variable Header="regLookup_SREG" Icon="2" Type="variable" Desc=":   struct [31]" DeclFile="D:\WkPjt\MStory2.0\Mango-Z1.Firmware\Z1.Src007.1ByteTxRx\src\zigbee_test.c" DeclLine="92" Pointer="No"/>
 <variable Header="regLookup_FREG" Icon="2" Type="variable" Desc=":   struct [53]" DeclFile="D:\WkPjt\MStory2.0\Mango-Z1.Firmware\Z1.Src007.1ByteTxRx\src\zigbee_test.c" DeclLine="128" Pointer="No"/>
 <type Header="uint8_t" Icon="1" Type="type" Desc=": unsigned char" DeclFile="c:\program files\raisonance\ride\arm-gcc\arm-none-eabi\include\stdint.h" DeclLine="46" Pointer="No"/>
 <type Header="uint16_t" Icon="1" Type="type" Desc=": unsigned int" DeclFile="c:\program files\raisonance\ride\arm-gcc\arm-none-eabi\include\stdint.h" DeclLine="58" Pointer="No"/>
 <type Header="uint32_t" Icon="1" Type="type" Desc=": unsigned long" DeclFile="c:\program files\raisonance\ride\arm-gcc\arm-none-eabi\include\stdint.h" DeclLine="84" Pointer="No"/>
 <type Header="FlagStatus" Icon="1" Type="type" Desc=": unsigned char" DeclFile="D:\WkPjt\MStory2.0\Mango-Z1.Firmware\Libraries\CMSIS\Core\CM3\stm32f10x.h" DeclLine="352" Pointer="No"/>
 <type Header="ITStatus" Icon="1" Type="type" Desc=": unsigned char" DeclFile="D:\WkPjt\MStory2.0\Mango-Z1.Firmware\Libraries\CMSIS\Core\CM3\stm32f10x.h" DeclLine="352" Pointer="No"/>
 <type Header="FunctionalState" Icon="1" Type="type" Desc=": unsigned char" DeclFile="D:\WkPjt\MStory2.0\Mango-Z1.Firmware\Libraries\CMSIS\Core\CM3\stm32f10x.h" DeclLine="354" Pointer="No"/>
 <type Header="USART_TypeDef" Icon="1" Type="type" Desc=": struct " DeclFile="D:\WkPjt\MStory2.0\Mango-Z1.Firmware\Libraries\CMSIS\Core\CM3\stm32f10x.h" DeclLine="1046" Pointer="No"/>
 <type Header="RCC_ClocksTypeDef" Icon="1" Type="type" Desc=": struct " DeclFile="D:\WkPjt\MStory2.0\Mango-Z1.Firmware\Libraries\STM32F10x_StdPeriph_Driver\inc\stm32f10x_rcc.h" DeclLine="52" Pointer="No"/>
 <type Header="USART_InitTypeDef" Icon="1" Type="type" Desc=": struct " DeclFile="D:\WkPjt\MStory2.0\Mango-Z1.Firmware\Libraries\STM32F10x_StdPeriph_Driver\inc\stm32f10x_usart.h" DeclLine="75" Pointer="No"/>
 <type Header="USART_ClockInitTypeDef" Icon="1" Type="type" Desc=": struct " DeclFile="D:\WkPjt\MStory2.0\Mango-Z1.Firmware\Libraries\STM32F10x_StdPeriph_Driver\inc\stm32f10x_usart.h" DeclLine="96" Pointer="No"/>
 <func Header="USART_GetFlagStatus" Icon="3" Type="func" Desc=":   unsigned char" DeclFile="D:\WkPjt\MStory2.0\Mango-Z1.Firmware\Libraries\STM32F10x_StdPeriph_Driver\src\stm32f10x_usart.c" DeclLine="784"/>
 <func Header="USART_ReceiveData" Icon="3" Type="func" Desc=":   unsigned int" DeclFile="D:\WkPjt\MStory2.0\Mango-Z1.Firmware\Libraries\STM32F10x_StdPeriph_Driver\src\stm32f10x_usart.c" DeclLine="577"/>
 <func Header="USART_SendData" Icon="3" Type="func" Desc=":   void" DeclFile="D:\WkPjt\MStory2.0\Mango-Z1.Firmware\Libraries\STM32F10x_StdPeriph_Driver\src\stm32f10x_usart.c" DeclLine="560"/>
 <func Header="USART_Cmd" Icon="3" Type="func" Desc=":   void" DeclFile="D:\WkPjt\MStory2.0\Mango-Z1.Firmware\Libraries\STM32F10x_StdPeriph_Driver\src\stm32f10x_usart.c" DeclLine="320"/>
 <func Header="USART_Init" Icon="3" Type="func" Desc=":   void" DeclFile="D:\WkPjt\MStory2.0\Mango-Z1.Firmware\Libraries\STM32F10x_StdPeriph_Driver\src\stm32f10x_usart.c" DeclLine="166"/>
 <type Header="uint8_t" Icon="1" Type="type" Desc=": unsigned char" DeclFile="c:\program files\raisonance\ride\arm-gcc\arm-none-eabi\include\stdint.h" DeclLine="46" Pointer="No"/>
 <type Header="uint16_t" Icon="1" Type="type" Desc=": unsigned int" DeclFile="c:\program files\raisonance\ride\arm-gcc\arm-none-eabi\include\stdint.h" DeclLine="58" Pointer="No"/>
 <type Header="uint32_t" Icon="1" Type="type" Desc=": unsigned long" DeclFile="c:\program files\raisonance\ride\arm-gcc\arm-none-eabi\include\stdint.h" DeclLine="84" Pointer="No"/>
 <type Header="FunctionalState" Icon="1" Type="type" Desc=": unsigned char" DeclFile="D:\WkPjt\MStory2.0\Mango-Z1.Firmware\Libraries\CMSIS\Core\CM3\stm32f10x.h" DeclLine="354" Pointer="No"/>
 <type Header="GPIO_TypeDef" Icon="1" Type="type" Desc=": struct " DeclFile="D:\WkPjt\MStory2.0\Mango-Z1.Firmware\Libraries\CMSIS\Core\CM3\stm32f10x.h" DeclLine="814" Pointer="No"/>
 <type Header="GPIOSpeed_TypeDef" Icon="1" Type="type" Desc=": unsigned char" DeclFile="D:\WkPjt\MStory2.0\Mango-Z1.Firmware\Libraries\STM32F10x_StdPeriph_Driver\inc\stm32f10x_gpio.h" DeclLine="62" Pointer="No"/>
 <type Header="GPIOMode_TypeDef" Icon="1" Type="type" Desc=": unsigned char" DeclFile="D:\WkPjt\MStory2.0\Mango-Z1.Firmware\Libraries\STM32F10x_StdPeriph_Driver\inc\stm32f10x_gpio.h" DeclLine="79" Pointer="No"/>
 <type Header="GPIO_InitTypeDef" Icon="1" Type="type" Desc=": struct " DeclFile="D:\WkPjt\MStory2.0\Mango-Z1.Firmware\Libraries\STM32F10x_StdPeriph_Driver\inc\stm32f10x_gpio.h" DeclLine="100" Pointer="No"/>
 <type Header="BitAction" Icon="1" Type="type" Desc=": unsigned char" DeclFile="D:\WkPjt\MStory2.0\Mango-Z1.Firmware\Libraries\STM32F10x_StdPeriph_Driver\inc\stm32f10x_gpio.h" DeclLine="110" Pointer="No"/>
 <func Header="GPIO_EXTILineConfig" Icon="3" Type="func" Desc=":   void" DeclFile="D:\WkPjt\MStory2.0\Mango-Z1.Firmware\Libraries\STM32F10x_StdPeriph_Driver\src\stm32f10x_gpio.c" DeclLine="577"/>
 <func Header="GPIO_ResetBits" Icon="3" Type="func" Desc=":   void" DeclFile="D:\WkPjt\MStory2.0\Mango-Z1.Firmware\Libraries\STM32F10x_StdPeriph_Driver\src\stm32f10x_gpio.c" DeclLine="374"/>
 <func Header="GPIO_SetBits" Icon="3" Type="func" Desc=":   void" DeclFile="D:\WkPjt\MStory2.0\Mango-Z1.Firmware\Libraries\STM32F10x_StdPeriph_Driver\src\stm32f10x_gpio.c" DeclLine="358"/>
 <func Header="GPIO_ReadInputDataBit" Icon="3" Type="func" Desc=":   unsigned char" DeclFile="D:\WkPjt\MStory2.0\Mango-Z1.Firmware\Libraries\STM32F10x_StdPeriph_Driver\src\stm32f10x_gpio.c" DeclLine="281"/>
 <func Header="GPIO_Init" Icon="3" Type="func" Desc=":   void" DeclFile="D:\WkPjt\MStory2.0\Mango-Z1.Firmware\Libraries\STM32F10x_StdPeriph_Driver\src\stm32f10x_gpio.c" DeclLine="173"/>
 <type Header="uint8_t" Icon="1" Type="type" Desc=": unsigned char" DeclFile="c:\program files\raisonance\ride\arm-gcc\arm-none-eabi\include\stdint.h" DeclLine="46" Pointer="No"/>
 <type Header="uint32_t" Icon="1" Type="type" Desc=": unsigned long" DeclFile="c:\program files\raisonance\ride\arm-gcc\arm-none-eabi\include\stdint.h" DeclLine="84" Pointer="No"/>
 <type Header="FlagStatus" Icon="1" Type="type" Desc=": unsigned char" DeclFile="D:\WkPjt\MStory2.0\Mango-Z1.Firmware\Libraries\CMSIS\Core\CM3\stm32f10x.h" DeclLine="352" Pointer="No"/>
 <type Header="ITStatus" Icon="1" Type="type" Desc=": unsigned char" DeclFile="D:\WkPjt\MStory2.0\Mango-Z1.Firmware\Libraries\CMSIS\Core\CM3\stm32f10x.h" DeclLine="352" Pointer="No"/>
 <type Header="FunctionalState" Icon="1" Type="type" Desc=": unsigned char" DeclFile="D:\WkPjt\MStory2.0\Mango-Z1.Firmware\Libraries\CMSIS\Core\CM3\stm32f10x.h" DeclLine="354" Pointer="No"/>
 <type Header="ErrorStatus" Icon="1" Type="type" Desc=": unsigned char" DeclFile="D:\WkPjt\MStory2.0\Mango-Z1.Firmware\Libraries\CMSIS\Core\CM3\stm32f10x.h" DeclLine="357" Pointer="No"/>
 <type Header="RCC_ClocksTypeDef" Icon="1" Type="type" Desc=": struct " DeclFile="D:\WkPjt\MStory2.0\Mango-Z1.Firmware\Libraries\STM32F10x_StdPeriph_Driver\inc\stm32f10x_rcc.h" DeclLine="52" Pointer="No"/>
 <func Header="RCC_GetClocksFreq" Icon="3" Type="func" Desc=":   void" DeclFile="D:\WkPjt\MStory2.0\Mango-Z1.Firmware\Libraries\STM32F10x_StdPeriph_Driver\src\stm32f10x_rcc.c" DeclLine="903"/>
 <func Header="RCC_APB2PeriphClockCmd" Icon="3" Type="func" Desc=":   void" DeclFile="D:\WkPjt\MStory2.0\Mango-Z1.Firmware\Libraries\STM32F10x_StdPeriph_Driver\src\stm32f10x_rcc.c" DeclLine="1077"/>
 <variable Header="APBAHBPrescTable" Icon="2" Type="variable" Desc=":   unsigned char[16]" DeclFile="D:\WkPjt\MStory2.0\Mango-Z1.Firmware\Libraries\STM32F10x_StdPeriph_Driver\src\stm32f10x_rcc.c" DeclLine="200" Pointer="No"/>
 <variable Header="ADCPrescTable" Icon="2" Type="variable" Desc=":   unsigned char[4]" DeclFile="D:\WkPjt\MStory2.0\Mango-Z1.Firmware\Libraries\STM32F10x_StdPeriph_Driver\src\stm32f10x_rcc.c" DeclLine="201" Pointer="No"/>
 <type Header="uint8_t" Icon="1" Type="type" Desc=": unsigned char" DeclFile="c:\program files\raisonance\ride\arm-gcc\arm-none-eabi\include\stdint.h" DeclLine="46" Pointer="No"/>
 <type Header="uint32_t" Icon="1" Type="type" Desc=": unsigned long" DeclFile="c:\program files\raisonance\ride\arm-gcc\arm-none-eabi\include\stdint.h" DeclLine="84" Pointer="No"/>
 <type Header="FunctionalState" Icon="1" Type="type" Desc=": unsigned char" DeclFile="D:\WkPjt\MStory2.0\Mango-Z1.Firmware\Libraries\CMSIS\Core\CM3\stm32f10x.h" DeclLine="354" Pointer="No"/>
 <type Header="NVIC_InitTypeDef" Icon="1" Type="type" Desc=": struct " DeclFile="D:\WkPjt\MStory2.0\Mango-Z1.Firmware\Libraries\STM32F10x_StdPeriph_Driver\inc\misc.h" DeclLine="67" Pointer="No"/>
 <func Header="NVIC_SetVectorTable" Icon="3" Type="func" Desc=":   void" DeclFile="D:\WkPjt\MStory2.0\Mango-Z1.Firmware\Libraries\STM32F10x_StdPeriph_Driver\src\misc.c" DeclLine="155"/>
 <func Header="NVIC_Init" Icon="3" Type="func" Desc=":   void" DeclFile="D:\WkPjt\MStory2.0\Mango-Z1.Firmware\Libraries\STM32F10x_StdPeriph_Driver\src\misc.c" DeclLine="112"/>
 <func Header="NVIC_PriorityGroupConfig" Icon="3" Type="func" Desc=":   void" DeclFile="D:\WkPjt\MStory2.0\Mango-Z1.Firmware\Libraries\STM32F10x_StdPeriph_Driver\src\misc.c" DeclLine="96"/>
 <type Header="uint32_t" Icon="1" Type="type" Desc=": unsigned long" DeclFile="c:\program files\raisonance\ride\arm-gcc\arm-none-eabi\include\stdint.h" DeclLine="84" Pointer="No"/>
 <type Header="FlagStatus" Icon="1" Type="type" Desc=": unsigned char" DeclFile="D:\WkPjt\MStory2.0\Mango-Z1.Firmware\Libraries\CMSIS\Core\CM3\stm32f10x.h" DeclLine="352" Pointer="No"/>
 <type Header="ITStatus" Icon="1" Type="type" Desc=": unsigned char" DeclFile="D:\WkPjt\MStory2.0\Mango-Z1.Firmware\Libraries\CMSIS\Core\CM3\stm32f10x.h" DeclLine="352" Pointer="No"/>
 <type Header="FunctionalState" Icon="1" Type="type" Desc=": unsigned char" DeclFile="D:\WkPjt\MStory2.0\Mango-Z1.Firmware\Libraries\CMSIS\Core\CM3\stm32f10x.h" DeclLine="354" Pointer="No"/>
 <type Header="EXTIMode_TypeDef" Icon="1" Type="type" Desc=": unsigned char" DeclFile="D:\WkPjt\MStory2.0\Mango-Z1.Firmware\Libraries\STM32F10x_StdPeriph_Driver\inc\stm32f10x_exti.h" DeclLine="53" Pointer="No"/>
 <type Header="EXTITrigger_TypeDef" Icon="1" Type="type" Desc=": unsigned char" DeclFile="D:\WkPjt\MStory2.0\Mango-Z1.Firmware\Libraries\STM32F10x_StdPeriph_Driver\inc\stm32f10x_exti.h" DeclLine="66" Pointer="No"/>
 <type Header="EXTI_InitTypeDef" Icon="1" Type="type" Desc=": struct " DeclFile="D:\WkPjt\MStory2.0\Mango-Z1.Firmware\Libraries\STM32F10x_StdPeriph_Driver\inc\stm32f10x_exti.h" DeclLine="88" Pointer="No"/>
 <func Header="EXTI_ClearITPendingBit" Icon="3" Type="func" Desc=":   void" DeclFile="D:\WkPjt\MStory2.0\Mango-Z1.Firmware\Libraries\STM32F10x_StdPeriph_Driver\src\stm32f10x_exti.c" DeclLine="249"/>
 <func Header="EXTI_GetITStatus" Icon="3" Type="func" Desc=":   unsigned char" DeclFile="D:\WkPjt\MStory2.0\Mango-Z1.Firmware\Libraries\STM32F10x_StdPeriph_Driver\src\stm32f10x_exti.c" DeclLine="224"/>
 <func Header="EXTI_Init" Icon="3" Type="func" Desc=":   void" DeclFile="D:\WkPjt\MStory2.0\Mango-Z1.Firmware\Libraries\STM32F10x_StdPeriph_Driver\src\stm32f10x_exti.c" DeclLine="101"/>
 <type Header="uint8_t" Icon="1" Type="type" Desc=": unsigned char" DeclFile="c:\program files\raisonance\ride\arm-gcc\arm-none-eabi\include\stdint.h" DeclLine="46" Pointer="No"/>
 <type Header="uint16_t" Icon="1" Type="type" Desc=": unsigned int" DeclFile="c:\program files\raisonance\ride\arm-gcc\arm-none-eabi\include\stdint.h" DeclLine="58" Pointer="No"/>
 <type Header="uint32_t" Icon="1" Type="type" Desc=": unsigned long" DeclFile="c:\program files\raisonance\ride\arm-gcc\arm-none-eabi\include\stdint.h" DeclLine="84" Pointer="No"/>
 <type Header="FlagStatus" Icon="1" Type="type" Desc=": unsigned char" DeclFile="D:\WkPjt\MStory2.0\Mango-Z1.Firmware\Libraries\CMSIS\Core\CM3\stm32f10x.h" DeclLine="352" Pointer="No"/>
 <type Header="ITStatus" Icon="1" Type="type" Desc=": unsigned char" DeclFile="D:\WkPjt\MStory2.0\Mango-Z1.Firmware\Libraries\CMSIS\Core\CM3\stm32f10x.h" DeclLine="352" Pointer="No"/>
 <type Header="FunctionalState" Icon="1" Type="type" Desc=": unsigned char" DeclFile="D:\WkPjt\MStory2.0\Mango-Z1.Firmware\Libraries\CMSIS\Core\CM3\stm32f10x.h" DeclLine="354" Pointer="No"/>
 <type Header="SPI_TypeDef" Icon="1" Type="type" Desc=": struct " DeclFile="D:\WkPjt\MStory2.0\Mango-Z1.Firmware\Libraries\CMSIS\Core\CM3\stm32f10x.h" DeclLine="976" Pointer="No"/>
 <type Header="RCC_ClocksTypeDef" Icon="1" Type="type" Desc=": struct " DeclFile="D:\WkPjt\MStory2.0\Mango-Z1.Firmware\Libraries\STM32F10x_StdPeriph_Driver\inc\stm32f10x_rcc.h" DeclLine="52" Pointer="No"/>
 <type Header="SPI_InitTypeDef" Icon="1" Type="type" Desc=": struct " DeclFile="D:\WkPjt\MStory2.0\Mango-Z1.Firmware\Libraries\STM32F10x_StdPeriph_Driver\inc\stm32f10x_spi.h" DeclLine="80" Pointer="No"/>
 <type Header="I2S_InitTypeDef" Icon="1" Type="type" Desc=": struct " DeclFile="D:\WkPjt\MStory2.0\Mango-Z1.Firmware\Libraries\STM32F10x_StdPeriph_Driver\inc\stm32f10x_spi.h" DeclLine="106" Pointer="No"/>
 <func Header="SPI_I2S_GetFlagStatus" Icon="3" Type="func" Desc=":   unsigned char" DeclFile="D:\WkPjt\MStory2.0\Mango-Z1.Firmware\Libraries\STM32F10x_StdPeriph_Driver\src\stm32f10x_spi.c" DeclLine="766"/>
 <func Header="SPI_I2S_ReceiveData" Icon="3" Type="func" Desc=":   unsigned int" DeclFile="D:\WkPjt\MStory2.0\Mango-Z1.Firmware\Libraries\STM32F10x_StdPeriph_Driver\src\stm32f10x_spi.c" DeclLine="563"/>
 <func Header="SPI_I2S_SendData" Icon="3" Type="func" Desc=":   void" DeclFile="D:\WkPjt\MStory2.0\Mango-Z1.Firmware\Libraries\STM32F10x_StdPeriph_Driver\src\stm32f10x_spi.c" DeclLine="547"/>
 <func Header="SPI_Cmd" Icon="3" Type="func" Desc=":   void" DeclFile="D:\WkPjt\MStory2.0\Mango-Z1.Firmware\Libraries\STM32F10x_StdPeriph_Driver\src\stm32f10x_spi.c" DeclLine="427"/>
 <func Header="SPI_Init" Icon="3" Type="func" Desc=":   void" DeclFile="D:\WkPjt\MStory2.0\Mango-Z1.Firmware\Libraries\STM32F10x_StdPeriph_Driver\src\stm32f10x_spi.c" DeclLine="158"/>
 <type Header="uint32_t" Icon="1" Type="type" Desc=": unsigned long" DeclFile="c:\program files\raisonance\ride\arm-gcc\arm-none-eabi\include\stdint.h" DeclLine="84" Pointer="No"/>
 <func Header="SystemInit" Icon="3" Type="func" Desc=":   void" DeclFile="D:\WkPjt\MStory2.0\Mango-Z1.Firmware\Libraries\CMSIS\Core\CM3\system_stm32f10x.c" DeclLine="188"/>
 <variable Header="SystemFrequency" Icon="2" Type="variable" Desc=":   unsigned long" DeclFile="D:\WkPjt\MStory2.0\Mango-Z1.Firmware\Libraries\CMSIS\Core\CM3\system_stm32f10x.c" DeclLine="135" Pointer="No"/>
 <variable Header="SystemFrequency_SysClk" Icon="2" Type="variable" Desc=":   unsigned long" DeclFile="D:\WkPjt\MStory2.0\Mango-Z1.Firmware\Libraries\CMSIS\Core\CM3\system_stm32f10x.c" DeclLine="136" Pointer="No"/>
 <variable Header="SystemFrequency_AHBClk" Icon="2" Type="variable" Desc=":   unsigned long" DeclFile="D:\WkPjt\MStory2.0\Mango-Z1.Firmware\Libraries\CMSIS\Core\CM3\system_stm32f10x.c" DeclLine="137" Pointer="No"/>
 <variable Header="SystemFrequency_APB1Clk" Icon="2" Type="variable" Desc=":   unsigned long" DeclFile="D:\WkPjt\MStory2.0\Mango-Z1.Firmware\Libraries\CMSIS\Core\CM3\system_stm32f10x.c" DeclLine="138" Pointer="No"/>
 <variable Header="SystemFrequency_APB2Clk" Icon="2" Type="variable" Desc=":   unsigned long" DeclFile="D:\WkPjt\MStory2.0\Mango-Z1.Firmware\Libraries\CMSIS\Core\CM3\system_stm32f10x.c" DeclLine="139" Pointer="No"/>
 <type Header="uint8" Icon="1" Type="type" Desc=": unsigned char" DeclFile="D:\WkPjt\MStory2.0\Mango-Z1.Firmware\Z1.Src007.1ByteTxRx\cc2520\hal_types.h" DeclLine="22" Pointer="No"/>
 <type Header="int32" Icon="1" Type="type" Desc=": long" DeclFile="D:\WkPjt\MStory2.0\Mango-Z1.Firmware\Z1.Src007.1ByteTxRx\cc2520\hal_types.h" DeclLine="27" Pointer="No"/>
 <func Header="min" Icon="3" Type="func" Desc=":   unsigned char" DeclFile="D:\WkPjt\MStory2.0\Mango-Z1.Firmware\Z1.Src007.1ByteTxRx\cc2520\util.c" DeclLine="118"/>
 <type Header="int8" Icon="1" Type="type" Desc=": signed char" DeclFile="D:\WkPjt\MStory2.0\Mango-Z1.Firmware\Z1.Src007.1ByteTxRx\cc2520\hal_types.h" DeclLine="21" Pointer="No"/>
 <type Header="uint8" Icon="1" Type="type" Desc=": unsigned char" DeclFile="D:\WkPjt\MStory2.0\Mango-Z1.Firmware\Z1.Src007.1ByteTxRx\cc2520\hal_types.h" DeclLine="22" Pointer="No"/>
 <type Header="int16" Icon="1" Type="type" Desc=": int" DeclFile="D:\WkPjt\MStory2.0\Mango-Z1.Firmware\Z1.Src007.1ByteTxRx\cc2520\hal_types.h" DeclLine="24" Pointer="No"/>
 <type Header="uint16" Icon="1" Type="type" Desc=": unsigned int" DeclFile="D:\WkPjt\MStory2.0\Mango-Z1.Firmware\Z1.Src007.1ByteTxRx\cc2520\hal_types.h" DeclLine="25" Pointer="No"/>
 <type Header="uint32" Icon="1" Type="type" Desc=": unsigned long" DeclFile="D:\WkPjt\MStory2.0\Mango-Z1.Firmware\Z1.Src007.1ByteTxRx\cc2520\hal_types.h" DeclLine="28" Pointer="No"/>
 <type Header="basicRfCfg_t" Icon="1" Type="type" Desc=": struct " DeclFile="D:\WkPjt\MStory2.0\Mango-Z1.Firmware\Z1.Src007.1ByteTxRx\cc2520\basic_rf.h" DeclLine="67" Pointer="No"/>
 <type Header="basicRfRxInfo_t" Icon="1" Type="type" Desc=": struct " DeclFile="D:\WkPjt\MStory2.0\Mango-Z1.Firmware\Z1.Src007.1ByteTxRx\cc2520\basic_rf.c" DeclLine="97" Pointer="No"/>
 <type Header="basicRfTxState_t" Icon="1" Type="type" Desc=": struct " DeclFile="D:\WkPjt\MStory2.0\Mango-Z1.Firmware\Z1.Src007.1ByteTxRx\cc2520\basic_rf.c" DeclLine="105" Pointer="No"/>
 <type Header="basicRfPktHdr_t" Icon="1" Type="type" Desc=": struct " DeclFile="D:\WkPjt\MStory2.0\Mango-Z1.Firmware\Z1.Src007.1ByteTxRx\cc2520\basic_rf.c" DeclLine="121" Pointer="No"/>
 <func Header="basicRfPacketIsReady" Icon="3" Type="func" Desc=":   unsigned char" DeclFile="D:\WkPjt\MStory2.0\Mango-Z1.Firmware\Z1.Src007.1ByteTxRx\cc2520\basic_rf.c" DeclLine="518"/>
 <func Header="basicRfReceiveOff" Icon="3" Type="func" Desc=":   void" DeclFile="D:\WkPjt\MStory2.0\Mango-Z1.Firmware\Z1.Src007.1ByteTxRx\cc2520\basic_rf.c" DeclLine="611"/>
 <func Header="basicRfReceiveOn" Icon="3" Type="func" Desc=":   void" DeclFile="D:\WkPjt\MStory2.0\Mango-Z1.Firmware\Z1.Src007.1ByteTxRx\cc2520\basic_rf.c" DeclLine="594"/>
 <func Header="basicRfGetRssi" Icon="3" Type="func" Desc=":   signed char" DeclFile="D:\WkPjt\MStory2.0\Mango-Z1.Firmware\Z1.Src007.1ByteTxRx\cc2520\basic_rf.c" DeclLine="566"/>
 <func Header="basicRfReceive" Icon="3" Type="func" Desc=":   unsigned char" DeclFile="D:\WkPjt\MStory2.0\Mango-Z1.Firmware\Z1.Src007.1ByteTxRx\cc2520\basic_rf.c" DeclLine="537"/>
 <func Header="basicRfSendPacket" Icon="3" Type="func" Desc=":   unsigned char" DeclFile="D:\WkPjt\MStory2.0\Mango-Z1.Firmware\Z1.Src007.1ByteTxRx\cc2520\basic_rf.c" DeclLine="424"/>
 <func Header="basicRfInit" Icon="3" Type="func" Desc=":   unsigned char" DeclFile="D:\WkPjt\MStory2.0\Mango-Z1.Firmware\Z1.Src007.1ByteTxRx\cc2520\basic_rf.c" DeclLine="370"/>
 <func Header="basicRfRxFrmDoneIsr" Icon="3" Type="func" Desc=":   void" DeclFile="D:\WkPjt\MStory2.0\Mango-Z1.Firmware\Z1.Src007.1ByteTxRx\cc2520\basic_rf.c" DeclLine="236"/>
 <variable Header="rxi" Icon="2" Type="variable" Desc=":   struct " DeclFile="D:\WkPjt\MStory2.0\Mango-Z1.Firmware\Z1.Src007.1ByteTxRx\cc2520\basic_rf.c" DeclLine="127" Pointer="No"/>
 <variable Header="txState" Icon="2" Type="variable" Desc=":   struct " DeclFile="D:\WkPjt\MStory2.0\Mango-Z1.Firmware\Z1.Src007.1ByteTxRx\cc2520\basic_rf.c" DeclLine="128" Pointer="No"/>
 <variable Header="pConfig" Icon="2" Type="variable" Desc=":   struct  CODE*" DeclFile="D:\WkPjt\MStory2.0\Mango-Z1.Firmware\Z1.Src007.1ByteTxRx\cc2520\basic_rf.c" DeclLine="130" Pointer="Yes"/>
 <variable Header="txMpdu" Icon="2" Type="variable" Desc=":   unsigned char[115]" DeclFile="D:\WkPjt\MStory2.0\Mango-Z1.Firmware\Z1.Src007.1ByteTxRx\cc2520\basic_rf.c" DeclLine="131" Pointer="No"/>
 <variable Header="rxMpdu" Icon="2" Type="variable" Desc=":   unsigned char[115]" DeclFile="D:\WkPjt\MStory2.0\Mango-Z1.Firmware\Z1.Src007.1ByteTxRx\cc2520\basic_rf.c" DeclLine="132" Pointer="No"/>
 <type Header="uint8_t" Icon="1" Type="type" Desc=": unsigned char" DeclFile="c:\program files\raisonance\ride\arm-gcc\arm-none-eabi\include\stdint.h" DeclLine="46" Pointer="No"/>
 <type Header="uint16_t" Icon="1" Type="type" Desc=": unsigned int" DeclFile="c:\program files\raisonance\ride\arm-gcc\arm-none-eabi\include\stdint.h" DeclLine="58" Pointer="No"/>
 <type Header="uint32_t" Icon="1" Type="type" Desc=": unsigned long" DeclFile="c:\program files\raisonance\ride\arm-gcc\arm-none-eabi\include\stdint.h" DeclLine="84" Pointer="No"/>
 <type Header="u8" Icon="1" Type="type" Desc=": unsigned char" DeclFile="D:\WkPjt\MStory2.0\Mango-Z1.Firmware\Libraries\CMSIS\Core\CM3\stm32f10x.h" DeclLine="334" Pointer="No"/>
 <type Header="FunctionalState" Icon="1" Type="type" Desc=": unsigned char" DeclFile="D:\WkPjt\MStory2.0\Mango-Z1.Firmware\Libraries\CMSIS\Core\CM3\stm32f10x.h" DeclLine="354" Pointer="No"/>
 <type Header="EXTIMode_TypeDef" Icon="1" Type="type" Desc=": unsigned char" DeclFile="D:\WkPjt\MStory2.0\Mango-Z1.Firmware\Libraries\STM32F10x_StdPeriph_Driver\inc\stm32f10x_exti.h" DeclLine="53" Pointer="No"/>
 <type Header="EXTITrigger_TypeDef" Icon="1" Type="type" Desc=": unsigned char" DeclFile="D:\WkPjt\MStory2.0\Mango-Z1.Firmware\Libraries\STM32F10x_StdPeriph_Driver\inc\stm32f10x_exti.h" DeclLine="66" Pointer="No"/>
 <type Header="EXTI_InitTypeDef" Icon="1" Type="type" Desc=": struct " DeclFile="D:\WkPjt\MStory2.0\Mango-Z1.Firmware\Libraries\STM32F10x_StdPeriph_Driver\inc\stm32f10x_exti.h" DeclLine="88" Pointer="No"/>
 <type Header="NVIC_InitTypeDef" Icon="1" Type="type" Desc=": struct " DeclFile="D:\WkPjt\MStory2.0\Mango-Z1.Firmware\Libraries\STM32F10x_StdPeriph_Driver\inc\misc.h" DeclLine="67" Pointer="No"/>
 <func Header="CC2520_SPI_WAIT_RXRDY" Icon="3" Type="func" Desc=":   void" DeclFile="D:\WkPjt\MStory2.0\Mango-Z1.Firmware\Z1.Src007.1ByteTxRx\cc2520\cc2520_mango_porting.c" DeclLine="86"/>
 <func Header="CC2520_SPI_RX" Icon="3" Type="func" Desc=":   unsigned char" DeclFile="D:\WkPjt\MStory2.0\Mango-Z1.Firmware\Z1.Src007.1ByteTxRx\cc2520\cc2520_mango_porting.c" DeclLine="81"/>
 <func Header="CC2520_SPI_TX" Icon="3" Type="func" Desc=":   void" DeclFile="D:\WkPjt\MStory2.0\Mango-Z1.Firmware\Z1.Src007.1ByteTxRx\cc2520\cc2520_mango_porting.c" DeclLine="73"/>
 <func Header="CC2520_VREG_EN_OPIN" Icon="3" Type="func" Desc=":   void" DeclFile="D:\WkPjt\MStory2.0\Mango-Z1.Firmware\Z1.Src007.1ByteTxRx\cc2520\cc2520_mango_porting.c" DeclLine="54"/>
 <func Header="CC2520_RESET_OPIN" Icon="3" Type="func" Desc=":   void" DeclFile="D:\WkPjt\MStory2.0\Mango-Z1.Firmware\Z1.Src007.1ByteTxRx\cc2520\cc2520_mango_porting.c" DeclLine="42"/>
 <func Header="CC2520_GPIO_0_Interrupt_Setting" Icon="3" Type="func" Desc=":   void" DeclFile="D:\WkPjt\MStory2.0\Mango-Z1.Firmware\Z1.Src007.1ByteTxRx\cc2520\cc2520_mango_porting.c" DeclLine="11"/>
 <type Header="uint8" Icon="1" Type="type" Desc=": unsigned char" DeclFile="D:\WkPjt\MStory2.0\Mango-Z1.Firmware\Z1.Src007.1ByteTxRx\cc2520\hal_types.h" DeclLine="22" Pointer="No"/>
 <type Header="uint16" Icon="1" Type="type" Desc=": unsigned int" DeclFile="D:\WkPjt\MStory2.0\Mango-Z1.Firmware\Z1.Src007.1ByteTxRx\cc2520\hal_types.h" DeclLine="25" Pointer="No"/>
 <type Header="uint32" Icon="1" Type="type" Desc=": unsigned long" DeclFile="D:\WkPjt\MStory2.0\Mango-Z1.Firmware\Z1.Src007.1ByteTxRx\cc2520\hal_types.h" DeclLine="28" Pointer="No"/>
 <type Header="BYTE" Icon="1" Type="type" Desc=": unsigned char" DeclFile="D:\WkPjt\MStory2.0\Mango-Z1.Firmware\Z1.Src007.1ByteTxRx\cc2520\hal_types.h" DeclLine="55" Pointer="No"/>
 <type Header="WORD" Icon="1" Type="type" Desc=": unsigned int" DeclFile="D:\WkPjt\MStory2.0\Mango-Z1.Firmware\Z1.Src007.1ByteTxRx\cc2520\hal_types.h" DeclLine="56" Pointer="No"/>
 <type Header="DWORD" Icon="1" Type="type" Desc=": unsigned long" DeclFile="D:\WkPjt\MStory2.0\Mango-Z1.Firmware\Z1.Src007.1ByteTxRx\cc2520\hal_types.h" DeclLine="57" Pointer="No"/>
 <type Header="EWORD" Icon="1" Type="type" Desc=": union " DeclFile="D:\WkPjt\MStory2.0\Mango-Z1.Firmware\Z1.Src007.1ByteTxRx\cc2520\hal_types.h" DeclLine="79" Pointer="No"/>
 <type Header="EDWORD" Icon="1" Type="type" Desc=": union " DeclFile="D:\WkPjt\MStory2.0\Mango-Z1.Firmware\Z1.Src007.1ByteTxRx\cc2520\hal_types.h" DeclLine="88" Pointer="No"/>
 <type Header="uint32_t" Icon="1" Type="type" Desc=": unsigned long" DeclFile="c:\program files\raisonance\ride\arm-gcc\arm-none-eabi\include\stdint.h" DeclLine="84" Pointer="No"/>
 <func Header="CC2520_INS_WR_ARRAY" Icon="3" Type="func" Desc=":   void" DeclFile="D:\WkPjt\MStory2.0\Mango-Z1.Firmware\Z1.Src007.1ByteTxRx\cc2520\hal_cc2520.c" DeclLine="169"/>
 <func Header="CC2520_SPI_TXRX" Icon="3" Type="func" Desc=":   unsigned char" DeclFile="D:\WkPjt\MStory2.0\Mango-Z1.Firmware\Z1.Src007.1ByteTxRx\cc2520\hal_cc2520.c" DeclLine="36"/>
 <func Header="CC2520_REGWR8" Icon="3" Type="func" Desc=":   void" DeclFile="D:\WkPjt\MStory2.0\Mango-Z1.Firmware\Z1.Src007.1ByteTxRx\cc2520\hal_cc2520.c" DeclLine="1576"/>
 <func Header="CC2520_REGRD8" Icon="3" Type="func" Desc=":   unsigned char" DeclFile="D:\WkPjt\MStory2.0\Mango-Z1.Firmware\Z1.Src007.1ByteTxRx\cc2520\hal_cc2520.c" DeclLine="1489"/>
 <func Header="CC2520_BCLR" Icon="3" Type="func" Desc=":   unsigned char" DeclFile="D:\WkPjt\MStory2.0\Mango-Z1.Firmware\Z1.Src007.1ByteTxRx\cc2520\hal_cc2520.c" DeclLine="1114"/>
 <func Header="CC2520_TXBUF" Icon="3" Type="func" Desc=":   unsigned char" DeclFile="D:\WkPjt\MStory2.0\Mango-Z1.Firmware\Z1.Src007.1ByteTxRx\cc2520\hal_cc2520.c" DeclLine="823"/>
 <func Header="CC2520_MEMWR16" Icon="3" Type="func" Desc=":   unsigned char" DeclFile="D:\WkPjt\MStory2.0\Mango-Z1.Firmware\Z1.Src007.1ByteTxRx\cc2520\hal_cc2520.c" DeclLine="638"/>
 <func Header="CC2520_MEMWR8" Icon="3" Type="func" Desc=":   unsigned char" DeclFile="D:\WkPjt\MStory2.0\Mango-Z1.Firmware\Z1.Src007.1ByteTxRx\cc2520\hal_cc2520.c" DeclLine="616"/>
 <func Header="CC2520_MEMRD8" Icon="3" Type="func" Desc=":   unsigned char" DeclFile="D:\WkPjt\MStory2.0\Mango-Z1.Firmware\Z1.Src007.1ByteTxRx\cc2520\hal_cc2520.c" DeclLine="525"/>
 <func Header="CC2520_INS_STROBE" Icon="3" Type="func" Desc=":   unsigned char" DeclFile="D:\WkPjt\MStory2.0\Mango-Z1.Firmware\Z1.Src007.1ByteTxRx\cc2520\hal_cc2520.c" DeclLine="188"/>
 <func Header="CC2520_INS_RD_ARRAY" Icon="3" Type="func" Desc=":   void" DeclFile="D:\WkPjt\MStory2.0\Mango-Z1.Firmware\Z1.Src007.1ByteTxRx\cc2520\hal_cc2520.c" DeclLine="115"/>
 <func Header="CC2520_RXBUF" Icon="3" Type="func" Desc=":   unsigned char" DeclFile="D:\WkPjt\MStory2.0\Mango-Z1.Firmware\Z1.Src007.1ByteTxRx\cc2520\hal_cc2520.c" DeclLine="685"/>
 <type Header="uint16" Icon="1" Type="type" Desc=": unsigned int" DeclFile="D:\WkPjt\MStory2.0\Mango-Z1.Firmware\Z1.Src007.1ByteTxRx\cc2520\hal_types.h" DeclLine="25" Pointer="No"/>
 <func Header="halIntOn" Icon="3" Type="func" Desc=":   void" DeclFile="D:\WkPjt\MStory2.0\Mango-Z1.Firmware\Z1.Src007.1ByteTxRx\cc2520\hal_int.c" DeclLine="29"/>
 <func Header="halIntOff" Icon="3" Type="func" Desc=":   void" DeclFile="D:\WkPjt\MStory2.0\Mango-Z1.Firmware\Z1.Src007.1ByteTxRx\cc2520\hal_int.c" DeclLine="44"/>
 <type Header="uint8" Icon="1" Type="type" Desc=": unsigned char" DeclFile="D:\WkPjt\MStory2.0\Mango-Z1.Firmware\Z1.Src007.1ByteTxRx\cc2520\hal_types.h" DeclLine="22" Pointer="No"/>
 <type Header="uint16" Icon="1" Type="type" Desc=": unsigned int" DeclFile="D:\WkPjt\MStory2.0\Mango-Z1.Firmware\Z1.Src007.1ByteTxRx\cc2520\hal_types.h" DeclLine="25" Pointer="No"/>
 <type Header="ISR_FUNC_PTR" Icon="1" Type="type" Desc=":  " DeclFile="D:\WkPjt\MStory2.0\Mango-Z1.Firmware\Z1.Src007.1ByteTxRx\cc2520\hal_types.h" DeclLine="31" Pointer="No"/>
 <type Header="uint32_t" Icon="1" Type="type" Desc=": unsigned long" DeclFile="c:\program files\raisonance\ride\arm-gcc\arm-none-eabi\include\stdint.h" DeclLine="84" Pointer="No"/>
 <type Header="regVal_t" Icon="1" Type="type" Desc=": struct " DeclFile="D:\WkPjt\MStory2.0\Mango-Z1.Firmware\Z1.Src007.1ByteTxRx\cc2520\hal_rf.c" DeclLine="93" Pointer="No"/>
 <func Header="halRfGetRssiOffset" Icon="3" Type="func" Desc=":   unsigned char" DeclFile="D:\WkPjt\MStory2.0\Mango-Z1.Firmware\Z1.Src007.1ByteTxRx\cc2520\hal_rf.c" DeclLine="291"/>
 <func Header="halRfWaitTransceiverReady" Icon="3" Type="func" Desc=":   void" DeclFile="D:\WkPjt\MStory2.0\Mango-Z1.Firmware\Z1.Src007.1ByteTxRx\cc2520\hal_rf.c" DeclLine="590"/>
 <func Header="halRfEnableRxInterrupt" Icon="3" Type="func" Desc=":   void" DeclFile="D:\WkPjt\MStory2.0\Mango-Z1.Firmware\Z1.Src007.1ByteTxRx\cc2520\hal_rf.c" DeclLine="550"/>
 <func Header="halRfDisableRxInterrupt" Icon="3" Type="func" Desc=":   void" DeclFile="D:\WkPjt\MStory2.0\Mango-Z1.Firmware\Z1.Src007.1ByteTxRx\cc2520\hal_rf.c" DeclLine="527"/>
 <func Header="halRfReceiveOff" Icon="3" Type="func" Desc=":   void" DeclFile="D:\WkPjt\MStory2.0\Mango-Z1.Firmware\Z1.Src007.1ByteTxRx\cc2520\hal_rf.c" DeclLine="512"/>
 <func Header="halRfReceiveOn" Icon="3" Type="func" Desc=":   void" DeclFile="D:\WkPjt\MStory2.0\Mango-Z1.Firmware\Z1.Src007.1ByteTxRx\cc2520\hal_rf.c" DeclLine="498"/>
 <func Header="halRfSetChannel" Icon="3" Type="func" Desc=":   void" DeclFile="D:\WkPjt\MStory2.0\Mango-Z1.Firmware\Z1.Src007.1ByteTxRx\cc2520\hal_rf.c" DeclLine="307"/>
 <func Header="halRfTransmit" Icon="3" Type="func" Desc=":   unsigned char" DeclFile="D:\WkPjt\MStory2.0\Mango-Z1.Firmware\Z1.Src007.1ByteTxRx\cc2520\hal_rf.c" DeclLine="439"/>
 <func Header="halRfReadRxBuf" Icon="3" Type="func" Desc=":   void" DeclFile="D:\WkPjt\MStory2.0\Mango-Z1.Firmware\Z1.Src007.1ByteTxRx\cc2520\hal_rf.c" DeclLine="424"/>
 <func Header="halRfWriteTxBuf" Icon="3" Type="func" Desc=":   void" DeclFile="D:\WkPjt\MStory2.0\Mango-Z1.Firmware\Z1.Src007.1ByteTxRx\cc2520\hal_rf.c" DeclLine="407"/>
 <func Header="halRfSetPanId" Icon="3" Type="func" Desc=":   void" DeclFile="D:\WkPjt\MStory2.0\Mango-Z1.Firmware\Z1.Src007.1ByteTxRx\cc2520\hal_rf.c" DeclLine="337"/>
 <func Header="halRfSetShortAddr" Icon="3" Type="func" Desc=":   void" DeclFile="D:\WkPjt\MStory2.0\Mango-Z1.Firmware\Z1.Src007.1ByteTxRx\cc2520\hal_rf.c" DeclLine="322"/>
 <func Header="halRfGetChipVer" Icon="3" Type="func" Desc=":   unsigned char" DeclFile="D:\WkPjt\MStory2.0\Mango-Z1.Firmware\Z1.Src007.1ByteTxRx\cc2520\hal_rf.c" DeclLine="259"/>
 <func Header="halRfGetChipId" Icon="3" Type="func" Desc=":   unsigned char" DeclFile="D:\WkPjt\MStory2.0\Mango-Z1.Firmware\Z1.Src007.1ByteTxRx\cc2520\hal_rf.c" DeclLine="244"/>
 <func Header="halRfInit" Icon="3" Type="func" Desc=":   unsigned char" DeclFile="D:\WkPjt\MStory2.0\Mango-Z1.Firmware\Z1.Src007.1ByteTxRx\cc2520\hal_rf.c" DeclLine="177"/>
 <variable Header="regval" Icon="2" Type="variable" Desc=":   struct [20]" DeclFile="D:\WkPjt\MStory2.0\Mango-Z1.Firmware\Z1.Src007.1ByteTxRx\cc2520\hal_rf.c" DeclLine="101" Pointer="No"/>
 <variable Header="rssiOffset" Icon="2" Type="variable" Desc=":   unsigned char" DeclFile="D:\WkPjt\MStory2.0\Mango-Z1.Firmware\Z1.Src007.1ByteTxRx\cc2520\hal_rf.c" DeclLine="149" Pointer="No"/>
 <type Header="uint8" Icon="1" Type="type" Desc=": unsigned char" DeclFile="D:\WkPjt\MStory2.0\Mango-Z1.Firmware\Z1.Src007.1ByteTxRx\cc2520\hal_types.h" DeclLine="22" Pointer="No"/>
</aoffile>

