<!-- DWF2XML 2.00.01 - Raisonance Dwarf information extractor -->
<aoffile Filename="MStroy2.0" dwarf="1">
 <modulelist>
  <module Name="D:\WkPjt\MStory2.0\Mango-M32.Firmware\M32.Src009.HelloWorld1\src\main.c" >
   <type Family="Base" Name="signed char" ID="37"/>
   <type Family="Base" Name="unsigned char" ID="55"/>
   <type Family="typedef" Name="uint8_t" Line="46" ID="44" toTI="55"/>
   <type Family="Base" Name="short int" ID="62"/>
   <type Family="Base" Name="short unsigned int" ID="80"/>
   <type Family="typedef" Name="uint16_t" Line="58" ID="69" toTI="80"/>
   <type Family="Base" Name="long int" ID="87"/>
   <type Family="Base" Name="long unsigned int" ID="105"/>
   <type Family="typedef" Name="uint32_t" Line="84" ID="94" toTI="105"/>
   <type Family="Base" Name="long long int" ID="112"/>
   <type Family="Base" Name="long long unsigned int" ID="119"/>
   <type Family="Base" Name="int" ID="126"/>
   <type Family="Base" Name="unsigned int" ID="133"/>
   <type Family="typedef" Name="GPIOSpeed_TypeDef" Line="24" ID="167" toTI="140"/>
   <type Family="typedef" Name="GPIOMode_TypeDef" Line="35" ID="236" toTI="178"/>
   <type Family="ComponentList" Line="38" ID="247">
    <Component Name="GPIO_Pin" TI="255" Line="39" Offs="0"/>
    <Component Name="GPIO_Speed" TI="269" Line="40" Offs="2"/>
    <Component Name="GPIO_Mode" TI="283" Line="41" Offs="3"/>
   </type>
   <type Family="typedef" Name="GPIO_InitTypeDef" Line="42" ID="298" toTI="247"/>
   <type Family="typedef" Name="FlagStatus" Line="54" ID="330" toTI="309"/>
   <type Family="ComponentList" Line="101" ID="341">
    <Component Name="CR" TI="349" Line="102" Offs="0"/>
    <Component Name="CFGR" TI="362" Line="103" Offs="4"/>
    <Component Name="CIR" TI="376" Line="104" Offs="8"/>
    <Component Name="APB2RSTR" TI="390" Line="105" Offs="12"/>
    <Component Name="APB1RSTR" TI="404" Line="106" Offs="16"/>
    <Component Name="AHBENR" TI="418" Line="107" Offs="20"/>
    <Component Name="APB2ENR" TI="432" Line="108" Offs="24"/>
    <Component Name="APB1ENR" TI="446" Line="109" Offs="28"/>
    <Component Name="BDCR" TI="460" Line="110" Offs="32"/>
    <Component Name="CSR" TI="474" Line="111" Offs="36"/>
   </type>
   <type Family="ComponentList" Line="119" ID="494">
    <Component Name="CRL" TI="502" Line="120" Offs="0"/>
    <Component Name="CRH" TI="516" Line="121" Offs="4"/>
    <Component Name="IDR" TI="530" Line="122" Offs="8"/>
    <Component Name="ODR" TI="544" Line="123" Offs="12"/>
    <Component Name="BSRR" TI="558" Line="124" Offs="16"/>
    <Component Name="BRR" TI="572" Line="125" Offs="20"/>
    <Component Name="LCKR" TI="586" Line="126" Offs="24"/>
   </type>
   <type Family="typedef" Name="GPIO_TypeDef" Line="127" ID="601" toTI="494"/>
   <type Family="ComponentList" Line="130" ID="612">
    <Component Name="SR" TI="620" Line="131" Offs="0"/>
    <Component Name="RESERVED0" TI="633" Line="132" Offs="2"/>
    <Component Name="DR" TI="647" Line="133" Offs="4"/>
    <Component Name="RESERVED1" TI="660" Line="134" Offs="6"/>
    <Component Name="BRR" TI="674" Line="135" Offs="8"/>
    <Component Name="RESERVED2" TI="688" Line="136" Offs="10"/>
    <Component Name="CR1" TI="702" Line="137" Offs="12"/>
    <Component Name="RESERVED3" TI="716" Line="138" Offs="14"/>
    <Component Name="CR2" TI="730" Line="139" Offs="16"/>
    <Component Name="RESERVED4" TI="744" Line="140" Offs="18"/>
    <Component Name="CR3" TI="758" Line="141" Offs="20"/>
    <Component Name="RESERVED5" TI="772" Line="142" Offs="22"/>
    <Component Name="GTPR" TI="786" Line="143" Offs="24"/>
    <Component Name="RESERVED6" TI="800" Line="144" Offs="26"/>
   </type>
   <type Family="typedef" Name="USART_TypeDef" Line="145" ID="820" toTI="612"/>
   <type Family="ComponentList" Line="68" ID="831">
    <Component Name="USART_BaudRate" TI="839" Line="69" Offs="0"/>
    <Component Name="USART_WordLength" TI="853" Line="74" Offs="4"/>
    <Component Name="USART_StopBits" TI="867" Line="77" Offs="6"/>
    <Component Name="USART_Parity" TI="881" Line="80" Offs="8"/>
    <Component Name="USART_Mode" TI="895" Line="87" Offs="10"/>
    <Component Name="USART_HardwareFlowControl" TI="909" Line="90" Offs="12"/>
   </type>
   <type Family="typedef" Name="USART_InitTypeDef" Line="93" ID="924" toTI="831"/>
   <function Name="delay_int_count" TI="0" FileName="D:\WkPjt\MStory2.0\Mango-M32.Firmware\M32.Src009.HelloWorld1\src\main.c" Line="17">
    <parameter Name="nTime" TI="975" FileName="D:\WkPjt\MStory2.0\Mango-M32.Firmware\M32.Src009.HelloWorld1\src\main.c" Line="17" Addr="0x0" Param="Yes"/>
   </function >
   <function Name="delay_100_milli_second" TI="0" FileName="D:\WkPjt\MStory2.0\Mango-M32.Firmware\M32.Src009.HelloWorld1\src\main.c" Line="27">
   </function >
   <function Name="USART_SendData" TI="0" FileName="D:\WkPjt\MStory2.0\Mango-M32.Firmware\M32.Src009.HelloWorld1\src\main.c" Line="32">
   <type Family="Pointer" TI="1074" toTI="820"/>
    <parameter Name="USARTx" TI="1074" FileName="D:\WkPjt\MStory2.0\Mango-M32.Firmware\M32.Src009.HelloWorld1\src\main.c" Line="32" Addr="0x0" Param="Yes"/>
    <parameter Name="Data" TI="69" FileName="D:\WkPjt\MStory2.0\Mango-M32.Firmware\M32.Src009.HelloWorld1\src\main.c" Line="32" Addr="0x1" Param="Yes"/>
   </function >
   <function Name="USART_GetFlagStatus" TI="330" FileName="D:\WkPjt\MStory2.0\Mango-M32.Firmware\M32.Src009.HelloWorld1\src\main.c" Line="38">
    <parameter Name="USARTx" TI="1074" FileName="D:\WkPjt\MStory2.0\Mango-M32.Firmware\M32.Src009.HelloWorld1\src\main.c" Line="38" Addr="0x0" Param="Yes"/>
    <parameter Name="USART_FLAG" TI="69" FileName="D:\WkPjt\MStory2.0\Mango-M32.Firmware\M32.Src009.HelloWorld1\src\main.c" Line="38" Addr="0x1" Param="Yes"/>
   </function >
   <function Name="SerialPutChar" TI="0" FileName="D:\WkPjt\MStory2.0\Mango-M32.Firmware\M32.Src009.HelloWorld1\src\main.c" Line="53">
    <parameter Name="c" TI="44" FileName="D:\WkPjt\MStory2.0\Mango-M32.Firmware\M32.Src009.HelloWorld1\src\main.c" Line="53" Addr="0x0" Param="Yes"/>
   </function >
   <function Name="Serial_PutString" TI="0" FileName="D:\WkPjt\MStory2.0\Mango-M32.Firmware\M32.Src009.HelloWorld1\src\main.c" Line="59">
   <type Family="Pointer" TI="1225" toTI="44"/>
    <parameter Name="s" TI="1225" FileName="D:\WkPjt\MStory2.0\Mango-M32.Firmware\M32.Src009.HelloWorld1\src\main.c" Line="59" Addr="0x0" Param="Yes"/>
   </function >
   <function Name="USART_Init" TI="0" FileName="D:\WkPjt\MStory2.0\Mango-M32.Firmware\M32.Src009.HelloWorld1\src\main.c" Line="128">
    <parameter Name="USARTx" TI="1074" FileName="D:\WkPjt\MStory2.0\Mango-M32.Firmware\M32.Src009.HelloWorld1\src\main.c" Line="128" Addr="0x0" Param="Yes"/>
   <type Family="Pointer" TI="1337" toTI="924"/>
    <parameter Name="USART_InitStruct" TI="1337" FileName="D:\WkPjt\MStory2.0\Mango-M32.Firmware\M32.Src009.HelloWorld1\src\main.c" Line="128" Addr="0x1" Param="Yes"/>
    <variable Name="tmpreg" FileName="D:\WkPjt\MStory2.0\Mango-M32.Firmware\M32.Src009.HelloWorld1\src\main.c" Line="129" Addr="0x3" TI="94"/>
    <variable Name="integerdivider" FileName="D:\WkPjt\MStory2.0\Mango-M32.Firmware\M32.Src009.HelloWorld1\src\main.c" Line="130" Addr="0x3" TI="94"/>
   </function >
   <function Name="USART1_Init" TI="0" FileName="D:\WkPjt\MStory2.0\Mango-M32.Firmware\M32.Src009.HelloWorld1\src\main.c" Line="180">
    <variable Name="USART_InitStructure" FileName="D:\WkPjt\MStory2.0\Mango-M32.Firmware\M32.Src009.HelloWorld1\src\main.c" Line="181" Addr="0x34000000" TI="924"/>
   </function >
   <function Name="GPIO_Init" TI="0" FileName="D:\WkPjt\MStory2.0\Mango-M32.Firmware\M32.Src009.HelloWorld1\src\main.c" Line="208">
   <type Family="Pointer" TI="1517" toTI="601"/>
    <parameter Name="GPIOx" TI="1517" FileName="D:\WkPjt\MStory2.0\Mango-M32.Firmware\M32.Src009.HelloWorld1\src\main.c" Line="208" Addr="0x0" Param="Yes"/>
   <type Family="Pointer" TI="1523" toTI="298"/>
    <parameter Name="GPIO_InitStruct" TI="1523" FileName="D:\WkPjt\MStory2.0\Mango-M32.Firmware\M32.Src009.HelloWorld1\src\main.c" Line="208" Addr="0x1" Param="Yes"/>
    <variable Name="currentmode" FileName="D:\WkPjt\MStory2.0\Mango-M32.Firmware\M32.Src009.HelloWorld1\src\main.c" Line="209" Addr="0x7" TI="94"/>
    <variable Name="currentpin" FileName="D:\WkPjt\MStory2.0\Mango-M32.Firmware\M32.Src009.HelloWorld1\src\main.c" Line="209" Addr="0x1" TI="94"/>
    <variable Name="pinpos" FileName="D:\WkPjt\MStory2.0\Mango-M32.Firmware\M32.Src009.HelloWorld1\src\main.c" Line="209" Addr="0xC" TI="94"/>
    <variable Name="pos" FileName="D:\WkPjt\MStory2.0\Mango-M32.Firmware\M32.Src009.HelloWorld1\src\main.c" Line="209" Addr="0x3" TI="94"/>
    <variable Name="tmpreg" FileName="D:\WkPjt\MStory2.0\Mango-M32.Firmware\M32.Src009.HelloWorld1\src\main.c" Line="210" Addr="0x4" TI="94"/>
   </function >
   <function Name="GPIO_Configuration" TI="0" FileName="D:\WkPjt\MStory2.0\Mango-M32.Firmware\M32.Src009.HelloWorld1\src\main.c" Line="289">
    <variable Name="GPIO_InitStructure" FileName="D:\WkPjt\MStory2.0\Mango-M32.Firmware\M32.Src009.HelloWorld1\src\main.c" Line="290" Addr="0x34000004" TI="298"/>
   </function >
   <function Name="main" TI="126" FileName="D:\WkPjt\MStory2.0\Mango-M32.Firmware\M32.Src009.HelloWorld1\src\main.c" Line="333">
   </function >
  </module>
  <module Name="D:\WkPjt\MStory2.0\Mango-M32.Firmware\M32.Src009.HelloWorld1\src\led.c" >
   <type Family="Base" Name="signed char" ID="1635"/>
   <type Family="Base" Name="unsigned char" ID="1642"/>
   <type Family="Base" Name="short int" ID="1649"/>
   <type Family="Base" Name="short unsigned int" ID="1656"/>
   <type Family="Base" Name="long int" ID="1663"/>
   <type Family="Base" Name="long unsigned int" ID="1681"/>
   <type Family="typedef" Name="uint32_t" Line="84" ID="1670" toTI="1681"/>
   <type Family="Base" Name="long long int" ID="1688"/>
   <type Family="Base" Name="long long unsigned int" ID="1695"/>
   <type Family="Base" Name="int" ID="1702"/>
   <type Family="Base" Name="unsigned int" ID="1709"/>
   <type Family="ComponentList" Line="119" ID="1721">
    <Component Name="CRL" TI="1729" Line="120" Offs="0"/>
    <Component Name="CRH" TI="1743" Line="121" Offs="4"/>
    <Component Name="IDR" TI="1757" Line="122" Offs="8"/>
    <Component Name="ODR" TI="1771" Line="123" Offs="12"/>
    <Component Name="BSRR" TI="1785" Line="124" Offs="16"/>
    <Component Name="BRR" TI="1799" Line="125" Offs="20"/>
    <Component Name="LCKR" TI="1813" Line="126" Offs="24"/>
   </type>
   <function Name="LED_On_Red" TI="0" FileName="D:\WkPjt\MStory2.0\Mango-M32.Firmware\M32.Src009.HelloWorld1\src\led.c" Line="23">
   </function >
   <function Name="LED_Off_Red" TI="0" FileName="D:\WkPjt\MStory2.0\Mango-M32.Firmware\M32.Src009.HelloWorld1\src\led.c" Line="28">
   </function >
   <function Name="LED_On_Yellow" TI="0" FileName="D:\WkPjt\MStory2.0\Mango-M32.Firmware\M32.Src009.HelloWorld1\src\led.c" Line="33">
   </function >
   <function Name="LED_Off_Yellow" TI="0" FileName="D:\WkPjt\MStory2.0\Mango-M32.Firmware\M32.Src009.HelloWorld1\src\led.c" Line="38">
   </function >
   <function Name="LED_On_Blue" TI="0" FileName="D:\WkPjt\MStory2.0\Mango-M32.Firmware\M32.Src009.HelloWorld1\src\led.c" Line="43">
   </function >
   <function Name="LED_Off_Blue" TI="0" FileName="D:\WkPjt\MStory2.0\Mango-M32.Firmware\M32.Src009.HelloWorld1\src\led.c" Line="48">
   </function >
   <function Name="LED_Off_All" TI="0" FileName="D:\WkPjt\MStory2.0\Mango-M32.Firmware\M32.Src009.HelloWorld1\src\led.c" Line="60">
   </function >
  </module>
  <module Name="D:\WkPjt\MStory2.0\Mango-M32.Firmware\M32.Src009.HelloWorld1\src\key.c" >
   <type Family="Base" Name="signed char" ID="2084"/>
   <type Family="Base" Name="unsigned char" ID="2102"/>
   <type Family="typedef" Name="uint8_t" Line="46" ID="2091" toTI="2102"/>
   <type Family="Base" Name="short int" ID="2109"/>
   <type Family="Base" Name="short unsigned int" ID="2127"/>
   <type Family="typedef" Name="uint16_t" Line="58" ID="2116" toTI="2127"/>
   <type Family="Base" Name="long int" ID="2134"/>
   <type Family="Base" Name="long unsigned int" ID="2152"/>
   <type Family="typedef" Name="uint32_t" Line="84" ID="2141" toTI="2152"/>
   <type Family="Base" Name="long long int" ID="2159"/>
   <type Family="Base" Name="long long unsigned int" ID="2166"/>
   <type Family="Base" Name="int" ID="2173"/>
   <type Family="Base" Name="unsigned int" ID="2180"/>
   <type Family="ComponentList" Line="119" ID="2213">
    <Component Name="CRL" TI="2221" Line="120" Offs="0"/>
    <Component Name="CRH" TI="2235" Line="121" Offs="4"/>
    <Component Name="IDR" TI="2249" Line="122" Offs="8"/>
    <Component Name="ODR" TI="2263" Line="123" Offs="12"/>
    <Component Name="BSRR" TI="2277" Line="124" Offs="16"/>
    <Component Name="BRR" TI="2291" Line="125" Offs="20"/>
    <Component Name="LCKR" TI="2305" Line="126" Offs="24"/>
   </type>
   <type Family="typedef" Name="GPIO_TypeDef" Line="127" ID="2320" toTI="2213"/>
   <function Name="GPIO_ReadInputDataBit" TI="2091" FileName="D:\WkPjt\MStory2.0\Mango-M32.Firmware\M32.Src009.HelloWorld1\src\key.c" Line="17">
   <type Family="Pointer" TI="2398" toTI="2320"/>
    <parameter Name="GPIOx" TI="2398" FileName="D:\WkPjt\MStory2.0\Mango-M32.Firmware\M32.Src009.HelloWorld1\src\key.c" Line="17" Addr="0x0" Param="Yes"/>
    <parameter Name="GPIO_Pin" TI="2116" FileName="D:\WkPjt\MStory2.0\Mango-M32.Firmware\M32.Src009.HelloWorld1\src\key.c" Line="17" Addr="0x1" Param="Yes"/>
   </function >
   <function Name="KEY_Test" TI="0" FileName="D:\WkPjt\MStory2.0\Mango-M32.Firmware\M32.Src009.HelloWorld1\src\key.c" Line="43">
    <variable Name="i" FileName="D:\WkPjt\MStory2.0\Mango-M32.Firmware\M32.Src009.HelloWorld1\src\key.c" Line="44" Addr="0x4" TI="2141"/>
   </function >
  </module>
 </modulelist>
</aoffile>

