<!-- DWF2XML 2.00.01 - Raisonance Dwarf information extractor -->
<aoffile Filename="MStroy2.0" dwarf="1">
 <modulelist>
  <module Name="D:\WkPjt\MStory2.0\Mango-M32.Firmware\M32.Src015.SysTick\src\main.c" >
   <type Family="Base" Name="signed char" ID="37"/>
   <type Family="Base" Name="unsigned char" ID="55"/>
   <type Family="typedef" Name="uint8_t" Line="46" ID="44" toTI="55"/>
   <type Family="Base" Name="short int" ID="62"/>
   <type Family="Base" Name="short unsigned int" ID="80"/>
   <type Family="typedef" Name="uint16_t" Line="58" ID="69" toTI="80"/>
   <type Family="Base" Name="long int" ID="87"/>
   <type Family="Base" Name="long unsigned int" ID="105"/>
   <type Family="typedef" Name="uint32_t" Line="84" ID="94" toTI="105"/>
   <type Family="Base" Name="long long int" ID="112"/>
   <type Family="Base" Name="long long unsigned int" ID="119"/>
   <type Family="Base" Name="int" ID="126"/>
   <type Family="Base" Name="unsigned int" ID="133"/>
   <type Family="Base" Name="char" ID="143"/>
   <type Family="ComponentList" Line="135" ID="150">
    <Component Name="CR" TI="158" Line="136" Offs="0"/>
    <Component Name="CFGR" TI="171" Line="137" Offs="4"/>
    <Component Name="CIR" TI="185" Line="138" Offs="8"/>
    <Component Name="APB2RSTR" TI="199" Line="139" Offs="12"/>
    <Component Name="APB1RSTR" TI="213" Line="140" Offs="16"/>
    <Component Name="AHBENR" TI="227" Line="141" Offs="20"/>
    <Component Name="APB2ENR" TI="241" Line="142" Offs="24"/>
    <Component Name="APB1ENR" TI="255" Line="143" Offs="28"/>
    <Component Name="BDCR" TI="269" Line="144" Offs="32"/>
    <Component Name="CSR" TI="283" Line="145" Offs="36"/>
   </type>
   <type Family="ComponentList" Line="164" ID="303">
    <Component Name="SR" TI="311" Line="165" Offs="0"/>
    <Component Name="RESERVED0" TI="324" Line="166" Offs="2"/>
    <Component Name="DR" TI="338" Line="167" Offs="4"/>
    <Component Name="RESERVED1" TI="351" Line="168" Offs="6"/>
    <Component Name="BRR" TI="365" Line="169" Offs="8"/>
    <Component Name="RESERVED2" TI="379" Line="170" Offs="10"/>
    <Component Name="CR1" TI="393" Line="171" Offs="12"/>
    <Component Name="RESERVED3" TI="407" Line="172" Offs="14"/>
    <Component Name="CR2" TI="421" Line="173" Offs="16"/>
    <Component Name="RESERVED4" TI="435" Line="174" Offs="18"/>
    <Component Name="CR3" TI="449" Line="175" Offs="20"/>
    <Component Name="RESERVED5" TI="463" Line="176" Offs="22"/>
    <Component Name="GTPR" TI="477" Line="177" Offs="24"/>
    <Component Name="RESERVED6" TI="491" Line="178" Offs="26"/>
   </type>
   <type Family="ComponentList" Line="195" ID="511">
    <Component Name="SYSCLK_Frequency" TI="519" Line="196" Offs="0"/>
    <Component Name="HCLK_Frequency" TI="533" Line="197" Offs="4"/>
    <Component Name="PCLK1_Frequency" TI="547" Line="198" Offs="8"/>
    <Component Name="PCLK2_Frequency" TI="561" Line="199" Offs="12"/>
    <Component Name="ADCCLK_Frequency" TI="575" Line="200" Offs="16"/>
   </type>
   <type Family="typedef" Name="RCC_ClocksTypeDef" Line="201" ID="590" toTI="511"/>
   <function Name="DELAY_Test" TI="0" FileName="D:\WkPjt\MStory2.0\Mango-M32.Firmware\M32.Src015.SysTick\src\main.c" Line="33">
    <variable Name="i" FileName="D:\WkPjt\MStory2.0\Mango-M32.Firmware\M32.Src015.SysTick\src\main.c" Line="34" Addr="0x4" TI="94"/>
   </function >
   <function Name="System_Information" TI="0" FileName="D:\WkPjt\MStory2.0\Mango-M32.Firmware\M32.Src015.SysTick\src\main.c" Line="21">
   </function >
   <function Name="main" TI="126" FileName="D:\WkPjt\MStory2.0\Mango-M32.Firmware\M32.Src015.SysTick\src\main.c" Line="51">
    <variable Name="ch" FileName="D:\WkPjt\MStory2.0\Mango-M32.Firmware\M32.Src015.SysTick\src\main.c" Line="52" Addr="0x4" TI="44"/>
   </function >
   <variable Name="rcc_clocks" FileName="D:\WkPjt\MStory2.0\Mango-M32.Firmware\M32.Src015.SysTick\src\main.c" Line="18" Addr="0x20000558" TI="590"/>
  </module>
  <module Name="D:\WkPjt\MStory2.0\Mango-M32.Firmware\M32.Src015.SysTick\src\led.c" >
   <type Family="Base" Name="signed char" ID="771"/>
   <type Family="Base" Name="unsigned char" ID="778"/>
   <type Family="Base" Name="short int" ID="785"/>
   <type Family="Base" Name="short unsigned int" ID="792"/>
   <type Family="Base" Name="long int" ID="799"/>
   <type Family="Base" Name="long unsigned int" ID="817"/>
   <type Family="typedef" Name="uint32_t" Line="84" ID="806" toTI="817"/>
   <type Family="Base" Name="long long int" ID="824"/>
   <type Family="Base" Name="long long unsigned int" ID="831"/>
   <type Family="Base" Name="int" ID="838"/>
   <type Family="Base" Name="unsigned int" ID="845"/>
   <type Family="Base" Name="char" ID="855"/>
   <type Family="ComponentList" Line="153" ID="867">
    <Component Name="CRL" TI="875" Line="154" Offs="0"/>
    <Component Name="CRH" TI="889" Line="155" Offs="4"/>
    <Component Name="IDR" TI="903" Line="156" Offs="8"/>
    <Component Name="ODR" TI="917" Line="157" Offs="12"/>
    <Component Name="BSRR" TI="931" Line="158" Offs="16"/>
    <Component Name="BRR" TI="945" Line="159" Offs="20"/>
    <Component Name="LCKR" TI="959" Line="160" Offs="24"/>
   </type>
   <function Name="LED_On_Red" TI="0" FileName="D:\WkPjt\MStory2.0\Mango-M32.Firmware\M32.Src015.SysTick\src\led.c" Line="23">
   </function >
   <function Name="LED_Off_Red" TI="0" FileName="D:\WkPjt\MStory2.0\Mango-M32.Firmware\M32.Src015.SysTick\src\led.c" Line="28">
   </function >
   <function Name="LED_On_Yellow" TI="0" FileName="D:\WkPjt\MStory2.0\Mango-M32.Firmware\M32.Src015.SysTick\src\led.c" Line="33">
   </function >
   <function Name="LED_Off_Yellow" TI="0" FileName="D:\WkPjt\MStory2.0\Mango-M32.Firmware\M32.Src015.SysTick\src\led.c" Line="38">
   </function >
   <function Name="LED_On_Blue" TI="0" FileName="D:\WkPjt\MStory2.0\Mango-M32.Firmware\M32.Src015.SysTick\src\led.c" Line="43">
   </function >
   <function Name="LED_Off_Blue" TI="0" FileName="D:\WkPjt\MStory2.0\Mango-M32.Firmware\M32.Src015.SysTick\src\led.c" Line="48">
   </function >
   <function Name="LED_On_All" TI="0" FileName="D:\WkPjt\MStory2.0\Mango-M32.Firmware\M32.Src015.SysTick\src\led.c" Line="53">
   </function >
   <function Name="LED_Off_All" TI="0" FileName="D:\WkPjt\MStory2.0\Mango-M32.Firmware\M32.Src015.SysTick\src\led.c" Line="60">
   </function >
   <function Name="LED_OnOffAll_Mult" TI="0" FileName="D:\WkPjt\MStory2.0\Mango-M32.Firmware\M32.Src015.SysTick\src\led.c" Line="67">
    <parameter Name="count" TI="806" FileName="D:\WkPjt\MStory2.0\Mango-M32.Firmware\M32.Src015.SysTick\src\led.c" Line="67" Addr="0x0" Param="Yes"/>
   </function >
   <function Name="LED_Test" TI="0" FileName="D:\WkPjt\MStory2.0\Mango-M32.Firmware\M32.Src015.SysTick\src\led.c" Line="94">
   </function >
  </module>
  <module Name="D:\WkPjt\MStory2.0\Mango-M32.Firmware\M32.Src015.SysTick\src\key.c" >
   <type Family="Base" Name="signed char" ID="1230"/>
   <type Family="Base" Name="unsigned char" ID="1237"/>
   <type Family="Base" Name="short int" ID="1244"/>
   <type Family="Base" Name="short unsigned int" ID="1251"/>
   <type Family="Base" Name="long int" ID="1258"/>
   <type Family="Base" Name="long unsigned int" ID="1276"/>
   <type Family="typedef" Name="uint32_t" Line="84" ID="1265" toTI="1276"/>
   <type Family="Base" Name="long long int" ID="1283"/>
   <type Family="Base" Name="long long unsigned int" ID="1290"/>
   <type Family="Base" Name="int" ID="1297"/>
   <type Family="Base" Name="unsigned int" ID="1304"/>
   <type Family="Base" Name="char" ID="1314"/>
   <type Family="ComponentList" Line="153" ID="1347">
    <Component Name="CRL" TI="1355" Line="154" Offs="0"/>
    <Component Name="CRH" TI="1369" Line="155" Offs="4"/>
    <Component Name="IDR" TI="1383" Line="156" Offs="8"/>
    <Component Name="ODR" TI="1397" Line="157" Offs="12"/>
    <Component Name="BSRR" TI="1411" Line="158" Offs="16"/>
    <Component Name="BRR" TI="1425" Line="159" Offs="20"/>
    <Component Name="LCKR" TI="1439" Line="160" Offs="24"/>
   </type>
   <function Name="KEY_Test" TI="0" FileName="D:\WkPjt\MStory2.0\Mango-M32.Firmware\M32.Src015.SysTick\src\key.c" Line="17">
    <variable Name="i" FileName="D:\WkPjt\MStory2.0\Mango-M32.Firmware\M32.Src015.SysTick\src\key.c" Line="18" Addr="0x4" TI="1265"/>
   </function >
  </module>
  <module Name="D:\WkPjt\MStory2.0\Mango-M32.Firmware\M32.Src015.SysTick\src\seven_segment.c" >
   <type Family="Base" Name="signed char" ID="1525"/>
   <type Family="Base" Name="unsigned char" ID="1532"/>
   <type Family="Base" Name="short int" ID="1539"/>
   <type Family="Base" Name="short unsigned int" ID="1557"/>
   <type Family="typedef" Name="uint16_t" Line="58" ID="1546" toTI="1557"/>
   <type Family="Base" Name="long int" ID="1564"/>
   <type Family="Base" Name="long unsigned int" ID="1582"/>
   <type Family="typedef" Name="uint32_t" Line="84" ID="1571" toTI="1582"/>
   <type Family="Base" Name="long long int" ID="1589"/>
   <type Family="Base" Name="long long unsigned int" ID="1596"/>
   <type Family="Base" Name="int" ID="1603"/>
   <type Family="Base" Name="unsigned int" ID="1610"/>
   <type Family="Base" Name="char" ID="1620"/>
   <type Family="typedef" Name="GPIOSpeed_TypeDef" Line="26" ID="1654" toTI="1627"/>
   <type Family="typedef" Name="GPIOMode_TypeDef" Line="37" ID="1723" toTI="1665"/>
   <type Family="ComponentList" Line="40" ID="1734">
    <Component Name="GPIO_Pin" TI="1742" Line="41" Offs="0"/>
    <Component Name="GPIO_Speed" TI="1756" Line="42" Offs="2"/>
    <Component Name="GPIO_Mode" TI="1770" Line="43" Offs="3"/>
   </type>
   <type Family="typedef" Name="GPIO_InitTypeDef" Line="44" ID="1785" toTI="1734"/>
   <type Family="ComponentList" Line="135" ID="1796">
    <Component Name="CR" TI="1804" Line="136" Offs="0"/>
    <Component Name="CFGR" TI="1817" Line="137" Offs="4"/>
    <Component Name="CIR" TI="1831" Line="138" Offs="8"/>
    <Component Name="APB2RSTR" TI="1845" Line="139" Offs="12"/>
    <Component Name="APB1RSTR" TI="1859" Line="140" Offs="16"/>
    <Component Name="AHBENR" TI="1873" Line="141" Offs="20"/>
    <Component Name="APB2ENR" TI="1887" Line="142" Offs="24"/>
    <Component Name="APB1ENR" TI="1901" Line="143" Offs="28"/>
    <Component Name="BDCR" TI="1915" Line="144" Offs="32"/>
    <Component Name="CSR" TI="1929" Line="145" Offs="36"/>
   </type>
   <type Family="ComponentList" Line="153" ID="1949">
    <Component Name="CRL" TI="1957" Line="154" Offs="0"/>
    <Component Name="CRH" TI="1971" Line="155" Offs="4"/>
    <Component Name="IDR" TI="1985" Line="156" Offs="8"/>
    <Component Name="ODR" TI="1999" Line="157" Offs="12"/>
    <Component Name="BSRR" TI="2013" Line="158" Offs="16"/>
    <Component Name="BRR" TI="2027" Line="159" Offs="20"/>
    <Component Name="LCKR" TI="2041" Line="160" Offs="24"/>
   </type>
   <function Name="PowerOn_7_SEG" TI="0" FileName="D:\WkPjt\MStory2.0\Mango-M32.Firmware\M32.Src015.SysTick\src\seven_segment.c" Line="29">
   </function >
   <function Name="On_7_SEG_OnePin" TI="0" FileName="D:\WkPjt\MStory2.0\Mango-M32.Firmware\M32.Src015.SysTick\src\seven_segment.c" Line="39">
    <parameter Name="pinNum" TI="1546" FileName="D:\WkPjt\MStory2.0\Mango-M32.Firmware\M32.Src015.SysTick\src\seven_segment.c" Line="39" Addr="0x0" Param="Yes"/>
   </function >
   <function Name="Off_7_SEG_OnePin" TI="0" FileName="D:\WkPjt\MStory2.0\Mango-M32.Firmware\M32.Src015.SysTick\src\seven_segment.c" Line="44">
    <parameter Name="pinNum" TI="1546" FileName="D:\WkPjt\MStory2.0\Mango-M32.Firmware\M32.Src015.SysTick\src\seven_segment.c" Line="44" Addr="0x0" Param="Yes"/>
   </function >
   <function Name="Off_7_SEG_AllPin" TI="0" FileName="D:\WkPjt\MStory2.0\Mango-M32.Firmware\M32.Src015.SysTick\src\seven_segment.c" Line="57">
   </function >
   <function Name="OutPut_7_SEG_Number" TI="0" FileName="D:\WkPjt\MStory2.0\Mango-M32.Firmware\M32.Src015.SysTick\src\seven_segment.c" Line="65">
    <parameter Name="num" TI="1610" FileName="D:\WkPjt\MStory2.0\Mango-M32.Firmware\M32.Src015.SysTick\src\seven_segment.c" Line="65" Addr="0x0" Param="Yes"/>
   </function >
   <function Name="Seven_Segment_Test" TI="0" FileName="D:\WkPjt\MStory2.0\Mango-M32.Firmware\M32.Src015.SysTick\src\seven_segment.c" Line="135">
    <variable Name="GPIO_InitStructure" FileName="D:\WkPjt\MStory2.0\Mango-M32.Firmware\M32.Src015.SysTick\src\seven_segment.c" Line="136" Addr="0x34000004" TI="1785"/>
    <variable Name="i" FileName="D:\WkPjt\MStory2.0\Mango-M32.Firmware\M32.Src015.SysTick\src\seven_segment.c" Line="137" Addr="0x4" TI="1603"/>
   </function >
  </module>
  <module Name="D:\WkPjt\MStory2.0\Mango-M32.Firmware\M32.Src015.SysTick\src\hw_config.c" >
   <type Family="Base" Name="signed char" ID="2340"/>
   <type Family="Base" Name="unsigned char" ID="2358"/>
   <type Family="typedef" Name="uint8_t" Line="46" ID="2347" toTI="2358"/>
   <type Family="Base" Name="short int" ID="2365"/>
   <type Family="Base" Name="short unsigned int" ID="2383"/>
   <type Family="typedef" Name="uint16_t" Line="58" ID="2372" toTI="2383"/>
   <type Family="Base" Name="long int" ID="2390"/>
   <type Family="Base" Name="long unsigned int" ID="2408"/>
   <type Family="typedef" Name="uint32_t" Line="84" ID="2397" toTI="2408"/>
   <type Family="Base" Name="long long int" ID="2415"/>
   <type Family="Base" Name="long long unsigned int" ID="2422"/>
   <type Family="Base" Name="int" ID="2429"/>
   <type Family="Base" Name="unsigned int" ID="2436"/>
   <type Family="Base" Name="char" ID="2446"/>
   <type Family="typedef" Name="GPIOSpeed_TypeDef" Line="26" ID="2480" toTI="2453"/>
   <type Family="typedef" Name="GPIOMode_TypeDef" Line="37" ID="2549" toTI="2491"/>
   <type Family="ComponentList" Line="40" ID="2560">
    <Component Name="GPIO_Pin" TI="2568" Line="41" Offs="0"/>
    <Component Name="GPIO_Speed" TI="2582" Line="42" Offs="2"/>
    <Component Name="GPIO_Mode" TI="2596" Line="43" Offs="3"/>
   </type>
   <type Family="typedef" Name="GPIO_InitTypeDef" Line="44" ID="2611" toTI="2560"/>
   <type Family="ComponentList" Line="65" ID="2643">
    <Component Name="USART_BaudRate" TI="2651" Line="66" Offs="0"/>
    <Component Name="USART_WordLength" TI="2665" Line="71" Offs="4"/>
    <Component Name="USART_StopBits" TI="2679" Line="74" Offs="6"/>
    <Component Name="USART_Parity" TI="2693" Line="77" Offs="8"/>
    <Component Name="USART_Mode" TI="2707" Line="84" Offs="10"/>
    <Component Name="USART_HardwareFlowControl" TI="2721" Line="87" Offs="12"/>
   </type>
   <type Family="typedef" Name="USART_InitTypeDef" Line="90" ID="2736" toTI="2643"/>
   <type Family="ComponentList" Line="135" ID="2747">
    <Component Name="CR" TI="2755" Line="136" Offs="0"/>
    <Component Name="CFGR" TI="2768" Line="137" Offs="4"/>
    <Component Name="CIR" TI="2782" Line="138" Offs="8"/>
    <Component Name="APB2RSTR" TI="2796" Line="139" Offs="12"/>
    <Component Name="APB1RSTR" TI="2810" Line="140" Offs="16"/>
    <Component Name="AHBENR" TI="2824" Line="141" Offs="20"/>
    <Component Name="APB2ENR" TI="2838" Line="142" Offs="24"/>
    <Component Name="APB1ENR" TI="2852" Line="143" Offs="28"/>
    <Component Name="BDCR" TI="2866" Line="144" Offs="32"/>
    <Component Name="CSR" TI="2880" Line="145" Offs="36"/>
   </type>
   <type Family="ComponentList" Line="153" ID="2900">
    <Component Name="CRL" TI="2908" Line="154" Offs="0"/>
    <Component Name="CRH" TI="2922" Line="155" Offs="4"/>
    <Component Name="IDR" TI="2936" Line="156" Offs="8"/>
    <Component Name="ODR" TI="2950" Line="157" Offs="12"/>
    <Component Name="BSRR" TI="2964" Line="158" Offs="16"/>
    <Component Name="BRR" TI="2978" Line="159" Offs="20"/>
    <Component Name="LCKR" TI="2992" Line="160" Offs="24"/>
   </type>
   <type Family="ComponentList" Line="164" ID="3007">
    <Component Name="SR" TI="3015" Line="165" Offs="0"/>
    <Component Name="RESERVED0" TI="3028" Line="166" Offs="2"/>
    <Component Name="DR" TI="3042" Line="167" Offs="4"/>
    <Component Name="RESERVED1" TI="3055" Line="168" Offs="6"/>
    <Component Name="BRR" TI="3069" Line="169" Offs="8"/>
    <Component Name="RESERVED2" TI="3083" Line="170" Offs="10"/>
    <Component Name="CR1" TI="3097" Line="171" Offs="12"/>
    <Component Name="RESERVED3" TI="3111" Line="172" Offs="14"/>
    <Component Name="CR2" TI="3125" Line="173" Offs="16"/>
    <Component Name="RESERVED4" TI="3139" Line="174" Offs="18"/>
    <Component Name="CR3" TI="3153" Line="175" Offs="20"/>
    <Component Name="RESERVED5" TI="3167" Line="176" Offs="22"/>
    <Component Name="GTPR" TI="3181" Line="177" Offs="24"/>
    <Component Name="RESERVED6" TI="3195" Line="178" Offs="26"/>
   </type>
   <type Family="typedef" Name="USART_TypeDef" Line="179" ID="3215" toTI="3007"/>
   <type Family="ComponentList" Line="182" ID="3226">
    <Component Name="ACR" TI="3234" Line="183" Offs="0"/>
    <Component Name="KEYR" TI="3248" Line="184" Offs="4"/>
    <Component Name="OPTKEYR" TI="3262" Line="185" Offs="8"/>
    <Component Name="SR" TI="3276" Line="186" Offs="12"/>
    <Component Name="CR" TI="3289" Line="187" Offs="16"/>
    <Component Name="AR" TI="3302" Line="188" Offs="20"/>
    <Component Name="RESERVED" TI="3315" Line="189" Offs="24"/>
    <Component Name="OBR" TI="3329" Line="190" Offs="28"/>
    <Component Name="WRPR" TI="3343" Line="191" Offs="32"/>
   </type>
   <type Family="ComponentList" Line="217" ID="3363">
    <Component Name="CPUID" TI="3371" Line="218" Offs="0"/>
    <Component Name="ICSR" TI="3385" Line="219" Offs="4"/>
    <Component Name="VTOR" TI="3399" Line="220" Offs="8"/>
    <Component Name="AIRCR" TI="3413" Line="221" Offs="12"/>
    <Component Name="SCR" TI="3427" Line="222" Offs="16"/>
    <Component Name="CCR" TI="3441" Line="223" Offs="20"/>
   <type Family="array" ID="3638" toTI="2347"/>
    <Component Name="SHP" TI="3455" Line="224" Offs="24"/>
    <Component Name="SHCSR" TI="3469" Line="225" Offs="36"/>
    <Component Name="CFSR" TI="3483" Line="226" Offs="40"/>
    <Component Name="HFSR" TI="3497" Line="227" Offs="44"/>
    <Component Name="DFSR" TI="3511" Line="228" Offs="48"/>
    <Component Name="MMFAR" TI="3525" Line="229" Offs="52"/>
    <Component Name="BFAR" TI="3539" Line="230" Offs="56"/>
    <Component Name="AFSR" TI="3553" Line="231" Offs="60"/>
   <type Family="array" ID="3659" toTI="2397"/>
    <Component Name="PFR" TI="3567" Line="232" Offs="64"/>
    <Component Name="DFR" TI="3581" Line="233" Offs="72"/>
    <Component Name="ADR" TI="3595" Line="234" Offs="76"/>
   <type Family="array" ID="3685" toTI="2397"/>
    <Component Name="MMFR" TI="3609" Line="235" Offs="80"/>
   <type Family="array" ID="3711" toTI="2397"/>
    <Component Name="ISAR" TI="3623" Line="236" Offs="96"/>
   </type>
   <function Name="RCC_Configuration" TI="0" FileName="D:\WkPjt\MStory2.0\Mango-M32.Firmware\M32.Src015.SysTick\src\hw_config.c" Line="89">
    <variable Name="HSEStatus" FileName="D:\WkPjt\MStory2.0\Mango-M32.Firmware\M32.Src015.SysTick\src\hw_config.c" Line="90" Addr="0x3400000C" TI="2895"/>
   </function >
   <function Name="NVIC_SetVectorTable" TI="0" FileName="D:\WkPjt\MStory2.0\Mango-M32.Firmware\M32.Src015.SysTick\src\hw_config.c" Line="135">
    <parameter Name="NVIC_VectTab" TI="2397" FileName="D:\WkPjt\MStory2.0\Mango-M32.Firmware\M32.Src015.SysTick\src\hw_config.c" Line="135" Addr="0x0" Param="Yes"/>
    <parameter Name="Offset" TI="2397" FileName="D:\WkPjt\MStory2.0\Mango-M32.Firmware\M32.Src015.SysTick\src\hw_config.c" Line="135" Addr="0x1" Param="Yes"/>
   </function >
   <function Name="NVIC_Configuration" TI="0" FileName="D:\WkPjt\MStory2.0\Mango-M32.Firmware\M32.Src015.SysTick\src\hw_config.c" Line="140">
   </function >
   <function Name="Delay" TI="0" FileName="D:\WkPjt\MStory2.0\Mango-M32.Firmware\M32.Src015.SysTick\src\hw_config.c" Line="195">
    <parameter Name="nTime" TI="2895" FileName="D:\WkPjt\MStory2.0\Mango-M32.Firmware\M32.Src015.SysTick\src\hw_config.c" Line="195" Addr="0x0" Param="Yes"/>
   </function >
   <function Name="delay_100_milli_second" TI="0" FileName="D:\WkPjt\MStory2.0\Mango-M32.Firmware\M32.Src015.SysTick\src\hw_config.c" Line="26">
   </function >
   <function Name="delay_1_second" TI="0" FileName="D:\WkPjt\MStory2.0\Mango-M32.Firmware\M32.Src015.SysTick\src\hw_config.c" Line="21">
   </function >
   <function Name="TimingDelay_Decrement" TI="0" FileName="D:\WkPjt\MStory2.0\Mango-M32.Firmware\M32.Src015.SysTick\src\hw_config.c" Line="207">
   </function >
   <function Name="USART_GetCharacter" TI="2347" FileName="D:\WkPjt\MStory2.0\Mango-M32.Firmware\M32.Src015.SysTick\src\hw_config.c" Line="238">
   <type Family="Pointer" TI="4011" toTI="3215"/>
    <parameter Name="usart_p" TI="4011" FileName="D:\WkPjt\MStory2.0\Mango-M32.Firmware\M32.Src015.SysTick\src\hw_config.c" Line="238" Addr="0x0" Param="Yes"/>
    <variable Name="data" FileName="D:\WkPjt\MStory2.0\Mango-M32.Firmware\M32.Src015.SysTick\src\hw_config.c" Line="239" Addr="0x4" TI="2347"/>
   </function >
   <function Name="__io_putchar" TI="2429" FileName="D:\WkPjt\MStory2.0\Mango-M32.Firmware\M32.Src015.SysTick\src\hw_config.c" Line="221">
    <parameter Name="ch" TI="2429" FileName="D:\WkPjt\MStory2.0\Mango-M32.Firmware\M32.Src015.SysTick\src\hw_config.c" Line="221" Addr="0x0" Param="Yes"/>
   </function >
   <type Family="Pointer" TI="4139" toTI="2347"/>
   <function Name="GPIO_Configuration" TI="0" FileName="D:\WkPjt\MStory2.0\Mango-M32.Firmware\M32.Src015.SysTick\src\hw_config.c" Line="152">
    <variable Name="GPIO_InitStructure" FileName="D:\WkPjt\MStory2.0\Mango-M32.Firmware\M32.Src015.SysTick\src\hw_config.c" Line="153" Addr="0x34000004" TI="2611"/>
   </function >
   <function Name="USART1_Init" TI="0" FileName="D:\WkPjt\MStory2.0\Mango-M32.Firmware\M32.Src015.SysTick\src\hw_config.c" Line="52">
    <variable Name="USART_InitStructure" FileName="D:\WkPjt\MStory2.0\Mango-M32.Firmware\M32.Src015.SysTick\src\hw_config.c" Line="53" Addr="0x34000000" TI="2736"/>
   </function >
   <variable Name="TimingDelay" FileName="D:\WkPjt\MStory2.0\Mango-M32.Firmware\M32.Src015.SysTick\src\hw_config.c" Line="16" Addr="0x2000051C" TI="2895"/>
   <variable Name="StartUpCounter" FileName="D:\WkPjt\MStory2.0\Mango-M32.Firmware\M32.Src015.SysTick\src\hw_config.c" Line="86" Addr="0x20000518" TI="2895"/>
  </module>
  <module Name="D:\WkPjt\MStory2.0\Mango-M32.Firmware\M32.Src015.SysTick\src\stm.c" >
   <type Family="Base" Name="signed char" ID="4298"/>
   <type Family="Base" Name="unsigned char" ID="4316"/>
   <type Family="typedef" Name="uint8_t" Line="46" ID="4305" toTI="4316"/>
   <type Family="Base" Name="short int" ID="4323"/>
   <type Family="Base" Name="short unsigned int" ID="4341"/>
   <type Family="typedef" Name="uint16_t" Line="58" ID="4330" toTI="4341"/>
   <type Family="Base" Name="long int" ID="4348"/>
   <type Family="Base" Name="long unsigned int" ID="4366"/>
   <type Family="typedef" Name="uint32_t" Line="84" ID="4355" toTI="4366"/>
   <type Family="Base" Name="long long int" ID="4373"/>
   <type Family="Base" Name="long long unsigned int" ID="4380"/>
   <type Family="Base" Name="int" ID="4387"/>
   <type Family="Base" Name="unsigned int" ID="4394"/>
   <type Family="Base" Name="char" ID="4404"/>
   <type Family="typedef" Name="GPIOSpeed_TypeDef" Line="26" ID="4438" toTI="4411"/>
   <type Family="typedef" Name="GPIOMode_TypeDef" Line="37" ID="4507" toTI="4449"/>
   <type Family="ComponentList" Line="40" ID="4518">
    <Component Name="GPIO_Pin" TI="4526" Line="41" Offs="0"/>
    <Component Name="GPIO_Speed" TI="4540" Line="42" Offs="2"/>
    <Component Name="GPIO_Mode" TI="4554" Line="43" Offs="3"/>
   </type>
   <type Family="typedef" Name="GPIO_InitTypeDef" Line="44" ID="4569" toTI="4518"/>
   <type Family="typedef" Name="FlagStatus" Line="56" ID="4622" toTI="4601"/>
   <type Family="ComponentList" Line="65" ID="4633">
    <Component Name="USART_BaudRate" TI="4641" Line="66" Offs="0"/>
    <Component Name="USART_WordLength" TI="4655" Line="71" Offs="4"/>
    <Component Name="USART_StopBits" TI="4669" Line="74" Offs="6"/>
    <Component Name="USART_Parity" TI="4683" Line="77" Offs="8"/>
    <Component Name="USART_Mode" TI="4697" Line="84" Offs="10"/>
    <Component Name="USART_HardwareFlowControl" TI="4711" Line="87" Offs="12"/>
   </type>
   <type Family="typedef" Name="USART_InitTypeDef" Line="90" ID="4726" toTI="4633"/>
   <type Family="ComponentList" Line="135" ID="4737">
    <Component Name="CR" TI="4745" Line="136" Offs="0"/>
    <Component Name="CFGR" TI="4758" Line="137" Offs="4"/>
    <Component Name="CIR" TI="4772" Line="138" Offs="8"/>
    <Component Name="APB2RSTR" TI="4786" Line="139" Offs="12"/>
    <Component Name="APB1RSTR" TI="4800" Line="140" Offs="16"/>
    <Component Name="AHBENR" TI="4814" Line="141" Offs="20"/>
    <Component Name="APB2ENR" TI="4828" Line="142" Offs="24"/>
    <Component Name="APB1ENR" TI="4842" Line="143" Offs="28"/>
    <Component Name="BDCR" TI="4856" Line="144" Offs="32"/>
    <Component Name="CSR" TI="4870" Line="145" Offs="36"/>
   </type>
   <type Family="ComponentList" Line="153" ID="4890">
    <Component Name="CRL" TI="4898" Line="154" Offs="0"/>
    <Component Name="CRH" TI="4912" Line="155" Offs="4"/>
    <Component Name="IDR" TI="4926" Line="156" Offs="8"/>
    <Component Name="ODR" TI="4940" Line="157" Offs="12"/>
    <Component Name="BSRR" TI="4954" Line="158" Offs="16"/>
    <Component Name="BRR" TI="4968" Line="159" Offs="20"/>
    <Component Name="LCKR" TI="4982" Line="160" Offs="24"/>
   </type>
   <type Family="typedef" Name="GPIO_TypeDef" Line="161" ID="4997" toTI="4890"/>
   <type Family="ComponentList" Line="164" ID="5008">
    <Component Name="SR" TI="5016" Line="165" Offs="0"/>
    <Component Name="RESERVED0" TI="5029" Line="166" Offs="2"/>
    <Component Name="DR" TI="5043" Line="167" Offs="4"/>
    <Component Name="RESERVED1" TI="5056" Line="168" Offs="6"/>
    <Component Name="BRR" TI="5070" Line="169" Offs="8"/>
    <Component Name="RESERVED2" TI="5084" Line="170" Offs="10"/>
    <Component Name="CR1" TI="5098" Line="171" Offs="12"/>
    <Component Name="RESERVED3" TI="5112" Line="172" Offs="14"/>
    <Component Name="CR2" TI="5126" Line="173" Offs="16"/>
    <Component Name="RESERVED4" TI="5140" Line="174" Offs="18"/>
    <Component Name="CR3" TI="5154" Line="175" Offs="20"/>
    <Component Name="RESERVED5" TI="5168" Line="176" Offs="22"/>
    <Component Name="GTPR" TI="5182" Line="177" Offs="24"/>
    <Component Name="RESERVED6" TI="5196" Line="178" Offs="26"/>
   </type>
   <type Family="typedef" Name="USART_TypeDef" Line="179" ID="5216" toTI="5008"/>
   <type Family="ComponentList" Line="195" ID="5227">
    <Component Name="SYSCLK_Frequency" TI="5235" Line="196" Offs="0"/>
    <Component Name="HCLK_Frequency" TI="5249" Line="197" Offs="4"/>
    <Component Name="PCLK1_Frequency" TI="5263" Line="198" Offs="8"/>
    <Component Name="PCLK2_Frequency" TI="5277" Line="199" Offs="12"/>
    <Component Name="ADCCLK_Frequency" TI="5291" Line="200" Offs="16"/>
   </type>
   <type Family="typedef" Name="RCC_ClocksTypeDef" Line="201" ID="5306" toTI="5227"/>
   <type Family="ComponentList" Line="209" ID="5317">
    <Component Name="CTRL" TI="5325" Line="210" Offs="0"/>
    <Component Name="LOAD" TI="5339" Line="211" Offs="4"/>
    <Component Name="VAL" TI="5353" Line="212" Offs="8"/>
    <Component Name="CALIB" TI="5367" Line="213" Offs="12"/>
   </type>
   <type Family="ComponentList" Line="217" ID="5387">
    <Component Name="CPUID" TI="5395" Line="218" Offs="0"/>
    <Component Name="ICSR" TI="5409" Line="219" Offs="4"/>
    <Component Name="VTOR" TI="5423" Line="220" Offs="8"/>
    <Component Name="AIRCR" TI="5437" Line="221" Offs="12"/>
    <Component Name="SCR" TI="5451" Line="222" Offs="16"/>
    <Component Name="CCR" TI="5465" Line="223" Offs="20"/>
   <type Family="array" ID="5662" toTI="4305"/>
    <Component Name="SHP" TI="5479" Line="224" Offs="24"/>
    <Component Name="SHCSR" TI="5493" Line="225" Offs="36"/>
    <Component Name="CFSR" TI="5507" Line="226" Offs="40"/>
    <Component Name="HFSR" TI="5521" Line="227" Offs="44"/>
    <Component Name="DFSR" TI="5535" Line="228" Offs="48"/>
    <Component Name="MMFAR" TI="5549" Line="229" Offs="52"/>
    <Component Name="BFAR" TI="5563" Line="230" Offs="56"/>
    <Component Name="AFSR" TI="5577" Line="231" Offs="60"/>
   <type Family="array" ID="5683" toTI="4355"/>
    <Component Name="PFR" TI="5591" Line="232" Offs="64"/>
    <Component Name="DFR" TI="5605" Line="233" Offs="72"/>
    <Component Name="ADR" TI="5619" Line="234" Offs="76"/>
   <type Family="array" ID="5709" toTI="4355"/>
    <Component Name="MMFR" TI="5633" Line="235" Offs="80"/>
   <type Family="array" ID="5735" toTI="4355"/>
    <Component Name="ISAR" TI="5647" Line="236" Offs="96"/>
   </type>
   <type Family="ComponentList" Line="240" ID="5761">
   <type Family="array" ID="5963" toTI="4355"/>
    <Component Name="ISER" TI="5770" Line="241" Offs="0"/>
   <type Family="array" ID="5984" toTI="4355"/>
    <Component Name="RESERVED0" TI="5784" Line="242" Offs="32"/>
    <Component Name="ICER" TI="5798" Line="243" Offs="128"/>
    <Component Name="RSERVED1" TI="5813" Line="244" Offs="160"/>
    <Component Name="ISPR" TI="5828" Line="245" Offs="256"/>
    <Component Name="RESERVED2" TI="5843" Line="246" Offs="288"/>
    <Component Name="ICPR" TI="5858" Line="247" Offs="384"/>
    <Component Name="RESERVED3" TI="5873" Line="248" Offs="416"/>
    <Component Name="IABR" TI="5888" Line="249" Offs="512"/>
   <type Family="array" ID="6020" toTI="4355"/>
    <Component Name="RESERVED4" TI="5903" Line="250" Offs="544"/>
   <type Family="array" ID="6036" toTI="4305"/>
    <Component Name="IP" TI="5918" Line="251" Offs="768"/>
   <type Family="array" ID="6057" toTI="4355"/>
    <Component Name="RESERVED5" TI="5932" Line="252" Offs="1008"/>
    <Component Name="STIR" TI="5947" Line="253" Offs="3584"/>
   </type>
   <type Family="typedef" Name="IRQn_Type" Line="480" ID="6394" toTI="6074"/>
   <function Name="GPIO_ReadInputDataBit" TI="4305" FileName="D:\WkPjt\MStory2.0\Mango-M32.Firmware\M32.Src015.SysTick\src\stm.c" Line="17">
   <type Family="Pointer" TI="6473" toTI="4997"/>
    <parameter Name="GPIOx" TI="6473" FileName="D:\WkPjt\MStory2.0\Mango-M32.Firmware\M32.Src015.SysTick\src\stm.c" Line="17" Addr="0x0" Param="Yes"/>
    <parameter Name="GPIO_Pin" TI="4330" FileName="D:\WkPjt\MStory2.0\Mango-M32.Firmware\M32.Src015.SysTick\src\stm.c" Line="17" Addr="0x1" Param="Yes"/>
   </function >
   <function Name="USART_SendData" TI="0" FileName="D:\WkPjt\MStory2.0\Mango-M32.Firmware\M32.Src015.SysTick\src\stm.c" Line="32">
   <type Family="Pointer" TI="6531" toTI="5216"/>
    <parameter Name="USARTx" TI="6531" FileName="D:\WkPjt\MStory2.0\Mango-M32.Firmware\M32.Src015.SysTick\src\stm.c" Line="32" Addr="0x0" Param="Yes"/>
    <parameter Name="Data" TI="4330" FileName="D:\WkPjt\MStory2.0\Mango-M32.Firmware\M32.Src015.SysTick\src\stm.c" Line="32" Addr="0x1" Param="Yes"/>
   </function >
   <function Name="USART_ReceiveData" TI="4330" FileName="D:\WkPjt\MStory2.0\Mango-M32.Firmware\M32.Src015.SysTick\src\stm.c" Line="38">
    <parameter Name="USARTx" TI="6531" FileName="D:\WkPjt\MStory2.0\Mango-M32.Firmware\M32.Src015.SysTick\src\stm.c" Line="38" Addr="0x0" Param="Yes"/>
   </function >
   <function Name="USART_GetFlagStatus" TI="4622" FileName="D:\WkPjt\MStory2.0\Mango-M32.Firmware\M32.Src015.SysTick\src\stm.c" Line="44">
    <parameter Name="USARTx" TI="6531" FileName="D:\WkPjt\MStory2.0\Mango-M32.Firmware\M32.Src015.SysTick\src\stm.c" Line="44" Addr="0x0" Param="Yes"/>
    <parameter Name="USART_FLAG" TI="4330" FileName="D:\WkPjt\MStory2.0\Mango-M32.Firmware\M32.Src015.SysTick\src\stm.c" Line="44" Addr="0x1" Param="Yes"/>
   </function >
   <function Name="RCC_GetClocksFreq" TI="0" FileName="D:\WkPjt\MStory2.0\Mango-M32.Firmware\M32.Src015.SysTick\src\stm.c" Line="71">
   <type Family="Pointer" TI="6740" toTI="5306"/>
    <parameter Name="RCC_Clocks" TI="6740" FileName="D:\WkPjt\MStory2.0\Mango-M32.Firmware\M32.Src015.SysTick\src\stm.c" Line="71" Addr="0x0" Param="Yes"/>
    <variable Name="tmp" FileName="D:\WkPjt\MStory2.0\Mango-M32.Firmware\M32.Src015.SysTick\src\stm.c" Line="72" Addr="0x3" TI="4355"/>
    <variable Name="pllmull" FileName="D:\WkPjt\MStory2.0\Mango-M32.Firmware\M32.Src015.SysTick\src\stm.c" Line="72" Addr="0x1" TI="4355"/>
   </function >
   <function Name="USART_Init" TI="0" FileName="D:\WkPjt\MStory2.0\Mango-M32.Firmware\M32.Src015.SysTick\src\stm.c" Line="147">
    <parameter Name="USARTx" TI="6531" FileName="D:\WkPjt\MStory2.0\Mango-M32.Firmware\M32.Src015.SysTick\src\stm.c" Line="147" Addr="0x0" Param="Yes"/>
   <type Family="Pointer" TI="6850" toTI="4726"/>
    <parameter Name="USART_InitStruct" TI="6850" FileName="D:\WkPjt\MStory2.0\Mango-M32.Firmware\M32.Src015.SysTick\src\stm.c" Line="147" Addr="0x1" Param="Yes"/>
    <variable Name="tmpreg" FileName="D:\WkPjt\MStory2.0\Mango-M32.Firmware\M32.Src015.SysTick\src\stm.c" Line="148" Addr="0x3" TI="4355"/>
    <variable Name="integerdivider" FileName="D:\WkPjt\MStory2.0\Mango-M32.Firmware\M32.Src015.SysTick\src\stm.c" Line="153" Addr="0x2" TI="4355"/>
   </function >
   <function Name="GPIO_Init" TI="0" FileName="D:\WkPjt\MStory2.0\Mango-M32.Firmware\M32.Src015.SysTick\src\stm.c" Line="203">
    <parameter Name="GPIOx" TI="6473" FileName="D:\WkPjt\MStory2.0\Mango-M32.Firmware\M32.Src015.SysTick\src\stm.c" Line="203" Addr="0x0" Param="Yes"/>
   <type Family="Pointer" TI="6990" toTI="4569"/>
    <parameter Name="GPIO_InitStruct" TI="6990" FileName="D:\WkPjt\MStory2.0\Mango-M32.Firmware\M32.Src015.SysTick\src\stm.c" Line="203" Addr="0x1" Param="Yes"/>
    <variable Name="currentmode" FileName="D:\WkPjt\MStory2.0\Mango-M32.Firmware\M32.Src015.SysTick\src\stm.c" Line="204" Addr="0x7" TI="4355"/>
    <variable Name="currentpin" FileName="D:\WkPjt\MStory2.0\Mango-M32.Firmware\M32.Src015.SysTick\src\stm.c" Line="204" Addr="0x1" TI="4355"/>
    <variable Name="pinpos" FileName="D:\WkPjt\MStory2.0\Mango-M32.Firmware\M32.Src015.SysTick\src\stm.c" Line="204" Addr="0xC" TI="4355"/>
    <variable Name="pos" FileName="D:\WkPjt\MStory2.0\Mango-M32.Firmware\M32.Src015.SysTick\src\stm.c" Line="204" Addr="0x3" TI="4355"/>
    <variable Name="tmpreg" FileName="D:\WkPjt\MStory2.0\Mango-M32.Firmware\M32.Src015.SysTick\src\stm.c" Line="205" Addr="0x4" TI="4355"/>
   </function >
   <function Name="NVIC_SetPriority" TI="0" FileName="D:\WkPjt\MStory2.0\Mango-M32.Firmware\M32.Src015.SysTick\src\stm.c" Line="284">
    <parameter Name="IRQn" TI="6394" FileName="D:\WkPjt\MStory2.0\Mango-M32.Firmware\M32.Src015.SysTick\src\stm.c" Line="284" Addr="0x0" Param="Yes"/>
    <parameter Name="priority" TI="4355" FileName="D:\WkPjt\MStory2.0\Mango-M32.Firmware\M32.Src015.SysTick\src\stm.c" Line="284" Addr="0x1" Param="Yes"/>
   </function >
   <function Name="SysTick_Config" TI="4355" FileName="D:\WkPjt\MStory2.0\Mango-M32.Firmware\M32.Src015.SysTick\src\stm.c" Line="292">
    <parameter Name="ticks" TI="4355" FileName="D:\WkPjt\MStory2.0\Mango-M32.Firmware\M32.Src015.SysTick\src\stm.c" Line="292" Addr="0x0" Param="Yes"/>
   </function >
   <function Name="SysTick_Handler" TI="0" FileName="D:\WkPjt\MStory2.0\Mango-M32.Firmware\M32.Src015.SysTick\src\stm.c" Line="303">
   </function >
   <type Family="array" ID="7120" toTI="4305"/>
   <variable Name="APBAHBPrescTable" FileName="D:\WkPjt\MStory2.0\Mango-M32.Firmware\M32.Src015.SysTick\src\stm.c" Line="67" Addr="0x20000000" TI="7153"/>
   <type Family="array" ID="7163" toTI="4305"/>
   <variable Name="ADCPrescTable" FileName="D:\WkPjt\MStory2.0\Mango-M32.Firmware\M32.Src015.SysTick\src\stm.c" Line="68" Addr="0x20000010" TI="7196"/>
  </module>
 </modulelist>
</aoffile>

