<!-- DWF2XML 2.00.01 - Raisonance Dwarf information extractor -->
<aoffile Filename="MStroy2.0" dwarf="1">
 <modulelist>
  <module Name="D:\WkPjt\MStory2.0\Mango-Z1.Firmware\Z1.Src005.AN2557.IAP.BootLoader\src\ymodem.c" >
   <type Family="Base" Name="unsigned int" ID="37"/>
   <type Family="Base" Name="signed char" ID="44"/>
   <type Family="Base" Name="unsigned char" ID="51"/>
   <type Family="Base" Name="short int" ID="58"/>
   <type Family="Base" Name="short unsigned int" ID="65"/>
   <type Family="Base" Name="int" ID="72"/>
   <type Family="Base" Name="long long int" ID="79"/>
   <type Family="Base" Name="long long unsigned int" ID="86"/>
   <type Family="Base" Name="long int" ID="93"/>
   <type Family="Base" Name="long unsigned int" ID="103"/>
   <type Family="Base" Name="char" ID="110"/>
   <type Family="typedef" Name="uint8_t" Line="46" ID="117" toTI="51"/>
   <type Family="typedef" Name="uint16_t" Line="58" ID="128" toTI="65"/>
   <type Family="typedef" Name="int32_t" Line="83" ID="139" toTI="93"/>
   <type Family="typedef" Name="uint32_t" Line="84" ID="150" toTI="103"/>
   <type Family="typedef" Name="FLASH_Status" Line="56" ID="200" toTI="161"/>
   <function Name="Receive_Byte" TI="139" FileName="D:\WkPjt\MStory2.0\Mango-Z1.Firmware\Z1.Src005.AN2557.IAP.BootLoader\src\ymodem.c" Line="54">
   <type Family="Pointer" TI="268" toTI="117"/>
    <parameter Name="c" TI="268" FileName="D:\WkPjt\MStory2.0\Mango-Z1.Firmware\Z1.Src005.AN2557.IAP.BootLoader\src\ymodem.c" Line="54" Addr="0x0" Param="Yes"/>
    <parameter Name="timeout" TI="150" FileName="D:\WkPjt\MStory2.0\Mango-Z1.Firmware\Z1.Src005.AN2557.IAP.BootLoader\src\ymodem.c" Line="54" Addr="0x1" Param="Yes"/>
   </function >
   <function Name="Send_Byte" TI="150" FileName="D:\WkPjt\MStory2.0\Mango-Z1.Firmware\Z1.Src005.AN2557.IAP.BootLoader\src\ymodem.c" Line="71">
    <parameter Name="c" TI="117" FileName="D:\WkPjt\MStory2.0\Mango-Z1.Firmware\Z1.Src005.AN2557.IAP.BootLoader\src\ymodem.c" Line="71" Addr="0x0" Param="Yes"/>
   </function >
   <type Family="Pointer" TI="396" toTI="139"/>
   <function Name="Ymodem_Receive" TI="139" FileName="D:\WkPjt\MStory2.0\Mango-Z1.Firmware\Z1.Src005.AN2557.IAP.BootLoader\src\ymodem.c" Line="145">
    <parameter Name="buf" TI="268" FileName="D:\WkPjt\MStory2.0\Mango-Z1.Firmware\Z1.Src005.AN2557.IAP.BootLoader\src\ymodem.c" Line="145" Addr="0x0" Param="Yes"/>
   <type Family="array" ID="683" toTI="117"/>
    <variable Name="packet_data" FileName="D:\WkPjt\MStory2.0\Mango-Z1.Firmware\Z1.Src005.AN2557.IAP.BootLoader\src\ymodem.c" Line="146" Addr="0x34000003" TI="683"/>
   <type Family="array" ID="700" toTI="117"/>
    <variable Name="file_size" FileName="D:\WkPjt\MStory2.0\Mango-Z1.Firmware\Z1.Src005.AN2557.IAP.BootLoader\src\ymodem.c" Line="146" Addr="0x34000408" TI="700"/>
    <variable Name="file_ptr" FileName="D:\WkPjt\MStory2.0\Mango-Z1.Firmware\Z1.Src005.AN2557.IAP.BootLoader\src\ymodem.c" Line="146" Addr="0x0" TI="268"/>
    <variable Name="i" FileName="D:\WkPjt\MStory2.0\Mango-Z1.Firmware\Z1.Src005.AN2557.IAP.BootLoader\src\ymodem.c" Line="147" Addr="0xE" TI="139"/>
    <variable Name="j" FileName="D:\WkPjt\MStory2.0\Mango-Z1.Firmware\Z1.Src005.AN2557.IAP.BootLoader\src\ymodem.c" Line="147" Addr="0x4" TI="139"/>
    <variable Name="packet_length" FileName="D:\WkPjt\MStory2.0\Mango-Z1.Firmware\Z1.Src005.AN2557.IAP.BootLoader\src\ymodem.c" Line="147" Addr="0x7" TI="139"/>
    <variable Name="packets_received" FileName="D:\WkPjt\MStory2.0\Mango-Z1.Firmware\Z1.Src005.AN2557.IAP.BootLoader\src\ymodem.c" Line="147" Addr="0x8" TI="139"/>
    <variable Name="errors" FileName="D:\WkPjt\MStory2.0\Mango-Z1.Firmware\Z1.Src005.AN2557.IAP.BootLoader\src\ymodem.c" Line="147" Addr="0x5" TI="139"/>
    <variable Name="session_begin" FileName="D:\WkPjt\MStory2.0\Mango-Z1.Firmware\Z1.Src005.AN2557.IAP.BootLoader\src\ymodem.c" Line="147" Addr="0x9" TI="139"/>
    <variable Name="size" FileName="D:\WkPjt\MStory2.0\Mango-Z1.Firmware\Z1.Src005.AN2557.IAP.BootLoader\src\ymodem.c" Line="147" Addr="0x34000858" TI="139"/>
    <variable Name="i" FileName="D:\WkPjt\MStory2.0\Mango-Z1.Firmware\Z1.Src005.AN2557.IAP.BootLoader\src\ymodem.c" Line="90" Addr="0x4" TI="0"/>
    <variable Name="packet_size" FileName="D:\WkPjt\MStory2.0\Mango-Z1.Firmware\Z1.Src005.AN2557.IAP.BootLoader\src\ymodem.c" Line="90" Addr="0x6" TI="0"/>
    <variable Name="c" FileName="D:\WkPjt\MStory2.0\Mango-Z1.Firmware\Z1.Src005.AN2557.IAP.BootLoader\src\ymodem.c" Line="91" Addr="0x3400043F" TI="0"/>
   </function >
   <type Family="array" ID="716" toTI="117"/>
   <variable Name="file_name" FileName="D:\WkPjt\MStory2.0\Mango-Z1.Firmware\Z1.Src005.AN2557.IAP.BootLoader\src\ymodem.c" Line="34" Addr="0x20000454" TI="716"/>
   <variable Name="FlashDestination" FileName="D:\WkPjt\MStory2.0\Mango-Z1.Firmware\Z1.Src005.AN2557.IAP.BootLoader\src\ymodem.c" Line="35" Addr="0x20000000" TI="150"/>
   <variable Name="PageSize" FileName="D:\WkPjt\MStory2.0\Mango-Z1.Firmware\Z1.Src005.AN2557.IAP.BootLoader\src\ymodem.c" Line="36" Addr="0x20000004" TI="128"/>
   <variable Name="EraseCounter" FileName="D:\WkPjt\MStory2.0\Mango-Z1.Firmware\Z1.Src005.AN2557.IAP.BootLoader\src\ymodem.c" Line="37" Addr="0x2000003C" TI="150"/>
   <variable Name="NbrOfPage" FileName="D:\WkPjt\MStory2.0\Mango-Z1.Firmware\Z1.Src005.AN2557.IAP.BootLoader\src\ymodem.c" Line="38" Addr="0x20000038" TI="150"/>
   <variable Name="FLASHStatus" FileName="D:\WkPjt\MStory2.0\Mango-Z1.Firmware\Z1.Src005.AN2557.IAP.BootLoader\src\ymodem.c" Line="39" Addr="0x20000006" TI="200"/>
   <variable Name="RamSource" FileName="D:\WkPjt\MStory2.0\Mango-Z1.Firmware\Z1.Src005.AN2557.IAP.BootLoader\src\ymodem.c" Line="40" Addr="0x20000450" TI="150"/>
  </module>
  <module Name="D:\WkPjt\MStory2.0\Mango-Z1.Firmware\Z1.Src005.AN2557.IAP.BootLoader\src\common.c" >
   <type Family="Base" Name="unsigned int" ID="896"/>
   <type Family="Base" Name="signed char" ID="903"/>
   <type Family="Base" Name="unsigned char" ID="910"/>
   <type Family="Base" Name="short int" ID="917"/>
   <type Family="Base" Name="short unsigned int" ID="924"/>
   <type Family="Base" Name="int" ID="931"/>
   <type Family="Base" Name="long long int" ID="938"/>
   <type Family="Base" Name="long long unsigned int" ID="945"/>
   <type Family="Base" Name="long int" ID="952"/>
   <type Family="Base" Name="long unsigned int" ID="962"/>
   <type Family="Pointer" TI="971" toTI="969"/>
   <type Family="Base" Name="char" ID="977"/>
   <type Family="typedef" Name="uint8_t" Line="46" ID="984" toTI="910"/>
   <type Family="typedef" Name="uint16_t" Line="58" ID="995" toTI="924"/>
   <type Family="typedef" Name="int32_t" Line="83" ID="1006" toTI="952"/>
   <type Family="typedef" Name="uint32_t" Line="84" ID="1017" toTI="962"/>
   <type Family="typedef" Name="bool" Line="349" ID="1060" toTI="1038"/>
   <type Family="ComponentList" Line="1031" ID="1116">
    <Component Name="SR" TI="1125" Line="1032" Offs="0"/>
    <Component Name="RESERVED0" TI="1139" Line="1033" Offs="2"/>
    <Component Name="DR" TI="1154" Line="1034" Offs="4"/>
    <Component Name="RESERVED1" TI="1168" Line="1035" Offs="6"/>
    <Component Name="BRR" TI="1183" Line="1036" Offs="8"/>
    <Component Name="RESERVED2" TI="1198" Line="1037" Offs="10"/>
    <Component Name="CR1" TI="1213" Line="1038" Offs="12"/>
    <Component Name="RESERVED3" TI="1228" Line="1039" Offs="14"/>
    <Component Name="CR2" TI="1243" Line="1040" Offs="16"/>
    <Component Name="RESERVED4" TI="1258" Line="1041" Offs="18"/>
    <Component Name="CR3" TI="1273" Line="1042" Offs="20"/>
    <Component Name="RESERVED5" TI="1288" Line="1043" Offs="22"/>
    <Component Name="GTPR" TI="1303" Line="1044" Offs="24"/>
    <Component Name="RESERVED6" TI="1318" Line="1045" Offs="26"/>
   </type>
   <type Family="typedef" Name="FLASH_Status" Line="56" ID="1373" toTI="1334"/>
   <type Family="Pointer" TI="971" toTI="969"/>
   <type Family="typedef" Name="pFunction" Line="33" ID="1384" toTI="971"/>
   <function Name="Int2Str" TI="0" FileName="D:\WkPjt\MStory2.0\Mango-Z1.Firmware\Z1.Src005.AN2557.IAP.BootLoader\src\common.c" Line="48">
   <type Family="Pointer" TI="1499" toTI="984"/>
    <parameter Name="str" TI="1499" FileName="D:\WkPjt\MStory2.0\Mango-Z1.Firmware\Z1.Src005.AN2557.IAP.BootLoader\src\common.c" Line="48" Addr="0x0" Param="Yes"/>
    <parameter Name="intnum" TI="1006" FileName="D:\WkPjt\MStory2.0\Mango-Z1.Firmware\Z1.Src005.AN2557.IAP.BootLoader\src\common.c" Line="48" Addr="0x1" Param="Yes"/>
    <variable Name="i" FileName="D:\WkPjt\MStory2.0\Mango-Z1.Firmware\Z1.Src005.AN2557.IAP.BootLoader\src\common.c" Line="49" Addr="0x1" TI="1017"/>
    <variable Name="Div" FileName="D:\WkPjt\MStory2.0\Mango-Z1.Firmware\Z1.Src005.AN2557.IAP.BootLoader\src\common.c" Line="49" Addr="0x4" TI="1017"/>
    <variable Name="j" FileName="D:\WkPjt\MStory2.0\Mango-Z1.Firmware\Z1.Src005.AN2557.IAP.BootLoader\src\common.c" Line="49" Addr="0xC" TI="1017"/>
    <variable Name="Status" FileName="D:\WkPjt\MStory2.0\Mango-Z1.Firmware\Z1.Src005.AN2557.IAP.BootLoader\src\common.c" Line="49" Addr="0x0" TI="1017"/>
   </function >
   <function Name="Str2Int" TI="1017" FileName="D:\WkPjt\MStory2.0\Mango-Z1.Firmware\Z1.Src005.AN2557.IAP.BootLoader\src\common.c" Line="76">
    <parameter Name="inputstr" TI="1499" FileName="D:\WkPjt\MStory2.0\Mango-Z1.Firmware\Z1.Src005.AN2557.IAP.BootLoader\src\common.c" Line="76" Addr="0x0" Param="Yes"/>
   <type Family="Pointer" TI="1608" toTI="1006"/>
    <parameter Name="intnum" TI="1608" FileName="D:\WkPjt\MStory2.0\Mango-Z1.Firmware\Z1.Src005.AN2557.IAP.BootLoader\src\common.c" Line="76" Addr="0x1" Param="Yes"/>
    <variable Name="i" FileName="D:\WkPjt\MStory2.0\Mango-Z1.Firmware\Z1.Src005.AN2557.IAP.BootLoader\src\common.c" Line="77" Addr="0x0" TI="1017"/>
    <variable Name="res" FileName="D:\WkPjt\MStory2.0\Mango-Z1.Firmware\Z1.Src005.AN2557.IAP.BootLoader\src\common.c" Line="77" Addr="0x0" TI="1017"/>
    <variable Name="val" FileName="D:\WkPjt\MStory2.0\Mango-Z1.Firmware\Z1.Src005.AN2557.IAP.BootLoader\src\common.c" Line="78" Addr="0x1" TI="1017"/>
   </function >
   <function Name="FLASH_PagesMask" TI="1017" FileName="D:\WkPjt\MStory2.0\Mango-Z1.Firmware\Z1.Src005.AN2557.IAP.BootLoader\src\common.c" Line="298">
    <parameter Name="Size" TI="1028" FileName="D:\WkPjt\MStory2.0\Mango-Z1.Firmware\Z1.Src005.AN2557.IAP.BootLoader\src\common.c" Line="298" Addr="0x0" Param="Yes"/>
    <variable Name="pagenumber" FileName="D:\WkPjt\MStory2.0\Mango-Z1.Firmware\Z1.Src005.AN2557.IAP.BootLoader\src\common.c" Line="299" Addr="0x0" TI="1017"/>
    <variable Name="size" FileName="D:\WkPjt\MStory2.0\Mango-Z1.Firmware\Z1.Src005.AN2557.IAP.BootLoader\src\common.c" Line="300" Addr="0x2" TI="1017"/>
   </function >
   <function Name="SerialPutChar" TI="0" FileName="D:\WkPjt\MStory2.0\Mango-Z1.Firmware\Z1.Src005.AN2557.IAP.BootLoader\src\common.c" Line="233">
    <parameter Name="c" TI="984" FileName="D:\WkPjt\MStory2.0\Mango-Z1.Firmware\Z1.Src005.AN2557.IAP.BootLoader\src\common.c" Line="233" Addr="0x0" Param="Yes"/>
   </function >
   <function Name="Serial_PutString" TI="0" FileName="D:\WkPjt\MStory2.0\Mango-Z1.Firmware\Z1.Src005.AN2557.IAP.BootLoader\src\common.c" Line="244">
    <parameter Name="s" TI="1499" FileName="D:\WkPjt\MStory2.0\Mango-Z1.Firmware\Z1.Src005.AN2557.IAP.BootLoader\src\common.c" Line="244" Addr="0x0" Param="Yes"/>
   </function >
   <function Name="FLASH_DisableWriteProtectionPages" TI="0" FileName="D:\WkPjt\MStory2.0\Mango-Z1.Firmware\Z1.Src005.AN2557.IAP.BootLoader\src\common.c" Line="320">
    <variable Name="useroptionbyte" FileName="D:\WkPjt\MStory2.0\Mango-Z1.Firmware\Z1.Src005.AN2557.IAP.BootLoader\src\common.c" Line="321" Addr="0x4" TI="1017"/>
    <variable Name="WRPR" FileName="D:\WkPjt\MStory2.0\Mango-Z1.Firmware\Z1.Src005.AN2557.IAP.BootLoader\src\common.c" Line="321" Addr="0x6" TI="1017"/>
    <variable Name="status" FileName="D:\WkPjt\MStory2.0\Mango-Z1.Firmware\Z1.Src005.AN2557.IAP.BootLoader\src\common.c" Line="323" Addr="0x6" TI="1373"/>
   </function >
   <function Name="SerialKeyPressed" TI="1017" FileName="D:\WkPjt\MStory2.0\Mango-Z1.Firmware\Z1.Src005.AN2557.IAP.BootLoader\src\common.c" Line="196">
    <parameter Name="key" TI="1499" FileName="D:\WkPjt\MStory2.0\Mango-Z1.Firmware\Z1.Src005.AN2557.IAP.BootLoader\src\common.c" Line="196" Addr="0x0" Param="Yes"/>
   </function >
   <function Name="GetKey" TI="984" FileName="D:\WkPjt\MStory2.0\Mango-Z1.Firmware\Z1.Src005.AN2557.IAP.BootLoader\src\common.c" Line="215">
    <variable Name="key" FileName="D:\WkPjt\MStory2.0\Mango-Z1.Firmware\Z1.Src005.AN2557.IAP.BootLoader\src\common.c" Line="216" Addr="0x34000017" TI="984"/>
   </function >
   <function Name="Main_Menu" TI="0" FileName="D:\WkPjt\MStory2.0\Mango-Z1.Firmware\Z1.Src005.AN2557.IAP.BootLoader\src\common.c" Line="390">
   </function >
   <type Family="array" ID="2134" toTI="984"/>
   <type Family="Pointer" TI="971" toTI="969"/>
   <type Family="typedef" Name="pFunction" Line="33" ID="1384" toTI="971"/>
   <variable Name="Jump_To_Application" FileName="D:\WkPjt\MStory2.0\Mango-Z1.Firmware\Z1.Src005.AN2557.IAP.BootLoader\src\common.c" Line="32" Addr="0x20000558" TI="1384"/>
   <variable Name="JumpAddress" FileName="D:\WkPjt\MStory2.0\Mango-Z1.Firmware\Z1.Src005.AN2557.IAP.BootLoader\src\common.c" Line="33" Addr="0x20000554" TI="1017"/>
   <variable Name="BlockNbr" FileName="D:\WkPjt\MStory2.0\Mango-Z1.Firmware\Z1.Src005.AN2557.IAP.BootLoader\src\common.c" Line="34" Addr="0x20000044" TI="1017"/>
   <variable Name="UserMemoryMask" FileName="D:\WkPjt\MStory2.0\Mango-Z1.Firmware\Z1.Src005.AN2557.IAP.BootLoader\src\common.c" Line="34" Addr="0x20000040" TI="1017"/>
   <variable Name="FlashProtection" FileName="D:\WkPjt\MStory2.0\Mango-Z1.Firmware\Z1.Src005.AN2557.IAP.BootLoader\src\common.c" Line="35" Addr="0x20000048" TI="1060"/>
  </module>
  <module Name="D:\WkPjt\MStory2.0\Mango-Z1.Firmware\Z1.Src005.AN2557.IAP.BootLoader\src\download.c" >
   <type Family="Base" Name="unsigned int" ID="2291"/>
   <type Family="Base" Name="signed char" ID="2298"/>
   <type Family="Base" Name="unsigned char" ID="2305"/>
   <type Family="Base" Name="short int" ID="2312"/>
   <type Family="Base" Name="short unsigned int" ID="2319"/>
   <type Family="Base" Name="int" ID="2326"/>
   <type Family="Base" Name="long long int" ID="2333"/>
   <type Family="Base" Name="long long unsigned int" ID="2340"/>
   <type Family="Base" Name="long int" ID="2347"/>
   <type Family="Base" Name="long unsigned int" ID="2357"/>
   <type Family="Base" Name="char" ID="2364"/>
   <type Family="typedef" Name="uint8_t" Line="46" ID="2371" toTI="2305"/>
   <type Family="typedef" Name="int32_t" Line="83" ID="2382" toTI="2347"/>
   <function Name="SerialDownload" TI="0" FileName="D:\WkPjt\MStory2.0\Mango-Z1.Firmware\Z1.Src005.AN2557.IAP.BootLoader\src\download.c" Line="47">
   <type Family="array" ID="2446" toTI="2371"/>
    <variable Name="Number" FileName="D:\WkPjt\MStory2.0\Mango-Z1.Firmware\Z1.Src005.AN2557.IAP.BootLoader\src\download.c" Line="48" Addr="0x34000006" TI="2446"/>
    <variable Name="Size" FileName="D:\WkPjt\MStory2.0\Mango-Z1.Firmware\Z1.Src005.AN2557.IAP.BootLoader\src\download.c" Line="49" Addr="0x4" TI="2382"/>
   </function >
   <type Family="array" ID="2462" toTI="2371"/>
   <type Family="array" ID="2491" toTI="2371"/>
   <variable Name="tab_1024" FileName="D:\WkPjt\MStory2.0\Mango-Z1.Firmware\Z1.Src005.AN2557.IAP.BootLoader\src\download.c" Line="33" Addr="0x2000004C" TI="2491"/>
  </module>
  <module Name="D:\WkPjt\MStory2.0\Mango-Z1.Firmware\Z1.Src005.AN2557.IAP.BootLoader\src\main.c" >
   <type Family="Base" Name="unsigned int" ID="2564"/>
   <type Family="Base" Name="signed char" ID="2571"/>
   <type Family="Base" Name="unsigned char" ID="2578"/>
   <type Family="Base" Name="short int" ID="2585"/>
   <type Family="Base" Name="short unsigned int" ID="2592"/>
   <type Family="Base" Name="int" ID="2599"/>
   <type Family="Base" Name="long long int" ID="2606"/>
   <type Family="Base" Name="long long unsigned int" ID="2613"/>
   <type Family="Base" Name="long int" ID="2620"/>
   <type Family="Base" Name="long unsigned int" ID="2630"/>
   <type Family="Pointer" TI="2639" toTI="2637"/>
   <type Family="Base" Name="char" ID="2645"/>
   <type Family="typedef" Name="uint16_t" Line="58" ID="2652" toTI="2592"/>
   <type Family="typedef" Name="uint32_t" Line="84" ID="2663" toTI="2630"/>
   <type Family="ComponentList" Line="50" ID="2674">
    <Component Name="USART_BaudRate" TI="2682" Line="51" Offs="0"/>
    <Component Name="USART_WordLength" TI="2696" Line="56" Offs="4"/>
    <Component Name="USART_StopBits" TI="2710" Line="59" Offs="6"/>
    <Component Name="USART_Parity" TI="2724" Line="62" Offs="8"/>
    <Component Name="USART_Mode" TI="2738" Line="69" Offs="10"/>
    <Component Name="USART_HardwareFlowControl" TI="2752" Line="72" Offs="12"/>
   </type>
   <type Family="typedef" Name="USART_InitTypeDef" Line="75" ID="2767" toTI="2674"/>
   <type Family="Pointer" TI="2639" toTI="2637"/>
   <type Family="typedef" Name="pFunction" Line="33" ID="2871" toTI="2639"/>
   <function Name="main" TI="2599" FileName="D:\WkPjt\MStory2.0\Mango-Z1.Firmware\Z1.Src005.AN2557.IAP.BootLoader\src\main.c" Line="46">
    <variable Name="USART_InitStructure" FileName="D:\WkPjt\MStory2.0\Mango-Z1.Firmware\Z1.Src005.AN2557.IAP.BootLoader\src\main.c" Line="97" Addr="0x34000000" TI="0"/>
   </function >
   <type Family="Pointer" TI="2639" toTI="2637"/>
   <type Family="typedef" Name="pFunction" Line="33" ID="2871" toTI="2639"/>
  </module>
  <module Name="D:\WkPjt\MStory2.0\Mango-Z1.Firmware\Z1.Src005.AN2557.IAP.BootLoader\src\stm32_eval.c" >
   <type Family="Base" Name="signed char" ID="3035"/>
   <type Family="Base" Name="unsigned char" ID="3053"/>
   <type Family="typedef" Name="uint8_t" Line="46" ID="3042" toTI="3053"/>
   <type Family="Base" Name="short int" ID="3060"/>
   <type Family="Base" Name="short unsigned int" ID="3078"/>
   <type Family="typedef" Name="uint16_t" Line="58" ID="3067" toTI="3078"/>
   <type Family="Base" Name="long int" ID="3085"/>
   <type Family="Base" Name="long unsigned int" ID="3103"/>
   <type Family="typedef" Name="uint32_t" Line="84" ID="3092" toTI="3103"/>
   <type Family="Base" Name="long long int" ID="3110"/>
   <type Family="Base" Name="long long unsigned int" ID="3117"/>
   <type Family="Base" Name="int" ID="3124"/>
   <type Family="Base" Name="unsigned int" ID="3131"/>
   <type Family="array" ID="3146" toTI="3092"/>
   <type Family="typedef" Name="FunctionalState" Line="354" ID="3189" toTI="3167"/>
   <type Family="ComponentList" Line="806" ID="3201">
    <Component Name="CRL" TI="3210" Line="807" Offs="0"/>
    <Component Name="CRH" TI="3225" Line="808" Offs="4"/>
    <Component Name="IDR" TI="3240" Line="809" Offs="8"/>
    <Component Name="ODR" TI="3255" Line="810" Offs="12"/>
    <Component Name="BSRR" TI="3270" Line="811" Offs="16"/>
    <Component Name="BRR" TI="3285" Line="812" Offs="20"/>
    <Component Name="LCKR" TI="3300" Line="813" Offs="24"/>
   </type>
   <type Family="typedef" Name="GPIO_TypeDef" Line="814" ID="3316" toTI="3201"/>
   <type Family="ComponentList" Line="1031" ID="3328">
    <Component Name="SR" TI="3337" Line="1032" Offs="0"/>
    <Component Name="RESERVED0" TI="3351" Line="1033" Offs="2"/>
    <Component Name="DR" TI="3366" Line="1034" Offs="4"/>
    <Component Name="RESERVED1" TI="3380" Line="1035" Offs="6"/>
    <Component Name="BRR" TI="3395" Line="1036" Offs="8"/>
    <Component Name="RESERVED2" TI="3410" Line="1037" Offs="10"/>
    <Component Name="CR1" TI="3425" Line="1038" Offs="12"/>
    <Component Name="RESERVED3" TI="3440" Line="1039" Offs="14"/>
    <Component Name="CR2" TI="3455" Line="1040" Offs="16"/>
    <Component Name="RESERVED4" TI="3470" Line="1041" Offs="18"/>
    <Component Name="CR3" TI="3485" Line="1042" Offs="20"/>
    <Component Name="RESERVED5" TI="3500" Line="1043" Offs="22"/>
    <Component Name="GTPR" TI="3515" Line="1044" Offs="24"/>
    <Component Name="RESERVED6" TI="3530" Line="1045" Offs="26"/>
   </type>
   <type Family="typedef" Name="USART_TypeDef" Line="1046" ID="3546" toTI="3328"/>
   <type Family="typedef" Name="EXTIMode_TypeDef" Line="53" ID="3579" toTI="3558"/>
   <type Family="typedef" Name="EXTITrigger_TypeDef" Line="66" ID="3617" toTI="3590"/>
   <type Family="ComponentList" Line="76" ID="3628">
    <Component Name="EXTI_Line" TI="3636" Line="77" Offs="0"/>
    <Component Name="EXTI_Mode" TI="3650" Line="80" Offs="4"/>
    <Component Name="EXTI_Trigger" TI="3664" Line="83" Offs="5"/>
    <Component Name="EXTI_LineCmd" TI="3678" Line="86" Offs="6"/>
   </type>
   <type Family="typedef" Name="EXTI_InitTypeDef" Line="88" ID="3693" toTI="3628"/>
   <type Family="typedef" Name="GPIOSpeed_TypeDef" Line="62" ID="3731" toTI="3704"/>
   <type Family="typedef" Name="GPIOMode_TypeDef" Line="79" ID="3800" toTI="3742"/>
   <type Family="ComponentList" Line="91" ID="3811">
    <Component Name="GPIO_Pin" TI="3819" Line="92" Offs="0"/>
    <Component Name="GPIO_Speed" TI="3833" Line="95" Offs="2"/>
    <Component Name="GPIO_Mode" TI="3847" Line="98" Offs="3"/>
   </type>
   <type Family="typedef" Name="GPIO_InitTypeDef" Line="100" ID="3862" toTI="3811"/>
   <type Family="ComponentList" Line="50" ID="3873">
    <Component Name="USART_BaudRate" TI="3881" Line="51" Offs="0"/>
    <Component Name="USART_WordLength" TI="3895" Line="56" Offs="4"/>
    <Component Name="USART_StopBits" TI="3909" Line="59" Offs="6"/>
    <Component Name="USART_Parity" TI="3923" Line="62" Offs="8"/>
    <Component Name="USART_Mode" TI="3937" Line="69" Offs="10"/>
    <Component Name="USART_HardwareFlowControl" TI="3951" Line="72" Offs="12"/>
   </type>
   <type Family="typedef" Name="USART_InitTypeDef" Line="75" ID="3966" toTI="3873"/>
   <type Family="ComponentList" Line="50" ID="3977">
    <Component Name="NVIC_IRQChannel" TI="3985" Line="51" Offs="0"/>
    <Component Name="NVIC_IRQChannelPreemptionPriority" TI="3999" Line="56" Offs="1"/>
    <Component Name="NVIC_IRQChannelSubPriority" TI="4013" Line="60" Offs="2"/>
    <Component Name="NVIC_IRQChannelCmd" TI="4027" Line="64" Offs="3"/>
   </type>
   <type Family="typedef" Name="NVIC_InitTypeDef" Line="67" ID="4042" toTI="3977"/>
   <type Family="typedef" Name="Led_TypeDef" Line="84" ID="4080" toTI="4053"/>
   <type Family="typedef" Name="Button_TypeDef" Line="99" ID="4142" toTI="4091"/>
   <type Family="typedef" Name="Button_Mode_TypeDef" Line="105" ID="4174" toTI="4153"/>
   <type Family="typedef" Name="COM_TypeDef" Line="121" ID="4206" toTI="4185"/>
   <function Name="STM_EVAL_COMInit" TI="0" FileName="D:\WkPjt\MStory2.0\Mango-Z1.Firmware\Z1.Src005.AN2557.IAP.BootLoader\src\stm32_eval.c" Line="365">
    <parameter Name="COM" TI="4206" FileName="D:\WkPjt\MStory2.0\Mango-Z1.Firmware\Z1.Src005.AN2557.IAP.BootLoader\src\stm32_eval.c" Line="365" Addr="0x0" Param="Yes"/>
   <type Family="Pointer" TI="4459" toTI="3966"/>
    <parameter Name="USART_InitStruct" TI="4459" FileName="D:\WkPjt\MStory2.0\Mango-Z1.Firmware\Z1.Src005.AN2557.IAP.BootLoader\src\stm32_eval.c" Line="365" Addr="0x1" Param="Yes"/>
    <variable Name="GPIO_InitStructure" FileName="D:\WkPjt\MStory2.0\Mango-Z1.Firmware\Z1.Src005.AN2557.IAP.BootLoader\src\stm32_eval.c" Line="366" Addr="0x34000004" TI="3862"/>
   </function >
   <function Name="STM_EVAL_PBGetState" TI="3092" FileName="D:\WkPjt\MStory2.0\Mango-Z1.Firmware\Z1.Src005.AN2557.IAP.BootLoader\src\stm32_eval.c" Line="349">
    <parameter Name="Button" TI="4142" FileName="D:\WkPjt\MStory2.0\Mango-Z1.Firmware\Z1.Src005.AN2557.IAP.BootLoader\src\stm32_eval.c" Line="349" Addr="0x0" Param="Yes"/>
   </function >
   <function Name="STM_EVAL_PBInit" TI="0" FileName="D:\WkPjt\MStory2.0\Mango-Z1.Firmware\Z1.Src005.AN2557.IAP.BootLoader\src\stm32_eval.c" Line="291">
    <parameter Name="Button" TI="4142" FileName="D:\WkPjt\MStory2.0\Mango-Z1.Firmware\Z1.Src005.AN2557.IAP.BootLoader\src\stm32_eval.c" Line="291" Addr="0x0" Param="Yes"/>
    <parameter Name="Button_Mode" TI="4174" FileName="D:\WkPjt\MStory2.0\Mango-Z1.Firmware\Z1.Src005.AN2557.IAP.BootLoader\src\stm32_eval.c" Line="291" Addr="0x1" Param="Yes"/>
    <variable Name="GPIO_InitStructure" FileName="D:\WkPjt\MStory2.0\Mango-Z1.Firmware\Z1.Src005.AN2557.IAP.BootLoader\src\stm32_eval.c" Line="292" Addr="0x3400000C" TI="3862"/>
    <variable Name="EXTI_InitStructure" FileName="D:\WkPjt\MStory2.0\Mango-Z1.Firmware\Z1.Src005.AN2557.IAP.BootLoader\src\stm32_eval.c" Line="293" Addr="0x34000000" TI="3693"/>
    <variable Name="NVIC_InitStructure" FileName="D:\WkPjt\MStory2.0\Mango-Z1.Firmware\Z1.Src005.AN2557.IAP.BootLoader\src\stm32_eval.c" Line="294" Addr="0x34000008" TI="4042"/>
   </function >
   <type Family="Pointer" TI="4632" toTI="3316"/>
   <type Family="array" ID="4616" toTI="4632"/>
   <variable Name="GPIO_PORT" FileName="D:\WkPjt\MStory2.0\Mango-Z1.Firmware\Z1.Src005.AN2557.IAP.BootLoader\src\stm32_eval.c" Line="62" Addr="0x20000008" TI="4616"/>
   <type Family="array" ID="4656" toTI="3067"/>
   <variable Name="GPIO_PIN" FileName="D:\WkPjt\MStory2.0\Mango-Z1.Firmware\Z1.Src005.AN2557.IAP.BootLoader\src\stm32_eval.c" Line="63" Addr="0x800126C" TI="4690"/>
   <type Family="array" ID="4695" toTI="3092"/>
   <variable Name="GPIO_CLK" FileName="D:\WkPjt\MStory2.0\Mango-Z1.Firmware\Z1.Src005.AN2557.IAP.BootLoader\src\stm32_eval.c" Line="64" Addr="0x8001274" TI="4729"/>
   <type Family="array" ID="4734" toTI="4632"/>
   <variable Name="BUTTON_PORT" FileName="D:\WkPjt\MStory2.0\Mango-Z1.Firmware\Z1.Src005.AN2557.IAP.BootLoader\src\stm32_eval.c" Line="104" Addr="0x2000001C" TI="4734"/>
   <type Family="array" ID="4768" toTI="3067"/>
   <variable Name="BUTTON_PIN" FileName="D:\WkPjt\MStory2.0\Mango-Z1.Firmware\Z1.Src005.AN2557.IAP.BootLoader\src\stm32_eval.c" Line="105" Addr="0x800128C" TI="4802"/>
   <variable Name="BUTTON_CLK" FileName="D:\WkPjt\MStory2.0\Mango-Z1.Firmware\Z1.Src005.AN2557.IAP.BootLoader\src\stm32_eval.c" Line="106" Addr="0x8001290" TI="4825"/>
   <variable Name="BUTTON_EXTI_LINE" FileName="D:\WkPjt\MStory2.0\Mango-Z1.Firmware\Z1.Src005.AN2557.IAP.BootLoader\src\stm32_eval.c" Line="107" Addr="0x80012A0" TI="4848"/>
   <variable Name="BUTTON_PORT_SOURCE" FileName="D:\WkPjt\MStory2.0\Mango-Z1.Firmware\Z1.Src005.AN2557.IAP.BootLoader\src\stm32_eval.c" Line="109" Addr="0x8001298" TI="4871"/>
   <variable Name="BUTTON_PIN_SOURCE" FileName="D:\WkPjt\MStory2.0\Mango-Z1.Firmware\Z1.Src005.AN2557.IAP.BootLoader\src\stm32_eval.c" Line="111" Addr="0x800129C" TI="4894"/>
   <variable Name="BUTTON_IRQn" FileName="D:\WkPjt\MStory2.0\Mango-Z1.Firmware\Z1.Src005.AN2557.IAP.BootLoader\src\stm32_eval.c" Line="113" Addr="0x80012A4" TI="4917"/>
   <type Family="Pointer" TI="4938" toTI="3546"/>
   <type Family="array" ID="4922" toTI="4938"/>
   <variable Name="COM_USART" FileName="D:\WkPjt\MStory2.0\Mango-Z1.Firmware\Z1.Src005.AN2557.IAP.BootLoader\src\stm32_eval.c" Line="115" Addr="0x20000018" TI="4922"/>
   <type Family="array" ID="4962" toTI="4632"/>
   <variable Name="COM_PORT" FileName="D:\WkPjt\MStory2.0\Mango-Z1.Firmware\Z1.Src005.AN2557.IAP.BootLoader\src\stm32_eval.c" Line="116" Addr="0x20000014" TI="4962"/>
   <type Family="array" ID="4996" toTI="3092"/>
   <variable Name="COM_USART_CLK" FileName="D:\WkPjt\MStory2.0\Mango-Z1.Firmware\Z1.Src005.AN2557.IAP.BootLoader\src\stm32_eval.c" Line="117" Addr="0x8001284" TI="5030"/>
   <variable Name="COM_POR_CLK" FileName="D:\WkPjt\MStory2.0\Mango-Z1.Firmware\Z1.Src005.AN2557.IAP.BootLoader\src\stm32_eval.c" Line="118" Addr="0x8001280" TI="5053"/>
   <type Family="array" ID="5058" toTI="3067"/>
   <variable Name="COM_TX_PIN" FileName="D:\WkPjt\MStory2.0\Mango-Z1.Firmware\Z1.Src005.AN2557.IAP.BootLoader\src\stm32_eval.c" Line="119" Addr="0x8001288" TI="5092"/>
   <variable Name="COM_RX_PIN" FileName="D:\WkPjt\MStory2.0\Mango-Z1.Firmware\Z1.Src005.AN2557.IAP.BootLoader\src\stm32_eval.c" Line="120" Addr="0x800128A" TI="5115"/>
  </module>
  <module Name="D:\WkPjt\MStory2.0\Mango-Z1.Firmware\Z1.Src005.AN2557.IAP.BootLoader\src\stm32f10x_it.c" >
   <type Family="Base" Name="signed char" ID="5158"/>
   <type Family="Base" Name="unsigned char" ID="5165"/>
   <type Family="Base" Name="short int" ID="5172"/>
   <type Family="Base" Name="short unsigned int" ID="5179"/>
   <type Family="Base" Name="long int" ID="5186"/>
   <type Family="Base" Name="long unsigned int" ID="5193"/>
   <type Family="Base" Name="long long int" ID="5200"/>
   <type Family="Base" Name="long long unsigned int" ID="5207"/>
   <type Family="Base" Name="int" ID="5214"/>
   <type Family="Base" Name="unsigned int" ID="5221"/>
   <function Name="NMI_Handler" TI="0" FileName="D:\WkPjt\MStory2.0\Mango-Z1.Firmware\Z1.Src005.AN2557.IAP.BootLoader\src\stm32f10x_it.c" Line="47">
   </function >
   <function Name="HardFault_Handler" TI="0" FileName="D:\WkPjt\MStory2.0\Mango-Z1.Firmware\Z1.Src005.AN2557.IAP.BootLoader\src\stm32f10x_it.c" Line="56">
   </function >
   <function Name="MemManage_Handler" TI="0" FileName="D:\WkPjt\MStory2.0\Mango-Z1.Firmware\Z1.Src005.AN2557.IAP.BootLoader\src\stm32f10x_it.c" Line="69">
   </function >
   <function Name="BusFault_Handler" TI="0" FileName="D:\WkPjt\MStory2.0\Mango-Z1.Firmware\Z1.Src005.AN2557.IAP.BootLoader\src\stm32f10x_it.c" Line="82">
   </function >
   <function Name="UsageFault_Handler" TI="0" FileName="D:\WkPjt\MStory2.0\Mango-Z1.Firmware\Z1.Src005.AN2557.IAP.BootLoader\src\stm32f10x_it.c" Line="95">
   </function >
   <function Name="SVC_Handler" TI="0" FileName="D:\WkPjt\MStory2.0\Mango-Z1.Firmware\Z1.Src005.AN2557.IAP.BootLoader\src\stm32f10x_it.c" Line="108">
   </function >
   <function Name="DebugMon_Handler" TI="0" FileName="D:\WkPjt\MStory2.0\Mango-Z1.Firmware\Z1.Src005.AN2557.IAP.BootLoader\src\stm32f10x_it.c" Line="117">
   </function >
   <function Name="PendSV_Handler" TI="0" FileName="D:\WkPjt\MStory2.0\Mango-Z1.Firmware\Z1.Src005.AN2557.IAP.BootLoader\src\stm32f10x_it.c" Line="126">
   </function >
   <function Name="SysTick_Handler" TI="0" FileName="D:\WkPjt\MStory2.0\Mango-Z1.Firmware\Z1.Src005.AN2557.IAP.BootLoader\src\stm32f10x_it.c" Line="135">
   </function >
  </module>
  <module Name="D:\WkPjt\MStory2.0\Mango-Z1.Firmware\Libraries\STM32F10x_StdPeriph_Driver\src\stm32f10x_rcc.c" >
   <type Family="Base" Name="signed char" ID="5440"/>
   <type Family="Base" Name="unsigned char" ID="5458"/>
   <type Family="typedef" Name="uint8_t" Line="46" ID="5447" toTI="5458"/>
   <type Family="Base" Name="short int" ID="5465"/>
   <type Family="Base" Name="short unsigned int" ID="5472"/>
   <type Family="Base" Name="long int" ID="5479"/>
   <type Family="Base" Name="long unsigned int" ID="5497"/>
   <type Family="typedef" Name="uint32_t" Line="84" ID="5486" toTI="5497"/>
   <type Family="Base" Name="long long int" ID="5504"/>
   <type Family="Base" Name="long long unsigned int" ID="5511"/>
   <type Family="Base" Name="int" ID="5518"/>
   <type Family="Base" Name="unsigned int" ID="5525"/>
   <type Family="typedef" Name="FlagStatus" Line="352" ID="5562" toTI="5540"/>
   <type Family="typedef" Name="ITStatus" Line="352" ID="5574" toTI="5540"/>
   <type Family="typedef" Name="FunctionalState" Line="354" ID="5608" toTI="5586"/>
   <type Family="typedef" Name="ErrorStatus" Line="357" ID="5642" toTI="5620"/>
   <type Family="ComponentList" Line="879" ID="5654">
    <Component Name="CR" TI="5663" Line="880" Offs="0"/>
    <Component Name="CFGR" TI="5677" Line="881" Offs="4"/>
    <Component Name="CIR" TI="5692" Line="882" Offs="8"/>
    <Component Name="APB2RSTR" TI="5707" Line="883" Offs="12"/>
    <Component Name="APB1RSTR" TI="5722" Line="884" Offs="16"/>
    <Component Name="AHBENR" TI="5737" Line="885" Offs="20"/>
    <Component Name="APB2ENR" TI="5752" Line="886" Offs="24"/>
    <Component Name="APB1ENR" TI="5767" Line="887" Offs="28"/>
    <Component Name="BDCR" TI="5782" Line="888" Offs="32"/>
    <Component Name="CSR" TI="5797" Line="889" Offs="36"/>
   </type>
   <type Family="ComponentList" Line="46" ID="5813">
    <Component Name="SYSCLK_Frequency" TI="5821" Line="47" Offs="0"/>
    <Component Name="HCLK_Frequency" TI="5835" Line="48" Offs="4"/>
    <Component Name="PCLK1_Frequency" TI="5849" Line="49" Offs="8"/>
    <Component Name="PCLK2_Frequency" TI="5863" Line="50" Offs="12"/>
    <Component Name="ADCCLK_Frequency" TI="5877" Line="51" Offs="16"/>
   </type>
   <type Family="typedef" Name="RCC_ClocksTypeDef" Line="52" ID="5892" toTI="5813"/>
   <function Name="RCC_GetClocksFreq" TI="0" FileName="D:\WkPjt\MStory2.0\Mango-Z1.Firmware\Libraries\STM32F10x_StdPeriph_Driver\src\stm32f10x_rcc.c" Line="903">
   <type Family="Pointer" TI="6817" toTI="5892"/>
    <parameter Name="RCC_Clocks" TI="6817" FileName="D:\WkPjt\MStory2.0\Mango-Z1.Firmware\Libraries\STM32F10x_StdPeriph_Driver\src\stm32f10x_rcc.c" Line="903" Addr="0x0" Param="Yes"/>
    <variable Name="tmp" FileName="D:\WkPjt\MStory2.0\Mango-Z1.Firmware\Libraries\STM32F10x_StdPeriph_Driver\src\stm32f10x_rcc.c" Line="904" Addr="0x3" TI="5486"/>
    <variable Name="pllmull" FileName="D:\WkPjt\MStory2.0\Mango-Z1.Firmware\Libraries\STM32F10x_StdPeriph_Driver\src\stm32f10x_rcc.c" Line="904" Addr="0x1" TI="5486"/>
   </function >
   <function Name="RCC_APB2PeriphClockCmd" TI="0" FileName="D:\WkPjt\MStory2.0\Mango-Z1.Firmware\Libraries\STM32F10x_StdPeriph_Driver\src\stm32f10x_rcc.c" Line="1077">
    <parameter Name="RCC_APB2Periph" TI="5486" FileName="D:\WkPjt\MStory2.0\Mango-Z1.Firmware\Libraries\STM32F10x_StdPeriph_Driver\src\stm32f10x_rcc.c" Line="1077" Addr="0x0" Param="Yes"/>
    <parameter Name="NewState" TI="5608" FileName="D:\WkPjt\MStory2.0\Mango-Z1.Firmware\Libraries\STM32F10x_StdPeriph_Driver\src\stm32f10x_rcc.c" Line="1077" Addr="0x1" Param="Yes"/>
   </function >
   <function Name="RCC_APB1PeriphClockCmd" TI="0" FileName="D:\WkPjt\MStory2.0\Mango-Z1.Firmware\Libraries\STM32F10x_StdPeriph_Driver\src\stm32f10x_rcc.c" Line="1107">
    <parameter Name="RCC_APB1Periph" TI="5486" FileName="D:\WkPjt\MStory2.0\Mango-Z1.Firmware\Libraries\STM32F10x_StdPeriph_Driver\src\stm32f10x_rcc.c" Line="1107" Addr="0x0" Param="Yes"/>
    <parameter Name="NewState" TI="5608" FileName="D:\WkPjt\MStory2.0\Mango-Z1.Firmware\Libraries\STM32F10x_StdPeriph_Driver\src\stm32f10x_rcc.c" Line="1107" Addr="0x1" Param="Yes"/>
   </function >
   <type Family="array" ID="7481" toTI="5447"/>
   <variable Name="APBAHBPrescTable" FileName="D:\WkPjt\MStory2.0\Mango-Z1.Firmware\Libraries\STM32F10x_StdPeriph_Driver\src\stm32f10x_rcc.c" Line="200" Addr="0x20000024" TI="7514"/>
   <type Family="array" ID="7524" toTI="5447"/>
   <variable Name="ADCPrescTable" FileName="D:\WkPjt\MStory2.0\Mango-Z1.Firmware\Libraries\STM32F10x_StdPeriph_Driver\src\stm32f10x_rcc.c" Line="201" Addr="0x20000034" TI="7557"/>
  </module>
  <module Name="D:\WkPjt\MStory2.0\Mango-Z1.Firmware\Libraries\STM32F10x_StdPeriph_Driver\src\stm32f10x_wwdg.c" >
   <type Family="Base" Name="signed char" ID="7605"/>
   <type Family="Base" Name="unsigned char" ID="7623"/>
   <type Family="typedef" Name="uint8_t" Line="46" ID="7612" toTI="7623"/>
   <type Family="Base" Name="short int" ID="7630"/>
   <type Family="Base" Name="short unsigned int" ID="7637"/>
   <type Family="Base" Name="long int" ID="7644"/>
   <type Family="Base" Name="long unsigned int" ID="7662"/>
   <type Family="typedef" Name="uint32_t" Line="84" ID="7651" toTI="7662"/>
   <type Family="Base" Name="long long int" ID="7669"/>
   <type Family="Base" Name="long long unsigned int" ID="7676"/>
   <type Family="Base" Name="int" ID="7683"/>
   <type Family="Base" Name="unsigned int" ID="7690"/>
   <type Family="typedef" Name="FlagStatus" Line="352" ID="7727" toTI="7705"/>
   <type Family="ComponentList" Line="1053" ID="7761">
    <Component Name="CR" TI="7770" Line="1054" Offs="0"/>
    <Component Name="CFR" TI="7784" Line="1055" Offs="4"/>
    <Component Name="SR" TI="7799" Line="1056" Offs="8"/>
   </type>
   <function Name="WWDG_Enable" TI="0" FileName="D:\WkPjt\MStory2.0\Mango-Z1.Firmware\Libraries\STM32F10x_StdPeriph_Driver\src\stm32f10x_wwdg.c" Line="185">
    <parameter Name="Counter" TI="7612" FileName="D:\WkPjt\MStory2.0\Mango-Z1.Firmware\Libraries\STM32F10x_StdPeriph_Driver\src\stm32f10x_wwdg.c" Line="185" Addr="0x0" Param="Yes"/>
   </function >
  </module>
  <module Name="D:\WkPjt\MStory2.0\Mango-Z1.Firmware\Libraries\STM32F10x_StdPeriph_Driver\src\misc.c" >
   <type Family="Base" Name="signed char" ID="8122"/>
   <type Family="Base" Name="unsigned char" ID="8140"/>
   <type Family="typedef" Name="uint8_t" Line="46" ID="8129" toTI="8140"/>
   <type Family="Base" Name="short int" ID="8147"/>
   <type Family="Base" Name="short unsigned int" ID="8154"/>
   <type Family="Base" Name="long int" ID="8161"/>
   <type Family="Base" Name="long unsigned int" ID="8179"/>
   <type Family="typedef" Name="uint32_t" Line="84" ID="8168" toTI="8179"/>
   <type Family="Base" Name="long long int" ID="8186"/>
   <type Family="Base" Name="long long unsigned int" ID="8193"/>
   <type Family="Base" Name="int" ID="8200"/>
   <type Family="Base" Name="unsigned int" ID="8207"/>
   <type Family="ComponentList" Line="135" ID="8214">
   <type Family="array" ID="8416" toTI="8168"/>
    <Component Name="ISER" TI="8223" Line="136" Offs="0"/>
   <type Family="array" ID="8440" toTI="8168"/>
    <Component Name="RESERVED0" TI="8237" Line="137" Offs="32"/>
    <Component Name="ICER" TI="8251" Line="138" Offs="128"/>
    <Component Name="RSERVED1" TI="8266" Line="139" Offs="160"/>
    <Component Name="ISPR" TI="8281" Line="140" Offs="256"/>
    <Component Name="RESERVED2" TI="8296" Line="141" Offs="288"/>
    <Component Name="ICPR" TI="8311" Line="142" Offs="384"/>
    <Component Name="RESERVED3" TI="8326" Line="143" Offs="416"/>
    <Component Name="IABR" TI="8341" Line="144" Offs="512"/>
   <type Family="array" ID="8476" toTI="8168"/>
    <Component Name="RESERVED4" TI="8356" Line="145" Offs="544"/>
   <type Family="array" ID="8492" toTI="8129"/>
    <Component Name="IP" TI="8371" Line="146" Offs="768"/>
   <type Family="array" ID="8513" toTI="8168"/>
    <Component Name="RESERVED5" TI="8385" Line="147" Offs="1008"/>
    <Component Name="STIR" TI="8400" Line="148" Offs="3584"/>
   </type>
   <type Family="ComponentList" Line="154" ID="8535">
    <Component Name="CPUID" TI="8543" Line="155" Offs="0"/>
    <Component Name="ICSR" TI="8557" Line="156" Offs="4"/>
    <Component Name="VTOR" TI="8571" Line="157" Offs="8"/>
    <Component Name="AIRCR" TI="8585" Line="158" Offs="12"/>
    <Component Name="SCR" TI="8599" Line="159" Offs="16"/>
    <Component Name="CCR" TI="8613" Line="160" Offs="20"/>
   <type Family="array" ID="8815" toTI="8129"/>
    <Component Name="SHP" TI="8627" Line="161" Offs="24"/>
    <Component Name="SHCSR" TI="8641" Line="162" Offs="36"/>
    <Component Name="CFSR" TI="8655" Line="163" Offs="40"/>
    <Component Name="HFSR" TI="8669" Line="164" Offs="44"/>
    <Component Name="DFSR" TI="8683" Line="165" Offs="48"/>
    <Component Name="MMFAR" TI="8697" Line="166" Offs="52"/>
    <Component Name="BFAR" TI="8711" Line="167" Offs="56"/>
    <Component Name="AFSR" TI="8725" Line="168" Offs="60"/>
   <type Family="array" ID="8836" toTI="8168"/>
    <Component Name="PFR" TI="8739" Line="169" Offs="64"/>
    <Component Name="DFR" TI="8753" Line="170" Offs="72"/>
    <Component Name="ADR" TI="8767" Line="171" Offs="76"/>
   <type Family="array" ID="8862" toTI="8168"/>
    <Component Name="MMFR" TI="8781" Line="172" Offs="80"/>
   <type Family="array" ID="8888" toTI="8168"/>
    <Component Name="ISAR" TI="8795" Line="173" Offs="96"/>
   </type>
   <type Family="ComponentList" Line="179" ID="8914">
    <Component Name="CTRL" TI="8922" Line="180" Offs="0"/>
    <Component Name="LOAD" TI="8936" Line="181" Offs="4"/>
    <Component Name="VAL" TI="8950" Line="182" Offs="8"/>
    <Component Name="CALIB" TI="8964" Line="183" Offs="12"/>
   </type>
   <type Family="typedef" Name="FunctionalState" Line="354" ID="9001" toTI="8979"/>
   <type Family="ComponentList" Line="50" ID="9013">
    <Component Name="NVIC_IRQChannel" TI="9021" Line="51" Offs="0"/>
    <Component Name="NVIC_IRQChannelPreemptionPriority" TI="9035" Line="56" Offs="1"/>
    <Component Name="NVIC_IRQChannelSubPriority" TI="9049" Line="60" Offs="2"/>
    <Component Name="NVIC_IRQChannelCmd" TI="9063" Line="64" Offs="3"/>
   </type>
   <type Family="typedef" Name="NVIC_InitTypeDef" Line="67" ID="9078" toTI="9013"/>
   <function Name="NVIC_Init" TI="0" FileName="D:\WkPjt\MStory2.0\Mango-Z1.Firmware\Libraries\STM32F10x_StdPeriph_Driver\src\misc.c" Line="112">
   <type Family="Pointer" TI="9202" toTI="9078"/>
    <parameter Name="NVIC_InitStruct" TI="9202" FileName="D:\WkPjt\MStory2.0\Mango-Z1.Firmware\Libraries\STM32F10x_StdPeriph_Driver\src\misc.c" Line="112" Addr="0x0" Param="Yes"/>
    <variable Name="tmppriority" FileName="D:\WkPjt\MStory2.0\Mango-Z1.Firmware\Libraries\STM32F10x_StdPeriph_Driver\src\misc.c" Line="113" Addr="0x2" TI="8168"/>
   </function >
  </module>
  <module Name="D:\WkPjt\MStory2.0\Mango-Z1.Firmware\Libraries\STM32F10x_StdPeriph_Driver\src\stm32f10x_exti.c" >
   <type Family="Base" Name="signed char" ID="9381"/>
   <type Family="Base" Name="unsigned char" ID="9388"/>
   <type Family="Base" Name="short int" ID="9395"/>
   <type Family="Base" Name="short unsigned int" ID="9402"/>
   <type Family="Base" Name="long int" ID="9409"/>
   <type Family="Base" Name="long unsigned int" ID="9427"/>
   <type Family="typedef" Name="uint32_t" Line="84" ID="9416" toTI="9427"/>
   <type Family="Base" Name="long long int" ID="9434"/>
   <type Family="Base" Name="long long unsigned int" ID="9441"/>
   <type Family="Base" Name="int" ID="9448"/>
   <type Family="Base" Name="unsigned int" ID="9455"/>
   <type Family="typedef" Name="FlagStatus" Line="352" ID="9492" toTI="9470"/>
   <type Family="typedef" Name="ITStatus" Line="352" ID="9504" toTI="9470"/>
   <type Family="typedef" Name="FunctionalState" Line="354" ID="9538" toTI="9516"/>
   <type Family="ComponentList" Line="700" ID="9550">
    <Component Name="IMR" TI="9559" Line="701" Offs="0"/>
    <Component Name="EMR" TI="9574" Line="702" Offs="4"/>
    <Component Name="RTSR" TI="9589" Line="703" Offs="8"/>
    <Component Name="FTSR" TI="9604" Line="704" Offs="12"/>
    <Component Name="SWIER" TI="9619" Line="705" Offs="16"/>
    <Component Name="PR" TI="9634" Line="706" Offs="20"/>
   </type>
   <type Family="typedef" Name="EXTIMode_TypeDef" Line="53" ID="9670" toTI="9649"/>
   <type Family="typedef" Name="EXTITrigger_TypeDef" Line="66" ID="9708" toTI="9681"/>
   <type Family="ComponentList" Line="76" ID="9719">
    <Component Name="EXTI_Line" TI="9727" Line="77" Offs="0"/>
    <Component Name="EXTI_Mode" TI="9741" Line="80" Offs="4"/>
    <Component Name="EXTI_Trigger" TI="9755" Line="83" Offs="5"/>
    <Component Name="EXTI_LineCmd" TI="9769" Line="86" Offs="6"/>
   </type>
   <type Family="typedef" Name="EXTI_InitTypeDef" Line="88" ID="9784" toTI="9719"/>
   <function Name="EXTI_Init" TI="0" FileName="D:\WkPjt\MStory2.0\Mango-Z1.Firmware\Libraries\STM32F10x_StdPeriph_Driver\src\stm32f10x_exti.c" Line="101">
   <type Family="Pointer" TI="9866" toTI="9784"/>
    <parameter Name="EXTI_InitStruct" TI="9866" FileName="D:\WkPjt\MStory2.0\Mango-Z1.Firmware\Libraries\STM32F10x_StdPeriph_Driver\src\stm32f10x_exti.c" Line="101" Addr="0x0" Param="Yes"/>
   </function >
  </module>
  <module Name="D:\WkPjt\MStory2.0\Mango-Z1.Firmware\Libraries\STM32F10x_StdPeriph_Driver\src\stm32f10x_flash.c" >
   <type Family="Base" Name="signed char" ID="10179"/>
   <type Family="Base" Name="unsigned char" ID="10197"/>
   <type Family="typedef" Name="uint8_t" Line="46" ID="10186" toTI="10197"/>
   <type Family="Base" Name="short int" ID="10204"/>
   <type Family="Base" Name="short unsigned int" ID="10222"/>
   <type Family="typedef" Name="uint16_t" Line="58" ID="10211" toTI="10222"/>
   <type Family="Base" Name="long int" ID="10229"/>
   <type Family="Base" Name="long unsigned int" ID="10247"/>
   <type Family="typedef" Name="uint32_t" Line="84" ID="10236" toTI="10247"/>
   <type Family="Base" Name="long long int" ID="10254"/>
   <type Family="Base" Name="long long unsigned int" ID="10261"/>
   <type Family="Base" Name="int" ID="10268"/>
   <type Family="Base" Name="unsigned int" ID="10275"/>
   <type Family="typedef" Name="FlagStatus" Line="352" ID="10317" toTI="10295"/>
   <type Family="typedef" Name="FunctionalState" Line="354" ID="10351" toTI="10329"/>
   <type Family="ComponentList" Line="714" ID="10363">
    <Component Name="ACR" TI="10372" Line="715" Offs="0"/>
    <Component Name="KEYR" TI="10387" Line="716" Offs="4"/>
    <Component Name="OPTKEYR" TI="10402" Line="717" Offs="8"/>
    <Component Name="SR" TI="10417" Line="718" Offs="12"/>
    <Component Name="CR" TI="10431" Line="719" Offs="16"/>
    <Component Name="AR" TI="10445" Line="720" Offs="20"/>
    <Component Name="RESERVED" TI="10459" Line="721" Offs="24"/>
    <Component Name="OBR" TI="10474" Line="722" Offs="28"/>
    <Component Name="WRPR" TI="10489" Line="723" Offs="32"/>
   </type>
   <type Family="ComponentList" Line="731" ID="10505">
    <Component Name="RDP" TI="10514" Line="732" Offs="0"/>
    <Component Name="USER" TI="10529" Line="733" Offs="2"/>
    <Component Name="Data0" TI="10544" Line="734" Offs="4"/>
    <Component Name="Data1" TI="10559" Line="735" Offs="6"/>
    <Component Name="WRP0" TI="10574" Line="736" Offs="8"/>
    <Component Name="WRP1" TI="10589" Line="737" Offs="10"/>
    <Component Name="WRP2" TI="10604" Line="738" Offs="12"/>
    <Component Name="WRP3" TI="10619" Line="739" Offs="14"/>
   </type>
   <type Family="typedef" Name="FLASH_Status" Line="56" ID="10674" toTI="10635"/>
   <function Name="FLASH_Unlock" TI="0" FileName="D:\WkPjt\MStory2.0\Mango-Z1.Firmware\Libraries\STM32F10x_StdPeriph_Driver\src\stm32f10x_flash.c" Line="185">
   </function >
   <function Name="FLASH_GetUserOptionByte" TI="10236" FileName="D:\WkPjt\MStory2.0\Mango-Z1.Firmware\Libraries\STM32F10x_StdPeriph_Driver\src\stm32f10x_flash.c" Line="643">
   </function >
   <function Name="FLASH_GetWriteProtectionOptionByte" TI="10236" FileName="D:\WkPjt\MStory2.0\Mango-Z1.Firmware\Libraries\STM32F10x_StdPeriph_Driver\src\stm32f10x_flash.c" Line="654">
   </function >
   <function Name="FLASH_GetStatus" TI="10674" FileName="D:\WkPjt\MStory2.0\Mango-Z1.Firmware\Libraries\STM32F10x_StdPeriph_Driver\src\stm32f10x_flash.c" Line="793">
    <variable Name="flashstatus" FileName="D:\WkPjt\MStory2.0\Mango-Z1.Firmware\Libraries\STM32F10x_StdPeriph_Driver\src\stm32f10x_flash.c" Line="794" Addr="0x0" TI="10674"/>
   </function >
   <function Name="FLASH_WaitForLastOperation" TI="10674" FileName="D:\WkPjt\MStory2.0\Mango-Z1.Firmware\Libraries\STM32F10x_StdPeriph_Driver\src\stm32f10x_flash.c" Line="829">
    <parameter Name="Timeout" TI="10236" FileName="D:\WkPjt\MStory2.0\Mango-Z1.Firmware\Libraries\STM32F10x_StdPeriph_Driver\src\stm32f10x_flash.c" Line="829" Addr="0x0" Param="Yes"/>
    <variable Name="status" FileName="D:\WkPjt\MStory2.0\Mango-Z1.Firmware\Libraries\STM32F10x_StdPeriph_Driver\src\stm32f10x_flash.c" Line="830" Addr="0x0" TI="10674"/>
    <variable Name="i" FileName="D:\WkPjt\MStory2.0\Mango-Z1.Firmware\Libraries\STM32F10x_StdPeriph_Driver\src\stm32f10x_flash.c" Line="856" Addr="0x34000014" TI="0"/>
   </function >
   <function Name="FLASH_UserOptionByteConfig" TI="10674" FileName="D:\WkPjt\MStory2.0\Mango-Z1.Firmware\Libraries\STM32F10x_StdPeriph_Driver\src\stm32f10x_flash.c" Line="602">
    <parameter Name="OB_IWDG" TI="10211" FileName="D:\WkPjt\MStory2.0\Mango-Z1.Firmware\Libraries\STM32F10x_StdPeriph_Driver\src\stm32f10x_flash.c" Line="602" Addr="0x0" Param="Yes"/>
    <parameter Name="OB_STOP" TI="10211" FileName="D:\WkPjt\MStory2.0\Mango-Z1.Firmware\Libraries\STM32F10x_StdPeriph_Driver\src\stm32f10x_flash.c" Line="602" Addr="0x1" Param="Yes"/>
    <parameter Name="OB_STDBY" TI="10211" FileName="D:\WkPjt\MStory2.0\Mango-Z1.Firmware\Libraries\STM32F10x_StdPeriph_Driver\src\stm32f10x_flash.c" Line="602" Addr="0x2" Param="Yes"/>
    <variable Name="status" FileName="D:\WkPjt\MStory2.0\Mango-Z1.Firmware\Libraries\STM32F10x_StdPeriph_Driver\src\stm32f10x_flash.c" Line="603" Addr="0x0" TI="10674"/>
   </function >
   <function Name="FLASH_EnableWriteProtection" TI="10674" FileName="D:\WkPjt\MStory2.0\Mango-Z1.Firmware\Libraries\STM32F10x_StdPeriph_Driver\src\stm32f10x_flash.c" Line="461">
    <parameter Name="FLASH_Pages" TI="10236" FileName="D:\WkPjt\MStory2.0\Mango-Z1.Firmware\Libraries\STM32F10x_StdPeriph_Driver\src\stm32f10x_flash.c" Line="461" Addr="0x0" Param="Yes"/>
    <variable Name="WRP0_Data" FileName="D:\WkPjt\MStory2.0\Mango-Z1.Firmware\Libraries\STM32F10x_StdPeriph_Driver\src\stm32f10x_flash.c" Line="462" Addr="0x1" TI="10211"/>
    <variable Name="WRP1_Data" FileName="D:\WkPjt\MStory2.0\Mango-Z1.Firmware\Libraries\STM32F10x_StdPeriph_Driver\src\stm32f10x_flash.c" Line="462" Addr="0x2" TI="10211"/>
    <variable Name="WRP2_Data" FileName="D:\WkPjt\MStory2.0\Mango-Z1.Firmware\Libraries\STM32F10x_StdPeriph_Driver\src\stm32f10x_flash.c" Line="462" Addr="0x2" TI="10211"/>
    <variable Name="WRP3_Data" FileName="D:\WkPjt\MStory2.0\Mango-Z1.Firmware\Libraries\STM32F10x_StdPeriph_Driver\src\stm32f10x_flash.c" Line="462" Addr="0x0" TI="10211"/>
    <variable Name="status" FileName="D:\WkPjt\MStory2.0\Mango-Z1.Firmware\Libraries\STM32F10x_StdPeriph_Driver\src\stm32f10x_flash.c" Line="464" Addr="0x0" TI="10674"/>
   </function >
   <function Name="FLASH_ProgramWord" TI="10674" FileName="D:\WkPjt\MStory2.0\Mango-Z1.Firmware\Libraries\STM32F10x_StdPeriph_Driver\src\stm32f10x_flash.c" Line="328">
    <parameter Name="Address" TI="10236" FileName="D:\WkPjt\MStory2.0\Mango-Z1.Firmware\Libraries\STM32F10x_StdPeriph_Driver\src\stm32f10x_flash.c" Line="328" Addr="0x0" Param="Yes"/>
    <parameter Name="Data" TI="10236" FileName="D:\WkPjt\MStory2.0\Mango-Z1.Firmware\Libraries\STM32F10x_StdPeriph_Driver\src\stm32f10x_flash.c" Line="328" Addr="0x1" Param="Yes"/>
    <variable Name="status" FileName="D:\WkPjt\MStory2.0\Mango-Z1.Firmware\Libraries\STM32F10x_StdPeriph_Driver\src\stm32f10x_flash.c" Line="329" Addr="0x0" TI="10674"/>
    <variable Name="tmp" FileName="D:\WkPjt\MStory2.0\Mango-Z1.Firmware\Libraries\STM32F10x_StdPeriph_Driver\src\stm32f10x_flash.c" Line="330" Addr="0x3400001C" TI="10285"/>
   </function >
   <function Name="FLASH_EraseOptionBytes" TI="10674" FileName="D:\WkPjt\MStory2.0\Mango-Z1.Firmware\Libraries\STM32F10x_StdPeriph_Driver\src\stm32f10x_flash.c" Line="272">
    <variable Name="status" FileName="D:\WkPjt\MStory2.0\Mango-Z1.Firmware\Libraries\STM32F10x_StdPeriph_Driver\src\stm32f10x_flash.c" Line="273" Addr="0x0" TI="10674"/>
   </function >
   <function Name="FLASH_ErasePage" TI="10674" FileName="D:\WkPjt\MStory2.0\Mango-Z1.Firmware\Libraries\STM32F10x_StdPeriph_Driver\src\stm32f10x_flash.c" Line="209">
    <parameter Name="Page_Address" TI="10236" FileName="D:\WkPjt\MStory2.0\Mango-Z1.Firmware\Libraries\STM32F10x_StdPeriph_Driver\src\stm32f10x_flash.c" Line="209" Addr="0x0" Param="Yes"/>
    <variable Name="status" FileName="D:\WkPjt\MStory2.0\Mango-Z1.Firmware\Libraries\STM32F10x_StdPeriph_Driver\src\stm32f10x_flash.c" Line="210" Addr="0x0" TI="10674"/>
   </function >
  </module>
  <module Name="D:\WkPjt\MStory2.0\Mango-Z1.Firmware\Libraries\STM32F10x_StdPeriph_Driver\src\stm32f10x_gpio.c" >
   <type Family="Base" Name="signed char" ID="12031"/>
   <type Family="Base" Name="unsigned char" ID="12049"/>
   <type Family="typedef" Name="uint8_t" Line="46" ID="12038" toTI="12049"/>
   <type Family="Base" Name="short int" ID="12056"/>
   <type Family="Base" Name="short unsigned int" ID="12074"/>
   <type Family="typedef" Name="uint16_t" Line="58" ID="12063" toTI="12074"/>
   <type Family="Base" Name="long int" ID="12081"/>
   <type Family="Base" Name="long unsigned int" ID="12099"/>
   <type Family="typedef" Name="uint32_t" Line="84" ID="12088" toTI="12099"/>
   <type Family="Base" Name="long long int" ID="12106"/>
   <type Family="Base" Name="long long unsigned int" ID="12113"/>
   <type Family="Base" Name="int" ID="12120"/>
   <type Family="Base" Name="unsigned int" ID="12127"/>
   <type Family="array" ID="12142" toTI="12088"/>
   <type Family="typedef" Name="FunctionalState" Line="354" ID="12180" toTI="12158"/>
   <type Family="ComponentList" Line="806" ID="12192">
    <Component Name="CRL" TI="12201" Line="807" Offs="0"/>
    <Component Name="CRH" TI="12216" Line="808" Offs="4"/>
    <Component Name="IDR" TI="12231" Line="809" Offs="8"/>
    <Component Name="ODR" TI="12246" Line="810" Offs="12"/>
    <Component Name="BSRR" TI="12261" Line="811" Offs="16"/>
    <Component Name="BRR" TI="12276" Line="812" Offs="20"/>
    <Component Name="LCKR" TI="12291" Line="813" Offs="24"/>
   </type>
   <type Family="typedef" Name="GPIO_TypeDef" Line="814" ID="12307" toTI="12192"/>
   <type Family="ComponentList" Line="821" ID="12319">
    <Component Name="EVCR" TI="12328" Line="822" Offs="0"/>
    <Component Name="MAPR" TI="12343" Line="823" Offs="4"/>
    <Component Name="EXTICR" TI="12358" Line="824" Offs="8"/>
   </type>
   <type Family="typedef" Name="GPIOSpeed_TypeDef" Line="62" ID="12406" toTI="12379"/>
   <type Family="typedef" Name="GPIOMode_TypeDef" Line="79" ID="12475" toTI="12417"/>
   <type Family="ComponentList" Line="91" ID="12486">
    <Component Name="GPIO_Pin" TI="12494" Line="92" Offs="0"/>
    <Component Name="GPIO_Speed" TI="12508" Line="95" Offs="2"/>
    <Component Name="GPIO_Mode" TI="12522" Line="98" Offs="3"/>
   </type>
   <type Family="typedef" Name="GPIO_InitTypeDef" Line="100" ID="12537" toTI="12486"/>
   <type Family="typedef" Name="BitAction" Line="110" ID="12569" toTI="12548"/>
   <function Name="GPIO_Init" TI="0" FileName="D:\WkPjt\MStory2.0\Mango-Z1.Firmware\Libraries\STM32F10x_StdPeriph_Driver\src\stm32f10x_gpio.c" Line="173">
   <type Family="Pointer" TI="12714" toTI="12307"/>
    <parameter Name="GPIOx" TI="12714" FileName="D:\WkPjt\MStory2.0\Mango-Z1.Firmware\Libraries\STM32F10x_StdPeriph_Driver\src\stm32f10x_gpio.c" Line="173" Addr="0x0" Param="Yes"/>
   <type Family="Pointer" TI="12720" toTI="12537"/>
    <parameter Name="GPIO_InitStruct" TI="12720" FileName="D:\WkPjt\MStory2.0\Mango-Z1.Firmware\Libraries\STM32F10x_StdPeriph_Driver\src\stm32f10x_gpio.c" Line="173" Addr="0x1" Param="Yes"/>
    <variable Name="currentmode" FileName="D:\WkPjt\MStory2.0\Mango-Z1.Firmware\Libraries\STM32F10x_StdPeriph_Driver\src\stm32f10x_gpio.c" Line="174" Addr="0x7" TI="12088"/>
    <variable Name="currentpin" FileName="D:\WkPjt\MStory2.0\Mango-Z1.Firmware\Libraries\STM32F10x_StdPeriph_Driver\src\stm32f10x_gpio.c" Line="174" Addr="0x1" TI="12088"/>
    <variable Name="pinpos" FileName="D:\WkPjt\MStory2.0\Mango-Z1.Firmware\Libraries\STM32F10x_StdPeriph_Driver\src\stm32f10x_gpio.c" Line="174" Addr="0xC" TI="12088"/>
    <variable Name="pos" FileName="D:\WkPjt\MStory2.0\Mango-Z1.Firmware\Libraries\STM32F10x_StdPeriph_Driver\src\stm32f10x_gpio.c" Line="174" Addr="0x3" TI="12088"/>
    <variable Name="tmpreg" FileName="D:\WkPjt\MStory2.0\Mango-Z1.Firmware\Libraries\STM32F10x_StdPeriph_Driver\src\stm32f10x_gpio.c" Line="175" Addr="0x4" TI="12088"/>
   </function >
   <function Name="GPIO_ReadInputDataBit" TI="12038" FileName="D:\WkPjt\MStory2.0\Mango-Z1.Firmware\Libraries\STM32F10x_StdPeriph_Driver\src\stm32f10x_gpio.c" Line="281">
    <parameter Name="GPIOx" TI="12714" FileName="D:\WkPjt\MStory2.0\Mango-Z1.Firmware\Libraries\STM32F10x_StdPeriph_Driver\src\stm32f10x_gpio.c" Line="281" Addr="0x0" Param="Yes"/>
    <parameter Name="GPIO_Pin" TI="12063" FileName="D:\WkPjt\MStory2.0\Mango-Z1.Firmware\Libraries\STM32F10x_StdPeriph_Driver\src\stm32f10x_gpio.c" Line="281" Addr="0x1" Param="Yes"/>
   </function >
   <function Name="GPIO_EXTILineConfig" TI="0" FileName="D:\WkPjt\MStory2.0\Mango-Z1.Firmware\Libraries\STM32F10x_StdPeriph_Driver\src\stm32f10x_gpio.c" Line="577">
    <parameter Name="GPIO_PortSource" TI="12038" FileName="D:\WkPjt\MStory2.0\Mango-Z1.Firmware\Libraries\STM32F10x_StdPeriph_Driver\src\stm32f10x_gpio.c" Line="577" Addr="0x0" Param="Yes"/>
    <parameter Name="GPIO_PinSource" TI="12038" FileName="D:\WkPjt\MStory2.0\Mango-Z1.Firmware\Libraries\STM32F10x_StdPeriph_Driver\src\stm32f10x_gpio.c" Line="577" Addr="0x1" Param="Yes"/>
   </function >
  </module>
  <module Name="D:\WkPjt\MStory2.0\Mango-Z1.Firmware\Libraries\STM32F10x_StdPeriph_Driver\src\stm32f10x_usart.c" >
   <type Family="Base" Name="signed char" ID="13719"/>
   <type Family="Base" Name="unsigned char" ID="13737"/>
   <type Family="typedef" Name="uint8_t" Line="46" ID="13726" toTI="13737"/>
   <type Family="Base" Name="short int" ID="13744"/>
   <type Family="Base" Name="short unsigned int" ID="13762"/>
   <type Family="typedef" Name="uint16_t" Line="58" ID="13751" toTI="13762"/>
   <type Family="Base" Name="long int" ID="13769"/>
   <type Family="Base" Name="long unsigned int" ID="13787"/>
   <type Family="typedef" Name="uint32_t" Line="84" ID="13776" toTI="13787"/>
   <type Family="Base" Name="long long int" ID="13794"/>
   <type Family="Base" Name="long long unsigned int" ID="13801"/>
   <type Family="Base" Name="int" ID="13808"/>
   <type Family="Base" Name="unsigned int" ID="13815"/>
   <type Family="typedef" Name="FlagStatus" Line="352" ID="13852" toTI="13830"/>
   <type Family="typedef" Name="ITStatus" Line="352" ID="13864" toTI="13830"/>
   <type Family="typedef" Name="FunctionalState" Line="354" ID="13898" toTI="13876"/>
   <type Family="ComponentList" Line="1031" ID="13910">
    <Component Name="SR" TI="13919" Line="1032" Offs="0"/>
    <Component Name="RESERVED0" TI="13933" Line="1033" Offs="2"/>
    <Component Name="DR" TI="13948" Line="1034" Offs="4"/>
    <Component Name="RESERVED1" TI="13962" Line="1035" Offs="6"/>
    <Component Name="BRR" TI="13977" Line="1036" Offs="8"/>
    <Component Name="RESERVED2" TI="13992" Line="1037" Offs="10"/>
    <Component Name="CR1" TI="14007" Line="1038" Offs="12"/>
    <Component Name="RESERVED3" TI="14022" Line="1039" Offs="14"/>
    <Component Name="CR2" TI="14037" Line="1040" Offs="16"/>
    <Component Name="RESERVED4" TI="14052" Line="1041" Offs="18"/>
    <Component Name="CR3" TI="14067" Line="1042" Offs="20"/>
    <Component Name="RESERVED5" TI="14082" Line="1043" Offs="22"/>
    <Component Name="GTPR" TI="14097" Line="1044" Offs="24"/>
    <Component Name="RESERVED6" TI="14112" Line="1045" Offs="26"/>
   </type>
   <type Family="typedef" Name="USART_TypeDef" Line="1046" ID="14128" toTI="13910"/>
   <type Family="ComponentList" Line="46" ID="14140">
    <Component Name="SYSCLK_Frequency" TI="14148" Line="47" Offs="0"/>
    <Component Name="HCLK_Frequency" TI="14162" Line="48" Offs="4"/>
    <Component Name="PCLK1_Frequency" TI="14176" Line="49" Offs="8"/>
    <Component Name="PCLK2_Frequency" TI="14190" Line="50" Offs="12"/>
    <Component Name="ADCCLK_Frequency" TI="14204" Line="51" Offs="16"/>
   </type>
   <type Family="typedef" Name="RCC_ClocksTypeDef" Line="52" ID="14219" toTI="14140"/>
   <type Family="ComponentList" Line="50" ID="14230">
    <Component Name="USART_BaudRate" TI="14238" Line="51" Offs="0"/>
    <Component Name="USART_WordLength" TI="14252" Line="56" Offs="4"/>
    <Component Name="USART_StopBits" TI="14266" Line="59" Offs="6"/>
    <Component Name="USART_Parity" TI="14280" Line="62" Offs="8"/>
    <Component Name="USART_Mode" TI="14294" Line="69" Offs="10"/>
    <Component Name="USART_HardwareFlowControl" TI="14308" Line="72" Offs="12"/>
   </type>
   <type Family="typedef" Name="USART_InitTypeDef" Line="75" ID="14323" toTI="14230"/>
   <type Family="ComponentList" Line="82" ID="14334">
    <Component Name="USART_Clock" TI="14342" Line="84" Offs="0"/>
    <Component Name="USART_CPOL" TI="14356" Line="87" Offs="2"/>
    <Component Name="USART_CPHA" TI="14370" Line="90" Offs="4"/>
    <Component Name="USART_LastBit" TI="14384" Line="93" Offs="6"/>
   </type>
   <type Family="typedef" Name="USART_ClockInitTypeDef" Line="96" ID="14399" toTI="14334"/>
   <type Family="Pointer" TI="14447" toTI="14323"/>
   <type Family="Pointer" TI="14524" toTI="14128"/>
   <type Family="Pointer" TI="14530" toTI="14399"/>
   <function Name="USART_Cmd" TI="0" FileName="D:\WkPjt\MStory2.0\Mango-Z1.Firmware\Libraries\STM32F10x_StdPeriph_Driver\src\stm32f10x_usart.c" Line="320">
    <parameter Name="USARTx" TI="14524" FileName="D:\WkPjt\MStory2.0\Mango-Z1.Firmware\Libraries\STM32F10x_StdPeriph_Driver\src\stm32f10x_usart.c" Line="320" Addr="0x0" Param="Yes"/>
    <parameter Name="NewState" TI="13898" FileName="D:\WkPjt\MStory2.0\Mango-Z1.Firmware\Libraries\STM32F10x_StdPeriph_Driver\src\stm32f10x_usart.c" Line="320" Addr="0x1" Param="Yes"/>
   </function >
   <function Name="USART_SendData" TI="0" FileName="D:\WkPjt\MStory2.0\Mango-Z1.Firmware\Libraries\STM32F10x_StdPeriph_Driver\src\stm32f10x_usart.c" Line="560">
    <parameter Name="USARTx" TI="14524" FileName="D:\WkPjt\MStory2.0\Mango-Z1.Firmware\Libraries\STM32F10x_StdPeriph_Driver\src\stm32f10x_usart.c" Line="560" Addr="0x0" Param="Yes"/>
    <parameter Name="Data" TI="13751" FileName="D:\WkPjt\MStory2.0\Mango-Z1.Firmware\Libraries\STM32F10x_StdPeriph_Driver\src\stm32f10x_usart.c" Line="560" Addr="0x1" Param="Yes"/>
   </function >
   <function Name="USART_GetFlagStatus" TI="13852" FileName="D:\WkPjt\MStory2.0\Mango-Z1.Firmware\Libraries\STM32F10x_StdPeriph_Driver\src\stm32f10x_usart.c" Line="784">
    <parameter Name="USARTx" TI="14524" FileName="D:\WkPjt\MStory2.0\Mango-Z1.Firmware\Libraries\STM32F10x_StdPeriph_Driver\src\stm32f10x_usart.c" Line="784" Addr="0x0" Param="Yes"/>
    <parameter Name="USART_FLAG" TI="13751" FileName="D:\WkPjt\MStory2.0\Mango-Z1.Firmware\Libraries\STM32F10x_StdPeriph_Driver\src\stm32f10x_usart.c" Line="784" Addr="0x1" Param="Yes"/>
   </function >
   <function Name="USART_Init" TI="0" FileName="D:\WkPjt\MStory2.0\Mango-Z1.Firmware\Libraries\STM32F10x_StdPeriph_Driver\src\stm32f10x_usart.c" Line="166">
    <parameter Name="USARTx" TI="14524" FileName="D:\WkPjt\MStory2.0\Mango-Z1.Firmware\Libraries\STM32F10x_StdPeriph_Driver\src\stm32f10x_usart.c" Line="166" Addr="0x0" Param="Yes"/>
    <parameter Name="USART_InitStruct" TI="14447" FileName="D:\WkPjt\MStory2.0\Mango-Z1.Firmware\Libraries\STM32F10x_StdPeriph_Driver\src\stm32f10x_usart.c" Line="166" Addr="0x1" Param="Yes"/>
    <variable Name="tmpreg" FileName="D:\WkPjt\MStory2.0\Mango-Z1.Firmware\Libraries\STM32F10x_StdPeriph_Driver\src\stm32f10x_usart.c" Line="167" Addr="0x3" TI="13776"/>
    <variable Name="apbclock" FileName="D:\WkPjt\MStory2.0\Mango-Z1.Firmware\Libraries\STM32F10x_StdPeriph_Driver\src\stm32f10x_usart.c" Line="167" Addr="0x3" TI="13776"/>
    <variable Name="integerdivider" FileName="D:\WkPjt\MStory2.0\Mango-Z1.Firmware\Libraries\STM32F10x_StdPeriph_Driver\src\stm32f10x_usart.c" Line="168" Addr="0x2" TI="13776"/>
    <variable Name="RCC_ClocksStatus" FileName="D:\WkPjt\MStory2.0\Mango-Z1.Firmware\Libraries\STM32F10x_StdPeriph_Driver\src\stm32f10x_usart.c" Line="171" Addr="0x34000004" TI="14219"/>
   </function >
  </module>
  <module Name="D:\WkPjt\MStory2.0\Mango-Z1.Firmware\Libraries\CMSIS\Core\CM3\core_cm3.c" >
   <type Family="Base" Name="signed char" ID="16141"/>
   <type Family="Base" Name="unsigned char" ID="16159"/>
   <type Family="typedef" Name="uint8_t" Line="46" ID="16148" toTI="16159"/>
   <type Family="Base" Name="short int" ID="16177"/>
   <type Family="typedef" Name="int16_t" Line="57" ID="16166" toTI="16177"/>
   <type Family="Base" Name="short unsigned int" ID="16195"/>
   <type Family="typedef" Name="uint16_t" Line="58" ID="16184" toTI="16195"/>
   <type Family="Base" Name="long int" ID="16213"/>
   <type Family="typedef" Name="int32_t" Line="83" ID="16202" toTI="16213"/>
   <type Family="Base" Name="long unsigned int" ID="16231"/>
   <type Family="typedef" Name="uint32_t" Line="84" ID="16220" toTI="16231"/>
   <type Family="Base" Name="long long int" ID="16238"/>
   <type Family="Base" Name="long long unsigned int" ID="16245"/>
   <type Family="Base" Name="int" ID="16252"/>
   <type Family="Base" Name="unsigned int" ID="16259"/>
   <function Name="__set_MSP" TI="0" FileName="D:\WkPjt\MStory2.0\Mango-Z1.Firmware\Libraries\CMSIS\Core\CM3\core_cm3.c" Line="518">
    <parameter Name="topOfMainStack" TI="16220" FileName="D:\WkPjt\MStory2.0\Mango-Z1.Firmware\Libraries\CMSIS\Core\CM3\core_cm3.c" Line="518" Addr="0x0" Param="Yes"/>
   </function >
   <type Family="Pointer" TI="16987" toTI="16148"/>
   <type Family="Pointer" TI="17050" toTI="16184"/>
   <type Family="Pointer" TI="17117" toTI="16220"/>
  </module>
  <module Name="D:\WkPjt\MStory2.0\Mango-Z1.Firmware\Libraries\CMSIS\Core\CM3\system_stm32f10x.c" >
   <type Family="Base" Name="signed char" ID="17466"/>
   <type Family="Base" Name="unsigned char" ID="17473"/>
   <type Family="Base" Name="short int" ID="17480"/>
   <type Family="Base" Name="short unsigned int" ID="17487"/>
   <type Family="Base" Name="long int" ID="17494"/>
   <type Family="Base" Name="long unsigned int" ID="17512"/>
   <type Family="typedef" Name="uint32_t" Line="84" ID="17501" toTI="17512"/>
   <type Family="Base" Name="long long int" ID="17519"/>
   <type Family="Base" Name="long long unsigned int" ID="17526"/>
   <type Family="Base" Name="int" ID="17533"/>
   <type Family="Base" Name="unsigned int" ID="17540"/>
   <type Family="ComponentList" Line="714" ID="17582">
    <Component Name="ACR" TI="17591" Line="715" Offs="0"/>
    <Component Name="KEYR" TI="17606" Line="716" Offs="4"/>
    <Component Name="OPTKEYR" TI="17621" Line="717" Offs="8"/>
    <Component Name="SR" TI="17636" Line="718" Offs="12"/>
    <Component Name="CR" TI="17650" Line="719" Offs="16"/>
    <Component Name="AR" TI="17664" Line="720" Offs="20"/>
    <Component Name="RESERVED" TI="17678" Line="721" Offs="24"/>
    <Component Name="OBR" TI="17693" Line="722" Offs="28"/>
    <Component Name="WRPR" TI="17708" Line="723" Offs="32"/>
   </type>
   <type Family="ComponentList" Line="879" ID="17724">
    <Component Name="CR" TI="17733" Line="880" Offs="0"/>
    <Component Name="CFGR" TI="17747" Line="881" Offs="4"/>
    <Component Name="CIR" TI="17762" Line="882" Offs="8"/>
    <Component Name="APB2RSTR" TI="17777" Line="883" Offs="12"/>
    <Component Name="APB1RSTR" TI="17792" Line="884" Offs="16"/>
    <Component Name="AHBENR" TI="17807" Line="885" Offs="20"/>
    <Component Name="APB2ENR" TI="17822" Line="886" Offs="24"/>
    <Component Name="APB1ENR" TI="17837" Line="887" Offs="28"/>
    <Component Name="BDCR" TI="17852" Line="888" Offs="32"/>
    <Component Name="CSR" TI="17867" Line="889" Offs="36"/>
   </type>
   <function Name="SystemInit" TI="0" FileName="D:\WkPjt\MStory2.0\Mango-Z1.Firmware\Libraries\CMSIS\Core\CM3\system_stm32f10x.c" Line="188">
    <variable Name="StartUpCounter" FileName="D:\WkPjt\MStory2.0\Mango-Z1.Firmware\Libraries\CMSIS\Core\CM3\system_stm32f10x.c" Line="820" Addr="0x3400000C" TI="0"/>
    <variable Name="HSEStatus" FileName="D:\WkPjt\MStory2.0\Mango-Z1.Firmware\Libraries\CMSIS\Core\CM3\system_stm32f10x.c" Line="820" Addr="0x34000008" TI="0"/>
   </function >
   <variable Name="SystemFrequency" FileName="D:\WkPjt\MStory2.0\Mango-Z1.Firmware\Libraries\CMSIS\Core\CM3\system_stm32f10x.c" Line="135" Addr="0x0" TI="17555"/>
   <variable Name="SystemFrequency_SysClk" FileName="D:\WkPjt\MStory2.0\Mango-Z1.Firmware\Libraries\CMSIS\Core\CM3\system_stm32f10x.c" Line="136" Addr="0x0" TI="17555"/>
   <variable Name="SystemFrequency_AHBClk" FileName="D:\WkPjt\MStory2.0\Mango-Z1.Firmware\Libraries\CMSIS\Core\CM3\system_stm32f10x.c" Line="137" Addr="0x0" TI="17555"/>
   <variable Name="SystemFrequency_APB1Clk" FileName="D:\WkPjt\MStory2.0\Mango-Z1.Firmware\Libraries\CMSIS\Core\CM3\system_stm32f10x.c" Line="138" Addr="0x0" TI="17555"/>
   <variable Name="SystemFrequency_APB2Clk" FileName="D:\WkPjt\MStory2.0\Mango-Z1.Firmware\Libraries\CMSIS\Core\CM3\system_stm32f10x.c" Line="139" Addr="0x0" TI="17555"/>
  </module>
 </modulelist>
</aoffile>

