<!-- DWF2XML 2.00.01 - Raisonance Dwarf information extractor -->
<aoffile Filename="MStroy2.0" dwarf="1">
 <modulelist>
  <module Name="D:\WkPjt\MStory2.0\Mango-M32.Firmware\M32.Src014.ClockControl2\src\main.c" >
   <type Family="Base" Name="signed char" ID="37"/>
   <type Family="Base" Name="unsigned char" ID="55"/>
   <type Family="typedef" Name="uint8_t" Line="46" ID="44" toTI="55"/>
   <type Family="Base" Name="short int" ID="62"/>
   <type Family="Base" Name="short unsigned int" ID="80"/>
   <type Family="typedef" Name="uint16_t" Line="58" ID="69" toTI="80"/>
   <type Family="Base" Name="long int" ID="87"/>
   <type Family="Base" Name="long unsigned int" ID="105"/>
   <type Family="typedef" Name="uint32_t" Line="84" ID="94" toTI="105"/>
   <type Family="Base" Name="long long int" ID="112"/>
   <type Family="Base" Name="long long unsigned int" ID="119"/>
   <type Family="Base" Name="int" ID="126"/>
   <type Family="Base" Name="unsigned int" ID="133"/>
   <type Family="Base" Name="char" ID="143"/>
   <type Family="ComponentList" Line="135" ID="150">
    <Component Name="CR" TI="158" Line="136" Offs="0"/>
    <Component Name="CFGR" TI="171" Line="137" Offs="4"/>
    <Component Name="CIR" TI="185" Line="138" Offs="8"/>
    <Component Name="APB2RSTR" TI="199" Line="139" Offs="12"/>
    <Component Name="APB1RSTR" TI="213" Line="140" Offs="16"/>
    <Component Name="AHBENR" TI="227" Line="141" Offs="20"/>
    <Component Name="APB2ENR" TI="241" Line="142" Offs="24"/>
    <Component Name="APB1ENR" TI="255" Line="143" Offs="28"/>
    <Component Name="BDCR" TI="269" Line="144" Offs="32"/>
    <Component Name="CSR" TI="283" Line="145" Offs="36"/>
   </type>
   <type Family="ComponentList" Line="164" ID="303">
    <Component Name="SR" TI="311" Line="165" Offs="0"/>
    <Component Name="RESERVED0" TI="324" Line="166" Offs="2"/>
    <Component Name="DR" TI="338" Line="167" Offs="4"/>
    <Component Name="RESERVED1" TI="351" Line="168" Offs="6"/>
    <Component Name="BRR" TI="365" Line="169" Offs="8"/>
    <Component Name="RESERVED2" TI="379" Line="170" Offs="10"/>
    <Component Name="CR1" TI="393" Line="171" Offs="12"/>
    <Component Name="RESERVED3" TI="407" Line="172" Offs="14"/>
    <Component Name="CR2" TI="421" Line="173" Offs="16"/>
    <Component Name="RESERVED4" TI="435" Line="174" Offs="18"/>
    <Component Name="CR3" TI="449" Line="175" Offs="20"/>
    <Component Name="RESERVED5" TI="463" Line="176" Offs="22"/>
    <Component Name="GTPR" TI="477" Line="177" Offs="24"/>
    <Component Name="RESERVED6" TI="491" Line="178" Offs="26"/>
   </type>
   <type Family="ComponentList" Line="195" ID="511">
    <Component Name="SYSCLK_Frequency" TI="519" Line="196" Offs="0"/>
    <Component Name="HCLK_Frequency" TI="533" Line="197" Offs="4"/>
    <Component Name="PCLK1_Frequency" TI="547" Line="198" Offs="8"/>
    <Component Name="PCLK2_Frequency" TI="561" Line="199" Offs="12"/>
    <Component Name="ADCCLK_Frequency" TI="575" Line="200" Offs="16"/>
   </type>
   <type Family="typedef" Name="RCC_ClocksTypeDef" Line="201" ID="590" toTI="511"/>
   <function Name="System_Information" TI="0" FileName="D:\WkPjt\MStory2.0\Mango-M32.Firmware\M32.Src014.ClockControl2\src\main.c" Line="19">
    <variable Name="rcc_clocks" FileName="D:\WkPjt\MStory2.0\Mango-M32.Firmware\M32.Src014.ClockControl2\src\main.c" Line="20" Addr="0x34000004" TI="590"/>
   </function >
   <function Name="main" TI="126" FileName="D:\WkPjt\MStory2.0\Mango-M32.Firmware\M32.Src014.ClockControl2\src\main.c" Line="39">
    <variable Name="ch" FileName="D:\WkPjt\MStory2.0\Mango-M32.Firmware\M32.Src014.ClockControl2\src\main.c" Line="40" Addr="0x4" TI="44"/>
   </function >
  </module>
  <module Name="D:\WkPjt\MStory2.0\Mango-M32.Firmware\M32.Src014.ClockControl2\src\led.c" >
   <type Family="Base" Name="signed char" ID="735"/>
   <type Family="Base" Name="unsigned char" ID="742"/>
   <type Family="Base" Name="short int" ID="749"/>
   <type Family="Base" Name="short unsigned int" ID="756"/>
   <type Family="Base" Name="long int" ID="763"/>
   <type Family="Base" Name="long unsigned int" ID="781"/>
   <type Family="typedef" Name="uint32_t" Line="84" ID="770" toTI="781"/>
   <type Family="Base" Name="long long int" ID="788"/>
   <type Family="Base" Name="long long unsigned int" ID="795"/>
   <type Family="Base" Name="int" ID="802"/>
   <type Family="Base" Name="unsigned int" ID="809"/>
   <type Family="Base" Name="char" ID="819"/>
   <type Family="ComponentList" Line="153" ID="831">
    <Component Name="CRL" TI="839" Line="154" Offs="0"/>
    <Component Name="CRH" TI="853" Line="155" Offs="4"/>
    <Component Name="IDR" TI="867" Line="156" Offs="8"/>
    <Component Name="ODR" TI="881" Line="157" Offs="12"/>
    <Component Name="BSRR" TI="895" Line="158" Offs="16"/>
    <Component Name="BRR" TI="909" Line="159" Offs="20"/>
    <Component Name="LCKR" TI="923" Line="160" Offs="24"/>
   </type>
   <function Name="LED_On_Red" TI="0" FileName="D:\WkPjt\MStory2.0\Mango-M32.Firmware\M32.Src014.ClockControl2\src\led.c" Line="23">
   </function >
   <function Name="LED_Off_Red" TI="0" FileName="D:\WkPjt\MStory2.0\Mango-M32.Firmware\M32.Src014.ClockControl2\src\led.c" Line="28">
   </function >
   <function Name="LED_On_Yellow" TI="0" FileName="D:\WkPjt\MStory2.0\Mango-M32.Firmware\M32.Src014.ClockControl2\src\led.c" Line="33">
   </function >
   <function Name="LED_Off_Yellow" TI="0" FileName="D:\WkPjt\MStory2.0\Mango-M32.Firmware\M32.Src014.ClockControl2\src\led.c" Line="38">
   </function >
   <function Name="LED_On_Blue" TI="0" FileName="D:\WkPjt\MStory2.0\Mango-M32.Firmware\M32.Src014.ClockControl2\src\led.c" Line="43">
   </function >
   <function Name="LED_Off_Blue" TI="0" FileName="D:\WkPjt\MStory2.0\Mango-M32.Firmware\M32.Src014.ClockControl2\src\led.c" Line="48">
   </function >
   <function Name="LED_On_All" TI="0" FileName="D:\WkPjt\MStory2.0\Mango-M32.Firmware\M32.Src014.ClockControl2\src\led.c" Line="53">
   </function >
   <function Name="LED_Off_All" TI="0" FileName="D:\WkPjt\MStory2.0\Mango-M32.Firmware\M32.Src014.ClockControl2\src\led.c" Line="60">
   </function >
   <function Name="LED_OnOffAll_Mult" TI="0" FileName="D:\WkPjt\MStory2.0\Mango-M32.Firmware\M32.Src014.ClockControl2\src\led.c" Line="67">
    <parameter Name="count" TI="770" FileName="D:\WkPjt\MStory2.0\Mango-M32.Firmware\M32.Src014.ClockControl2\src\led.c" Line="67" Addr="0x0" Param="Yes"/>
   </function >
   <function Name="LED_Test" TI="0" FileName="D:\WkPjt\MStory2.0\Mango-M32.Firmware\M32.Src014.ClockControl2\src\led.c" Line="94">
   </function >
  </module>
  <module Name="D:\WkPjt\MStory2.0\Mango-M32.Firmware\M32.Src014.ClockControl2\src\key.c" >
   <type Family="Base" Name="signed char" ID="1194"/>
   <type Family="Base" Name="unsigned char" ID="1201"/>
   <type Family="Base" Name="short int" ID="1208"/>
   <type Family="Base" Name="short unsigned int" ID="1215"/>
   <type Family="Base" Name="long int" ID="1222"/>
   <type Family="Base" Name="long unsigned int" ID="1240"/>
   <type Family="typedef" Name="uint32_t" Line="84" ID="1229" toTI="1240"/>
   <type Family="Base" Name="long long int" ID="1247"/>
   <type Family="Base" Name="long long unsigned int" ID="1254"/>
   <type Family="Base" Name="int" ID="1261"/>
   <type Family="Base" Name="unsigned int" ID="1268"/>
   <type Family="Base" Name="char" ID="1278"/>
   <type Family="ComponentList" Line="153" ID="1311">
    <Component Name="CRL" TI="1319" Line="154" Offs="0"/>
    <Component Name="CRH" TI="1333" Line="155" Offs="4"/>
    <Component Name="IDR" TI="1347" Line="156" Offs="8"/>
    <Component Name="ODR" TI="1361" Line="157" Offs="12"/>
    <Component Name="BSRR" TI="1375" Line="158" Offs="16"/>
    <Component Name="BRR" TI="1389" Line="159" Offs="20"/>
    <Component Name="LCKR" TI="1403" Line="160" Offs="24"/>
   </type>
   <function Name="KEY_Test" TI="0" FileName="D:\WkPjt\MStory2.0\Mango-M32.Firmware\M32.Src014.ClockControl2\src\key.c" Line="17">
    <variable Name="i" FileName="D:\WkPjt\MStory2.0\Mango-M32.Firmware\M32.Src014.ClockControl2\src\key.c" Line="18" Addr="0x4" TI="1229"/>
   </function >
  </module>
  <module Name="D:\WkPjt\MStory2.0\Mango-M32.Firmware\M32.Src014.ClockControl2\src\seven_segment.c" >
   <type Family="Base" Name="signed char" ID="1489"/>
   <type Family="Base" Name="unsigned char" ID="1496"/>
   <type Family="Base" Name="short int" ID="1503"/>
   <type Family="Base" Name="short unsigned int" ID="1521"/>
   <type Family="typedef" Name="uint16_t" Line="58" ID="1510" toTI="1521"/>
   <type Family="Base" Name="long int" ID="1528"/>
   <type Family="Base" Name="long unsigned int" ID="1546"/>
   <type Family="typedef" Name="uint32_t" Line="84" ID="1535" toTI="1546"/>
   <type Family="Base" Name="long long int" ID="1553"/>
   <type Family="Base" Name="long long unsigned int" ID="1560"/>
   <type Family="Base" Name="int" ID="1567"/>
   <type Family="Base" Name="unsigned int" ID="1574"/>
   <type Family="Base" Name="char" ID="1584"/>
   <type Family="typedef" Name="GPIOSpeed_TypeDef" Line="26" ID="1618" toTI="1591"/>
   <type Family="typedef" Name="GPIOMode_TypeDef" Line="37" ID="1687" toTI="1629"/>
   <type Family="ComponentList" Line="40" ID="1698">
    <Component Name="GPIO_Pin" TI="1706" Line="41" Offs="0"/>
    <Component Name="GPIO_Speed" TI="1720" Line="42" Offs="2"/>
    <Component Name="GPIO_Mode" TI="1734" Line="43" Offs="3"/>
   </type>
   <type Family="typedef" Name="GPIO_InitTypeDef" Line="44" ID="1749" toTI="1698"/>
   <type Family="ComponentList" Line="135" ID="1760">
    <Component Name="CR" TI="1768" Line="136" Offs="0"/>
    <Component Name="CFGR" TI="1781" Line="137" Offs="4"/>
    <Component Name="CIR" TI="1795" Line="138" Offs="8"/>
    <Component Name="APB2RSTR" TI="1809" Line="139" Offs="12"/>
    <Component Name="APB1RSTR" TI="1823" Line="140" Offs="16"/>
    <Component Name="AHBENR" TI="1837" Line="141" Offs="20"/>
    <Component Name="APB2ENR" TI="1851" Line="142" Offs="24"/>
    <Component Name="APB1ENR" TI="1865" Line="143" Offs="28"/>
    <Component Name="BDCR" TI="1879" Line="144" Offs="32"/>
    <Component Name="CSR" TI="1893" Line="145" Offs="36"/>
   </type>
   <type Family="ComponentList" Line="153" ID="1913">
    <Component Name="CRL" TI="1921" Line="154" Offs="0"/>
    <Component Name="CRH" TI="1935" Line="155" Offs="4"/>
    <Component Name="IDR" TI="1949" Line="156" Offs="8"/>
    <Component Name="ODR" TI="1963" Line="157" Offs="12"/>
    <Component Name="BSRR" TI="1977" Line="158" Offs="16"/>
    <Component Name="BRR" TI="1991" Line="159" Offs="20"/>
    <Component Name="LCKR" TI="2005" Line="160" Offs="24"/>
   </type>
   <function Name="PowerOn_7_SEG" TI="0" FileName="D:\WkPjt\MStory2.0\Mango-M32.Firmware\M32.Src014.ClockControl2\src\seven_segment.c" Line="29">
   </function >
   <function Name="On_7_SEG_OnePin" TI="0" FileName="D:\WkPjt\MStory2.0\Mango-M32.Firmware\M32.Src014.ClockControl2\src\seven_segment.c" Line="39">
    <parameter Name="pinNum" TI="1510" FileName="D:\WkPjt\MStory2.0\Mango-M32.Firmware\M32.Src014.ClockControl2\src\seven_segment.c" Line="39" Addr="0x0" Param="Yes"/>
   </function >
   <function Name="Off_7_SEG_OnePin" TI="0" FileName="D:\WkPjt\MStory2.0\Mango-M32.Firmware\M32.Src014.ClockControl2\src\seven_segment.c" Line="44">
    <parameter Name="pinNum" TI="1510" FileName="D:\WkPjt\MStory2.0\Mango-M32.Firmware\M32.Src014.ClockControl2\src\seven_segment.c" Line="44" Addr="0x0" Param="Yes"/>
   </function >
   <function Name="Off_7_SEG_AllPin" TI="0" FileName="D:\WkPjt\MStory2.0\Mango-M32.Firmware\M32.Src014.ClockControl2\src\seven_segment.c" Line="57">
   </function >
   <function Name="OutPut_7_SEG_Number" TI="0" FileName="D:\WkPjt\MStory2.0\Mango-M32.Firmware\M32.Src014.ClockControl2\src\seven_segment.c" Line="65">
    <parameter Name="num" TI="1574" FileName="D:\WkPjt\MStory2.0\Mango-M32.Firmware\M32.Src014.ClockControl2\src\seven_segment.c" Line="65" Addr="0x0" Param="Yes"/>
   </function >
   <function Name="Seven_Segment_Test" TI="0" FileName="D:\WkPjt\MStory2.0\Mango-M32.Firmware\M32.Src014.ClockControl2\src\seven_segment.c" Line="135">
    <variable Name="GPIO_InitStructure" FileName="D:\WkPjt\MStory2.0\Mango-M32.Firmware\M32.Src014.ClockControl2\src\seven_segment.c" Line="136" Addr="0x34000004" TI="1749"/>
    <variable Name="i" FileName="D:\WkPjt\MStory2.0\Mango-M32.Firmware\M32.Src014.ClockControl2\src\seven_segment.c" Line="137" Addr="0x4" TI="1567"/>
   </function >
  </module>
  <module Name="D:\WkPjt\MStory2.0\Mango-M32.Firmware\M32.Src014.ClockControl2\src\hw_config.c" >
   <type Family="Base" Name="signed char" ID="2304"/>
   <type Family="Base" Name="unsigned char" ID="2322"/>
   <type Family="typedef" Name="uint8_t" Line="46" ID="2311" toTI="2322"/>
   <type Family="Base" Name="short int" ID="2329"/>
   <type Family="Base" Name="short unsigned int" ID="2347"/>
   <type Family="typedef" Name="uint16_t" Line="58" ID="2336" toTI="2347"/>
   <type Family="Base" Name="long int" ID="2354"/>
   <type Family="Base" Name="long unsigned int" ID="2372"/>
   <type Family="typedef" Name="uint32_t" Line="84" ID="2361" toTI="2372"/>
   <type Family="Base" Name="long long int" ID="2379"/>
   <type Family="Base" Name="long long unsigned int" ID="2386"/>
   <type Family="Base" Name="int" ID="2393"/>
   <type Family="Base" Name="unsigned int" ID="2400"/>
   <type Family="Base" Name="char" ID="2410"/>
   <type Family="typedef" Name="GPIOSpeed_TypeDef" Line="26" ID="2444" toTI="2417"/>
   <type Family="typedef" Name="GPIOMode_TypeDef" Line="37" ID="2513" toTI="2455"/>
   <type Family="ComponentList" Line="40" ID="2524">
    <Component Name="GPIO_Pin" TI="2532" Line="41" Offs="0"/>
    <Component Name="GPIO_Speed" TI="2546" Line="42" Offs="2"/>
    <Component Name="GPIO_Mode" TI="2560" Line="43" Offs="3"/>
   </type>
   <type Family="typedef" Name="GPIO_InitTypeDef" Line="44" ID="2575" toTI="2524"/>
   <type Family="ComponentList" Line="65" ID="2607">
    <Component Name="USART_BaudRate" TI="2615" Line="66" Offs="0"/>
    <Component Name="USART_WordLength" TI="2629" Line="71" Offs="4"/>
    <Component Name="USART_StopBits" TI="2643" Line="74" Offs="6"/>
    <Component Name="USART_Parity" TI="2657" Line="77" Offs="8"/>
    <Component Name="USART_Mode" TI="2671" Line="84" Offs="10"/>
    <Component Name="USART_HardwareFlowControl" TI="2685" Line="87" Offs="12"/>
   </type>
   <type Family="typedef" Name="USART_InitTypeDef" Line="90" ID="2700" toTI="2607"/>
   <type Family="ComponentList" Line="135" ID="2711">
    <Component Name="CR" TI="2719" Line="136" Offs="0"/>
    <Component Name="CFGR" TI="2732" Line="137" Offs="4"/>
    <Component Name="CIR" TI="2746" Line="138" Offs="8"/>
    <Component Name="APB2RSTR" TI="2760" Line="139" Offs="12"/>
    <Component Name="APB1RSTR" TI="2774" Line="140" Offs="16"/>
    <Component Name="AHBENR" TI="2788" Line="141" Offs="20"/>
    <Component Name="APB2ENR" TI="2802" Line="142" Offs="24"/>
    <Component Name="APB1ENR" TI="2816" Line="143" Offs="28"/>
    <Component Name="BDCR" TI="2830" Line="144" Offs="32"/>
    <Component Name="CSR" TI="2844" Line="145" Offs="36"/>
   </type>
   <type Family="ComponentList" Line="153" ID="2864">
    <Component Name="CRL" TI="2872" Line="154" Offs="0"/>
    <Component Name="CRH" TI="2886" Line="155" Offs="4"/>
    <Component Name="IDR" TI="2900" Line="156" Offs="8"/>
    <Component Name="ODR" TI="2914" Line="157" Offs="12"/>
    <Component Name="BSRR" TI="2928" Line="158" Offs="16"/>
    <Component Name="BRR" TI="2942" Line="159" Offs="20"/>
    <Component Name="LCKR" TI="2956" Line="160" Offs="24"/>
   </type>
   <type Family="ComponentList" Line="164" ID="2971">
    <Component Name="SR" TI="2979" Line="165" Offs="0"/>
    <Component Name="RESERVED0" TI="2992" Line="166" Offs="2"/>
    <Component Name="DR" TI="3006" Line="167" Offs="4"/>
    <Component Name="RESERVED1" TI="3019" Line="168" Offs="6"/>
    <Component Name="BRR" TI="3033" Line="169" Offs="8"/>
    <Component Name="RESERVED2" TI="3047" Line="170" Offs="10"/>
    <Component Name="CR1" TI="3061" Line="171" Offs="12"/>
    <Component Name="RESERVED3" TI="3075" Line="172" Offs="14"/>
    <Component Name="CR2" TI="3089" Line="173" Offs="16"/>
    <Component Name="RESERVED4" TI="3103" Line="174" Offs="18"/>
    <Component Name="CR3" TI="3117" Line="175" Offs="20"/>
    <Component Name="RESERVED5" TI="3131" Line="176" Offs="22"/>
    <Component Name="GTPR" TI="3145" Line="177" Offs="24"/>
    <Component Name="RESERVED6" TI="3159" Line="178" Offs="26"/>
   </type>
   <type Family="typedef" Name="USART_TypeDef" Line="179" ID="3179" toTI="2971"/>
   <type Family="ComponentList" Line="182" ID="3190">
    <Component Name="ACR" TI="3198" Line="183" Offs="0"/>
    <Component Name="KEYR" TI="3212" Line="184" Offs="4"/>
    <Component Name="OPTKEYR" TI="3226" Line="185" Offs="8"/>
    <Component Name="SR" TI="3240" Line="186" Offs="12"/>
    <Component Name="CR" TI="3253" Line="187" Offs="16"/>
    <Component Name="AR" TI="3266" Line="188" Offs="20"/>
    <Component Name="RESERVED" TI="3279" Line="189" Offs="24"/>
    <Component Name="OBR" TI="3293" Line="190" Offs="28"/>
    <Component Name="WRPR" TI="3307" Line="191" Offs="32"/>
   </type>
   <function Name="delay_int_count" TI="0" FileName="D:\WkPjt\MStory2.0\Mango-M32.Firmware\M32.Src014.ClockControl2\src\hw_config.c" Line="17">
    <parameter Name="nTime" TI="3362" FileName="D:\WkPjt\MStory2.0\Mango-M32.Firmware\M32.Src014.ClockControl2\src\hw_config.c" Line="17" Addr="0x0" Param="Yes"/>
   </function >
   <function Name="delay_1_second" TI="0" FileName="D:\WkPjt\MStory2.0\Mango-M32.Firmware\M32.Src014.ClockControl2\src\hw_config.c" Line="22">
   </function >
   <function Name="delay_100_milli_second" TI="0" FileName="D:\WkPjt\MStory2.0\Mango-M32.Firmware\M32.Src014.ClockControl2\src\hw_config.c" Line="27">
   </function >
   <function Name="RCC_Configuration" TI="0" FileName="D:\WkPjt\MStory2.0\Mango-M32.Firmware\M32.Src014.ClockControl2\src\hw_config.c" Line="90">
    <variable Name="HSEStatus" FileName="D:\WkPjt\MStory2.0\Mango-M32.Firmware\M32.Src014.ClockControl2\src\hw_config.c" Line="91" Addr="0x3400000C" TI="2859"/>
   </function >
   <function Name="USART_GetCharacter" TI="2311" FileName="D:\WkPjt\MStory2.0\Mango-M32.Firmware\M32.Src014.ClockControl2\src\hw_config.c" Line="200">
   <type Family="Pointer" TI="3508" toTI="3179"/>
    <parameter Name="usart_p" TI="3508" FileName="D:\WkPjt\MStory2.0\Mango-M32.Firmware\M32.Src014.ClockControl2\src\hw_config.c" Line="200" Addr="0x0" Param="Yes"/>
    <variable Name="data" FileName="D:\WkPjt\MStory2.0\Mango-M32.Firmware\M32.Src014.ClockControl2\src\hw_config.c" Line="201" Addr="0x4" TI="2311"/>
   </function >
   <function Name="__io_putchar" TI="2393" FileName="D:\WkPjt\MStory2.0\Mango-M32.Firmware\M32.Src014.ClockControl2\src\hw_config.c" Line="183">
    <parameter Name="ch" TI="2393" FileName="D:\WkPjt\MStory2.0\Mango-M32.Firmware\M32.Src014.ClockControl2\src\hw_config.c" Line="183" Addr="0x0" Param="Yes"/>
   </function >
   <type Family="Pointer" TI="3636" toTI="2311"/>
   <function Name="GPIO_Configuration" TI="0" FileName="D:\WkPjt\MStory2.0\Mango-M32.Firmware\M32.Src014.ClockControl2\src\hw_config.c" Line="139">
    <variable Name="GPIO_InitStructure" FileName="D:\WkPjt\MStory2.0\Mango-M32.Firmware\M32.Src014.ClockControl2\src\hw_config.c" Line="140" Addr="0x34000004" TI="2575"/>
   </function >
   <function Name="USART1_Init" TI="0" FileName="D:\WkPjt\MStory2.0\Mango-M32.Firmware\M32.Src014.ClockControl2\src\hw_config.c" Line="53">
    <variable Name="USART_InitStructure" FileName="D:\WkPjt\MStory2.0\Mango-M32.Firmware\M32.Src014.ClockControl2\src\hw_config.c" Line="54" Addr="0x34000000" TI="2700"/>
   </function >
   <variable Name="StartUpCounter" FileName="D:\WkPjt\MStory2.0\Mango-M32.Firmware\M32.Src014.ClockControl2\src\hw_config.c" Line="87" Addr="0x20000518" TI="2859"/>
  </module>
  <module Name="D:\WkPjt\MStory2.0\Mango-M32.Firmware\M32.Src014.ClockControl2\src\stm.c" >
   <type Family="Base" Name="signed char" ID="3778"/>
   <type Family="Base" Name="unsigned char" ID="3796"/>
   <type Family="typedef" Name="uint8_t" Line="46" ID="3785" toTI="3796"/>
   <type Family="Base" Name="short int" ID="3803"/>
   <type Family="Base" Name="short unsigned int" ID="3821"/>
   <type Family="typedef" Name="uint16_t" Line="58" ID="3810" toTI="3821"/>
   <type Family="Base" Name="long int" ID="3828"/>
   <type Family="Base" Name="long unsigned int" ID="3846"/>
   <type Family="typedef" Name="uint32_t" Line="84" ID="3835" toTI="3846"/>
   <type Family="Base" Name="long long int" ID="3853"/>
   <type Family="Base" Name="long long unsigned int" ID="3860"/>
   <type Family="Base" Name="int" ID="3867"/>
   <type Family="Base" Name="unsigned int" ID="3874"/>
   <type Family="Base" Name="char" ID="3884"/>
   <type Family="typedef" Name="GPIOSpeed_TypeDef" Line="26" ID="3918" toTI="3891"/>
   <type Family="typedef" Name="GPIOMode_TypeDef" Line="37" ID="3987" toTI="3929"/>
   <type Family="ComponentList" Line="40" ID="3998">
    <Component Name="GPIO_Pin" TI="4006" Line="41" Offs="0"/>
    <Component Name="GPIO_Speed" TI="4020" Line="42" Offs="2"/>
    <Component Name="GPIO_Mode" TI="4034" Line="43" Offs="3"/>
   </type>
   <type Family="typedef" Name="GPIO_InitTypeDef" Line="44" ID="4049" toTI="3998"/>
   <type Family="typedef" Name="FlagStatus" Line="56" ID="4102" toTI="4081"/>
   <type Family="ComponentList" Line="65" ID="4113">
    <Component Name="USART_BaudRate" TI="4121" Line="66" Offs="0"/>
    <Component Name="USART_WordLength" TI="4135" Line="71" Offs="4"/>
    <Component Name="USART_StopBits" TI="4149" Line="74" Offs="6"/>
    <Component Name="USART_Parity" TI="4163" Line="77" Offs="8"/>
    <Component Name="USART_Mode" TI="4177" Line="84" Offs="10"/>
    <Component Name="USART_HardwareFlowControl" TI="4191" Line="87" Offs="12"/>
   </type>
   <type Family="typedef" Name="USART_InitTypeDef" Line="90" ID="4206" toTI="4113"/>
   <type Family="ComponentList" Line="135" ID="4217">
    <Component Name="CR" TI="4225" Line="136" Offs="0"/>
    <Component Name="CFGR" TI="4238" Line="137" Offs="4"/>
    <Component Name="CIR" TI="4252" Line="138" Offs="8"/>
    <Component Name="APB2RSTR" TI="4266" Line="139" Offs="12"/>
    <Component Name="APB1RSTR" TI="4280" Line="140" Offs="16"/>
    <Component Name="AHBENR" TI="4294" Line="141" Offs="20"/>
    <Component Name="APB2ENR" TI="4308" Line="142" Offs="24"/>
    <Component Name="APB1ENR" TI="4322" Line="143" Offs="28"/>
    <Component Name="BDCR" TI="4336" Line="144" Offs="32"/>
    <Component Name="CSR" TI="4350" Line="145" Offs="36"/>
   </type>
   <type Family="ComponentList" Line="153" ID="4370">
    <Component Name="CRL" TI="4378" Line="154" Offs="0"/>
    <Component Name="CRH" TI="4392" Line="155" Offs="4"/>
    <Component Name="IDR" TI="4406" Line="156" Offs="8"/>
    <Component Name="ODR" TI="4420" Line="157" Offs="12"/>
    <Component Name="BSRR" TI="4434" Line="158" Offs="16"/>
    <Component Name="BRR" TI="4448" Line="159" Offs="20"/>
    <Component Name="LCKR" TI="4462" Line="160" Offs="24"/>
   </type>
   <type Family="typedef" Name="GPIO_TypeDef" Line="161" ID="4477" toTI="4370"/>
   <type Family="ComponentList" Line="164" ID="4488">
    <Component Name="SR" TI="4496" Line="165" Offs="0"/>
    <Component Name="RESERVED0" TI="4509" Line="166" Offs="2"/>
    <Component Name="DR" TI="4523" Line="167" Offs="4"/>
    <Component Name="RESERVED1" TI="4536" Line="168" Offs="6"/>
    <Component Name="BRR" TI="4550" Line="169" Offs="8"/>
    <Component Name="RESERVED2" TI="4564" Line="170" Offs="10"/>
    <Component Name="CR1" TI="4578" Line="171" Offs="12"/>
    <Component Name="RESERVED3" TI="4592" Line="172" Offs="14"/>
    <Component Name="CR2" TI="4606" Line="173" Offs="16"/>
    <Component Name="RESERVED4" TI="4620" Line="174" Offs="18"/>
    <Component Name="CR3" TI="4634" Line="175" Offs="20"/>
    <Component Name="RESERVED5" TI="4648" Line="176" Offs="22"/>
    <Component Name="GTPR" TI="4662" Line="177" Offs="24"/>
    <Component Name="RESERVED6" TI="4676" Line="178" Offs="26"/>
   </type>
   <type Family="typedef" Name="USART_TypeDef" Line="179" ID="4696" toTI="4488"/>
   <type Family="ComponentList" Line="195" ID="4707">
    <Component Name="SYSCLK_Frequency" TI="4715" Line="196" Offs="0"/>
    <Component Name="HCLK_Frequency" TI="4729" Line="197" Offs="4"/>
    <Component Name="PCLK1_Frequency" TI="4743" Line="198" Offs="8"/>
    <Component Name="PCLK2_Frequency" TI="4757" Line="199" Offs="12"/>
    <Component Name="ADCCLK_Frequency" TI="4771" Line="200" Offs="16"/>
   </type>
   <type Family="typedef" Name="RCC_ClocksTypeDef" Line="201" ID="4786" toTI="4707"/>
   <function Name="GPIO_ReadInputDataBit" TI="3785" FileName="D:\WkPjt\MStory2.0\Mango-M32.Firmware\M32.Src014.ClockControl2\src\stm.c" Line="17">
   <type Family="Pointer" TI="4864" toTI="4477"/>
    <parameter Name="GPIOx" TI="4864" FileName="D:\WkPjt\MStory2.0\Mango-M32.Firmware\M32.Src014.ClockControl2\src\stm.c" Line="17" Addr="0x0" Param="Yes"/>
    <parameter Name="GPIO_Pin" TI="3810" FileName="D:\WkPjt\MStory2.0\Mango-M32.Firmware\M32.Src014.ClockControl2\src\stm.c" Line="17" Addr="0x1" Param="Yes"/>
   </function >
   <function Name="USART_SendData" TI="0" FileName="D:\WkPjt\MStory2.0\Mango-M32.Firmware\M32.Src014.ClockControl2\src\stm.c" Line="32">
   <type Family="Pointer" TI="4922" toTI="4696"/>
    <parameter Name="USARTx" TI="4922" FileName="D:\WkPjt\MStory2.0\Mango-M32.Firmware\M32.Src014.ClockControl2\src\stm.c" Line="32" Addr="0x0" Param="Yes"/>
    <parameter Name="Data" TI="3810" FileName="D:\WkPjt\MStory2.0\Mango-M32.Firmware\M32.Src014.ClockControl2\src\stm.c" Line="32" Addr="0x1" Param="Yes"/>
   </function >
   <function Name="USART_ReceiveData" TI="3810" FileName="D:\WkPjt\MStory2.0\Mango-M32.Firmware\M32.Src014.ClockControl2\src\stm.c" Line="38">
    <parameter Name="USARTx" TI="4922" FileName="D:\WkPjt\MStory2.0\Mango-M32.Firmware\M32.Src014.ClockControl2\src\stm.c" Line="38" Addr="0x0" Param="Yes"/>
   </function >
   <function Name="USART_GetFlagStatus" TI="4102" FileName="D:\WkPjt\MStory2.0\Mango-M32.Firmware\M32.Src014.ClockControl2\src\stm.c" Line="44">
    <parameter Name="USARTx" TI="4922" FileName="D:\WkPjt\MStory2.0\Mango-M32.Firmware\M32.Src014.ClockControl2\src\stm.c" Line="44" Addr="0x0" Param="Yes"/>
    <parameter Name="USART_FLAG" TI="3810" FileName="D:\WkPjt\MStory2.0\Mango-M32.Firmware\M32.Src014.ClockControl2\src\stm.c" Line="44" Addr="0x1" Param="Yes"/>
   </function >
   <function Name="RCC_GetClocksFreq" TI="0" FileName="D:\WkPjt\MStory2.0\Mango-M32.Firmware\M32.Src014.ClockControl2\src\stm.c" Line="71">
   <type Family="Pointer" TI="5131" toTI="4786"/>
    <parameter Name="RCC_Clocks" TI="5131" FileName="D:\WkPjt\MStory2.0\Mango-M32.Firmware\M32.Src014.ClockControl2\src\stm.c" Line="71" Addr="0x0" Param="Yes"/>
    <variable Name="tmp" FileName="D:\WkPjt\MStory2.0\Mango-M32.Firmware\M32.Src014.ClockControl2\src\stm.c" Line="72" Addr="0x3" TI="3835"/>
    <variable Name="pllmull" FileName="D:\WkPjt\MStory2.0\Mango-M32.Firmware\M32.Src014.ClockControl2\src\stm.c" Line="72" Addr="0x1" TI="3835"/>
   </function >
   <function Name="USART_Init" TI="0" FileName="D:\WkPjt\MStory2.0\Mango-M32.Firmware\M32.Src014.ClockControl2\src\stm.c" Line="147">
    <parameter Name="USARTx" TI="4922" FileName="D:\WkPjt\MStory2.0\Mango-M32.Firmware\M32.Src014.ClockControl2\src\stm.c" Line="147" Addr="0x0" Param="Yes"/>
   <type Family="Pointer" TI="5241" toTI="4206"/>
    <parameter Name="USART_InitStruct" TI="5241" FileName="D:\WkPjt\MStory2.0\Mango-M32.Firmware\M32.Src014.ClockControl2\src\stm.c" Line="147" Addr="0x1" Param="Yes"/>
    <variable Name="tmpreg" FileName="D:\WkPjt\MStory2.0\Mango-M32.Firmware\M32.Src014.ClockControl2\src\stm.c" Line="148" Addr="0x3" TI="3835"/>
    <variable Name="integerdivider" FileName="D:\WkPjt\MStory2.0\Mango-M32.Firmware\M32.Src014.ClockControl2\src\stm.c" Line="153" Addr="0x2" TI="3835"/>
   </function >
   <function Name="GPIO_Init" TI="0" FileName="D:\WkPjt\MStory2.0\Mango-M32.Firmware\M32.Src014.ClockControl2\src\stm.c" Line="203">
    <parameter Name="GPIOx" TI="4864" FileName="D:\WkPjt\MStory2.0\Mango-M32.Firmware\M32.Src014.ClockControl2\src\stm.c" Line="203" Addr="0x0" Param="Yes"/>
   <type Family="Pointer" TI="5381" toTI="4049"/>
    <parameter Name="GPIO_InitStruct" TI="5381" FileName="D:\WkPjt\MStory2.0\Mango-M32.Firmware\M32.Src014.ClockControl2\src\stm.c" Line="203" Addr="0x1" Param="Yes"/>
    <variable Name="currentmode" FileName="D:\WkPjt\MStory2.0\Mango-M32.Firmware\M32.Src014.ClockControl2\src\stm.c" Line="204" Addr="0x7" TI="3835"/>
    <variable Name="currentpin" FileName="D:\WkPjt\MStory2.0\Mango-M32.Firmware\M32.Src014.ClockControl2\src\stm.c" Line="204" Addr="0x1" TI="3835"/>
    <variable Name="pinpos" FileName="D:\WkPjt\MStory2.0\Mango-M32.Firmware\M32.Src014.ClockControl2\src\stm.c" Line="204" Addr="0xC" TI="3835"/>
    <variable Name="pos" FileName="D:\WkPjt\MStory2.0\Mango-M32.Firmware\M32.Src014.ClockControl2\src\stm.c" Line="204" Addr="0x3" TI="3835"/>
    <variable Name="tmpreg" FileName="D:\WkPjt\MStory2.0\Mango-M32.Firmware\M32.Src014.ClockControl2\src\stm.c" Line="205" Addr="0x4" TI="3835"/>
   </function >
   <type Family="array" ID="5387" toTI="3785"/>
   <variable Name="APBAHBPrescTable" FileName="D:\WkPjt\MStory2.0\Mango-M32.Firmware\M32.Src014.ClockControl2\src\stm.c" Line="67" Addr="0x20000000" TI="5420"/>
   <type Family="array" ID="5430" toTI="3785"/>
   <variable Name="ADCPrescTable" FileName="D:\WkPjt\MStory2.0\Mango-M32.Firmware\M32.Src014.ClockControl2\src\stm.c" Line="68" Addr="0x20000010" TI="5463"/>
  </module>
 </modulelist>
</aoffile>

