<!-- DWF2XML 2.00.01 - Raisonance Dwarf information extractor -->
<aoffile Filename="MStroy2.0" dwarf="1">
 <modulelist>
  <module Name="D:\WkPjt\MStory2.0\Mango-Z1.Firmware\Z1.Src001.HelloWorld\src\main.c" >
   <type Family="Base" Name="signed char" ID="37"/>
   <type Family="Base" Name="unsigned char" ID="44"/>
   <type Family="Base" Name="short int" ID="51"/>
   <type Family="Base" Name="short unsigned int" ID="58"/>
   <type Family="Base" Name="long int" ID="65"/>
   <type Family="Base" Name="long unsigned int" ID="72"/>
   <type Family="Base" Name="long long int" ID="79"/>
   <type Family="Base" Name="long long unsigned int" ID="86"/>
   <type Family="Base" Name="int" ID="93"/>
   <type Family="Base" Name="unsigned int" ID="100"/>
   <type Family="Base" Name="char" ID="132"/>
   <function Name="main" TI="93" FileName="D:\WkPjt\MStory2.0\Mango-Z1.Firmware\Z1.Src001.HelloWorld\src\main.c" Line="23">
   </function >
  </module>
  <module Name="D:\WkPjt\MStory2.0\Mango-Z1.Firmware\Z1.Src001.HelloWorld\src\hw_config.c" >
   <type Family="Base" Name="unsigned int" ID="202"/>
   <type Family="Base" Name="signed char" ID="209"/>
   <type Family="Base" Name="unsigned char" ID="216"/>
   <type Family="Base" Name="short int" ID="223"/>
   <type Family="Base" Name="short unsigned int" ID="230"/>
   <type Family="Base" Name="int" ID="237"/>
   <type Family="Base" Name="long long int" ID="244"/>
   <type Family="Base" Name="long long unsigned int" ID="251"/>
   <type Family="Base" Name="long int" ID="258"/>
   <type Family="Base" Name="long unsigned int" ID="268"/>
   <type Family="Base" Name="char" ID="275"/>
   <type Family="typedef" Name="uint16_t" Line="58" ID="282" toTI="230"/>
   <type Family="typedef" Name="uint32_t" Line="84" ID="293" toTI="268"/>
   <type Family="ComponentList" Line="802" ID="358">
    <Component Name="CRL" TI="367" Line="803" Offs="0"/>
    <Component Name="CRH" TI="382" Line="804" Offs="4"/>
    <Component Name="IDR" TI="397" Line="805" Offs="8"/>
    <Component Name="ODR" TI="412" Line="806" Offs="12"/>
    <Component Name="BSRR" TI="427" Line="807" Offs="16"/>
    <Component Name="BRR" TI="442" Line="808" Offs="20"/>
    <Component Name="LCKR" TI="457" Line="809" Offs="24"/>
   </type>
   <type Family="ComponentList" Line="1027" ID="473">
    <Component Name="SR" TI="482" Line="1028" Offs="0"/>
    <Component Name="RESERVED0" TI="496" Line="1029" Offs="2"/>
    <Component Name="DR" TI="511" Line="1030" Offs="4"/>
    <Component Name="RESERVED1" TI="525" Line="1031" Offs="6"/>
    <Component Name="BRR" TI="540" Line="1032" Offs="8"/>
    <Component Name="RESERVED2" TI="555" Line="1033" Offs="10"/>
    <Component Name="CR1" TI="570" Line="1034" Offs="12"/>
    <Component Name="RESERVED3" TI="585" Line="1035" Offs="14"/>
    <Component Name="CR2" TI="600" Line="1036" Offs="16"/>
    <Component Name="RESERVED4" TI="615" Line="1037" Offs="18"/>
    <Component Name="CR3" TI="630" Line="1038" Offs="20"/>
    <Component Name="RESERVED5" TI="645" Line="1039" Offs="22"/>
    <Component Name="GTPR" TI="660" Line="1040" Offs="24"/>
    <Component Name="RESERVED6" TI="675" Line="1041" Offs="26"/>
   </type>
   <type Family="typedef" Name="GPIOSpeed_TypeDef" Line="62" ID="718" toTI="691"/>
   <type Family="typedef" Name="GPIOMode_TypeDef" Line="79" ID="787" toTI="729"/>
   <type Family="ComponentList" Line="91" ID="798">
    <Component Name="GPIO_Pin" TI="806" Line="92" Offs="0"/>
    <Component Name="GPIO_Speed" TI="820" Line="95" Offs="2"/>
    <Component Name="GPIO_Mode" TI="834" Line="98" Offs="3"/>
   </type>
   <type Family="typedef" Name="GPIO_InitTypeDef" Line="100" ID="849" toTI="798"/>
   <type Family="ComponentList" Line="50" ID="860">
    <Component Name="USART_BaudRate" TI="868" Line="51" Offs="0"/>
    <Component Name="USART_WordLength" TI="882" Line="56" Offs="4"/>
    <Component Name="USART_StopBits" TI="896" Line="59" Offs="6"/>
    <Component Name="USART_Parity" TI="910" Line="62" Offs="8"/>
    <Component Name="USART_Mode" TI="924" Line="69" Offs="10"/>
    <Component Name="USART_HardwareFlowControl" TI="938" Line="72" Offs="12"/>
   </type>
   <type Family="typedef" Name="USART_InitTypeDef" Line="75" ID="953" toTI="860"/>
   <function Name="__io_putchar" TI="237" FileName="D:\WkPjt\MStory2.0\Mango-Z1.Firmware\Z1.Src001.HelloWorld\src\hw_config.c" Line="88">
    <parameter Name="ch" TI="237" FileName="D:\WkPjt\MStory2.0\Mango-Z1.Firmware\Z1.Src001.HelloWorld\src\hw_config.c" Line="88" Addr="0x0" Param="Yes"/>
   </function >
   <function Name="GPIO_Configuration" TI="0" FileName="D:\WkPjt\MStory2.0\Mango-Z1.Firmware\Z1.Src001.HelloWorld\src\hw_config.c" Line="64">
    <variable Name="GPIO_InitStructure" FileName="D:\WkPjt\MStory2.0\Mango-Z1.Firmware\Z1.Src001.HelloWorld\src\hw_config.c" Line="65" Addr="0x34000004" TI="849"/>
   </function >
   <function Name="USART1_Init" TI="0" FileName="D:\WkPjt\MStory2.0\Mango-Z1.Firmware\Z1.Src001.HelloWorld\src\hw_config.c" Line="30">
    <variable Name="USART_InitStructure" FileName="D:\WkPjt\MStory2.0\Mango-Z1.Firmware\Z1.Src001.HelloWorld\src\hw_config.c" Line="31" Addr="0x34000000" TI="953"/>
   </function >
  </module>
  <module Name="D:\WkPjt\MStory2.0\Mango-Z1.Firmware\Libraries\STM32F10x_StdPeriph_Driver\src\stm32f10x_rcc.c" >
   <type Family="Base" Name="signed char" ID="1122"/>
   <type Family="Base" Name="unsigned char" ID="1140"/>
   <type Family="typedef" Name="uint8_t" Line="46" ID="1129" toTI="1140"/>
   <type Family="Base" Name="short int" ID="1147"/>
   <type Family="Base" Name="short unsigned int" ID="1154"/>
   <type Family="Base" Name="long int" ID="1161"/>
   <type Family="Base" Name="long unsigned int" ID="1179"/>
   <type Family="typedef" Name="uint32_t" Line="84" ID="1168" toTI="1179"/>
   <type Family="Base" Name="long long int" ID="1186"/>
   <type Family="Base" Name="long long unsigned int" ID="1193"/>
   <type Family="Base" Name="int" ID="1200"/>
   <type Family="Base" Name="unsigned int" ID="1207"/>
   <type Family="typedef" Name="FlagStatus" Line="348" ID="1244" toTI="1222"/>
   <type Family="typedef" Name="ITStatus" Line="348" ID="1256" toTI="1222"/>
   <type Family="typedef" Name="FunctionalState" Line="350" ID="1290" toTI="1268"/>
   <type Family="typedef" Name="ErrorStatus" Line="353" ID="1324" toTI="1302"/>
   <type Family="ComponentList" Line="875" ID="1336">
    <Component Name="CR" TI="1345" Line="876" Offs="0"/>
    <Component Name="CFGR" TI="1359" Line="877" Offs="4"/>
    <Component Name="CIR" TI="1374" Line="878" Offs="8"/>
    <Component Name="APB2RSTR" TI="1389" Line="879" Offs="12"/>
    <Component Name="APB1RSTR" TI="1404" Line="880" Offs="16"/>
    <Component Name="AHBENR" TI="1419" Line="881" Offs="20"/>
    <Component Name="APB2ENR" TI="1434" Line="882" Offs="24"/>
    <Component Name="APB1ENR" TI="1449" Line="883" Offs="28"/>
    <Component Name="BDCR" TI="1464" Line="884" Offs="32"/>
    <Component Name="CSR" TI="1479" Line="885" Offs="36"/>
    <Component Name="AHBRSTR" TI="1494" Line="887" Offs="40"/>
    <Component Name="CFGR2" TI="1509" Line="888" Offs="44"/>
   </type>
   <type Family="ComponentList" Line="46" ID="1525">
    <Component Name="SYSCLK_Frequency" TI="1533" Line="47" Offs="0"/>
    <Component Name="HCLK_Frequency" TI="1547" Line="48" Offs="4"/>
    <Component Name="PCLK1_Frequency" TI="1561" Line="49" Offs="8"/>
    <Component Name="PCLK2_Frequency" TI="1575" Line="50" Offs="12"/>
    <Component Name="ADCCLK_Frequency" TI="1589" Line="51" Offs="16"/>
   </type>
   <type Family="typedef" Name="RCC_ClocksTypeDef" Line="52" ID="1604" toTI="1525"/>
   <function Name="RCC_GetClocksFreq" TI="0" FileName="D:\WkPjt\MStory2.0\Mango-Z1.Firmware\Libraries\STM32F10x_StdPeriph_Driver\src\stm32f10x_rcc.c" Line="903">
   <type Family="Pointer" TI="2979" toTI="1604"/>
    <parameter Name="RCC_Clocks" TI="2979" FileName="D:\WkPjt\MStory2.0\Mango-Z1.Firmware\Libraries\STM32F10x_StdPeriph_Driver\src\stm32f10x_rcc.c" Line="903" Addr="0x0" Param="Yes"/>
    <variable Name="tmp" FileName="D:\WkPjt\MStory2.0\Mango-Z1.Firmware\Libraries\STM32F10x_StdPeriph_Driver\src\stm32f10x_rcc.c" Line="904" Addr="0x3" TI="1168"/>
    <variable Name="pllmull" FileName="D:\WkPjt\MStory2.0\Mango-Z1.Firmware\Libraries\STM32F10x_StdPeriph_Driver\src\stm32f10x_rcc.c" Line="904" Addr="0x3" TI="1168"/>
    <variable Name="prediv1factor" FileName="D:\WkPjt\MStory2.0\Mango-Z1.Firmware\Libraries\STM32F10x_StdPeriph_Driver\src\stm32f10x_rcc.c" Line="907" Addr="0xC" TI="1168"/>
   </function >
   <function Name="RCC_APB2PeriphClockCmd" TI="0" FileName="D:\WkPjt\MStory2.0\Mango-Z1.Firmware\Libraries\STM32F10x_StdPeriph_Driver\src\stm32f10x_rcc.c" Line="1077">
    <parameter Name="RCC_APB2Periph" TI="1168" FileName="D:\WkPjt\MStory2.0\Mango-Z1.Firmware\Libraries\STM32F10x_StdPeriph_Driver\src\stm32f10x_rcc.c" Line="1077" Addr="0x0" Param="Yes"/>
    <parameter Name="NewState" TI="1290" FileName="D:\WkPjt\MStory2.0\Mango-Z1.Firmware\Libraries\STM32F10x_StdPeriph_Driver\src\stm32f10x_rcc.c" Line="1077" Addr="0x1" Param="Yes"/>
   </function >
   <type Family="array" ID="3696" toTI="1129"/>
   <variable Name="APBAHBPrescTable" FileName="D:\WkPjt\MStory2.0\Mango-Z1.Firmware\Libraries\STM32F10x_StdPeriph_Driver\src\stm32f10x_rcc.c" Line="200" Addr="0x20000000" TI="3729"/>
   <type Family="array" ID="3739" toTI="1129"/>
   <variable Name="ADCPrescTable" FileName="D:\WkPjt\MStory2.0\Mango-Z1.Firmware\Libraries\STM32F10x_StdPeriph_Driver\src\stm32f10x_rcc.c" Line="201" Addr="0x20000010" TI="3772"/>
  </module>
  <module Name="D:\WkPjt\MStory2.0\Mango-Z1.Firmware\Libraries\STM32F10x_StdPeriph_Driver\src\stm32f10x_usart.c" >
   <type Family="Base" Name="signed char" ID="3820"/>
   <type Family="Base" Name="unsigned char" ID="3838"/>
   <type Family="typedef" Name="uint8_t" Line="46" ID="3827" toTI="3838"/>
   <type Family="Base" Name="short int" ID="3845"/>
   <type Family="Base" Name="short unsigned int" ID="3863"/>
   <type Family="typedef" Name="uint16_t" Line="58" ID="3852" toTI="3863"/>
   <type Family="Base" Name="long int" ID="3870"/>
   <type Family="Base" Name="long unsigned int" ID="3888"/>
   <type Family="typedef" Name="uint32_t" Line="84" ID="3877" toTI="3888"/>
   <type Family="Base" Name="long long int" ID="3895"/>
   <type Family="Base" Name="long long unsigned int" ID="3902"/>
   <type Family="Base" Name="int" ID="3909"/>
   <type Family="Base" Name="unsigned int" ID="3916"/>
   <type Family="typedef" Name="FlagStatus" Line="348" ID="3953" toTI="3931"/>
   <type Family="typedef" Name="ITStatus" Line="348" ID="3965" toTI="3931"/>
   <type Family="typedef" Name="FunctionalState" Line="350" ID="3999" toTI="3977"/>
   <type Family="ComponentList" Line="1027" ID="4011">
    <Component Name="SR" TI="4020" Line="1028" Offs="0"/>
    <Component Name="RESERVED0" TI="4034" Line="1029" Offs="2"/>
    <Component Name="DR" TI="4049" Line="1030" Offs="4"/>
    <Component Name="RESERVED1" TI="4063" Line="1031" Offs="6"/>
    <Component Name="BRR" TI="4078" Line="1032" Offs="8"/>
    <Component Name="RESERVED2" TI="4093" Line="1033" Offs="10"/>
    <Component Name="CR1" TI="4108" Line="1034" Offs="12"/>
    <Component Name="RESERVED3" TI="4123" Line="1035" Offs="14"/>
    <Component Name="CR2" TI="4138" Line="1036" Offs="16"/>
    <Component Name="RESERVED4" TI="4153" Line="1037" Offs="18"/>
    <Component Name="CR3" TI="4168" Line="1038" Offs="20"/>
    <Component Name="RESERVED5" TI="4183" Line="1039" Offs="22"/>
    <Component Name="GTPR" TI="4198" Line="1040" Offs="24"/>
    <Component Name="RESERVED6" TI="4213" Line="1041" Offs="26"/>
   </type>
   <type Family="typedef" Name="USART_TypeDef" Line="1042" ID="4229" toTI="4011"/>
   <type Family="ComponentList" Line="46" ID="4241">
    <Component Name="SYSCLK_Frequency" TI="4249" Line="47" Offs="0"/>
    <Component Name="HCLK_Frequency" TI="4263" Line="48" Offs="4"/>
    <Component Name="PCLK1_Frequency" TI="4277" Line="49" Offs="8"/>
    <Component Name="PCLK2_Frequency" TI="4291" Line="50" Offs="12"/>
    <Component Name="ADCCLK_Frequency" TI="4305" Line="51" Offs="16"/>
   </type>
   <type Family="typedef" Name="RCC_ClocksTypeDef" Line="52" ID="4320" toTI="4241"/>
   <type Family="ComponentList" Line="50" ID="4331">
    <Component Name="USART_BaudRate" TI="4339" Line="51" Offs="0"/>
    <Component Name="USART_WordLength" TI="4353" Line="56" Offs="4"/>
    <Component Name="USART_StopBits" TI="4367" Line="59" Offs="6"/>
    <Component Name="USART_Parity" TI="4381" Line="62" Offs="8"/>
    <Component Name="USART_Mode" TI="4395" Line="69" Offs="10"/>
    <Component Name="USART_HardwareFlowControl" TI="4409" Line="72" Offs="12"/>
   </type>
   <type Family="typedef" Name="USART_InitTypeDef" Line="75" ID="4424" toTI="4331"/>
   <type Family="ComponentList" Line="82" ID="4435">
    <Component Name="USART_Clock" TI="4443" Line="84" Offs="0"/>
    <Component Name="USART_CPOL" TI="4457" Line="87" Offs="2"/>
    <Component Name="USART_CPHA" TI="4471" Line="90" Offs="4"/>
    <Component Name="USART_LastBit" TI="4485" Line="93" Offs="6"/>
   </type>
   <type Family="typedef" Name="USART_ClockInitTypeDef" Line="96" ID="4500" toTI="4435"/>
   <type Family="Pointer" TI="4548" toTI="4424"/>
   <type Family="Pointer" TI="4625" toTI="4229"/>
   <type Family="Pointer" TI="4631" toTI="4500"/>
   <function Name="USART_Cmd" TI="0" FileName="D:\WkPjt\MStory2.0\Mango-Z1.Firmware\Libraries\STM32F10x_StdPeriph_Driver\src\stm32f10x_usart.c" Line="320">
    <parameter Name="USARTx" TI="4625" FileName="D:\WkPjt\MStory2.0\Mango-Z1.Firmware\Libraries\STM32F10x_StdPeriph_Driver\src\stm32f10x_usart.c" Line="320" Addr="0x0" Param="Yes"/>
    <parameter Name="NewState" TI="3999" FileName="D:\WkPjt\MStory2.0\Mango-Z1.Firmware\Libraries\STM32F10x_StdPeriph_Driver\src\stm32f10x_usart.c" Line="320" Addr="0x1" Param="Yes"/>
   </function >
   <function Name="USART_SendData" TI="0" FileName="D:\WkPjt\MStory2.0\Mango-Z1.Firmware\Libraries\STM32F10x_StdPeriph_Driver\src\stm32f10x_usart.c" Line="560">
    <parameter Name="USARTx" TI="4625" FileName="D:\WkPjt\MStory2.0\Mango-Z1.Firmware\Libraries\STM32F10x_StdPeriph_Driver\src\stm32f10x_usart.c" Line="560" Addr="0x0" Param="Yes"/>
    <parameter Name="Data" TI="3852" FileName="D:\WkPjt\MStory2.0\Mango-Z1.Firmware\Libraries\STM32F10x_StdPeriph_Driver\src\stm32f10x_usart.c" Line="560" Addr="0x1" Param="Yes"/>
   </function >
   <function Name="USART_GetFlagStatus" TI="3953" FileName="D:\WkPjt\MStory2.0\Mango-Z1.Firmware\Libraries\STM32F10x_StdPeriph_Driver\src\stm32f10x_usart.c" Line="784">
    <parameter Name="USARTx" TI="4625" FileName="D:\WkPjt\MStory2.0\Mango-Z1.Firmware\Libraries\STM32F10x_StdPeriph_Driver\src\stm32f10x_usart.c" Line="784" Addr="0x0" Param="Yes"/>
    <parameter Name="USART_FLAG" TI="3852" FileName="D:\WkPjt\MStory2.0\Mango-Z1.Firmware\Libraries\STM32F10x_StdPeriph_Driver\src\stm32f10x_usart.c" Line="784" Addr="0x1" Param="Yes"/>
   </function >
   <function Name="USART_Init" TI="0" FileName="D:\WkPjt\MStory2.0\Mango-Z1.Firmware\Libraries\STM32F10x_StdPeriph_Driver\src\stm32f10x_usart.c" Line="166">
    <parameter Name="USARTx" TI="4625" FileName="D:\WkPjt\MStory2.0\Mango-Z1.Firmware\Libraries\STM32F10x_StdPeriph_Driver\src\stm32f10x_usart.c" Line="166" Addr="0x0" Param="Yes"/>
    <parameter Name="USART_InitStruct" TI="4548" FileName="D:\WkPjt\MStory2.0\Mango-Z1.Firmware\Libraries\STM32F10x_StdPeriph_Driver\src\stm32f10x_usart.c" Line="166" Addr="0x1" Param="Yes"/>
    <variable Name="tmpreg" FileName="D:\WkPjt\MStory2.0\Mango-Z1.Firmware\Libraries\STM32F10x_StdPeriph_Driver\src\stm32f10x_usart.c" Line="167" Addr="0x3" TI="3877"/>
    <variable Name="apbclock" FileName="D:\WkPjt\MStory2.0\Mango-Z1.Firmware\Libraries\STM32F10x_StdPeriph_Driver\src\stm32f10x_usart.c" Line="167" Addr="0x3" TI="3877"/>
    <variable Name="integerdivider" FileName="D:\WkPjt\MStory2.0\Mango-Z1.Firmware\Libraries\STM32F10x_StdPeriph_Driver\src\stm32f10x_usart.c" Line="168" Addr="0x2" TI="3877"/>
    <variable Name="RCC_ClocksStatus" FileName="D:\WkPjt\MStory2.0\Mango-Z1.Firmware\Libraries\STM32F10x_StdPeriph_Driver\src\stm32f10x_usart.c" Line="171" Addr="0x34000004" TI="4320"/>
   </function >
  </module>
  <module Name="D:\WkPjt\MStory2.0\Mango-Z1.Firmware\Libraries\STM32F10x_StdPeriph_Driver\src\stm32f10x_gpio.c" >
   <type Family="Base" Name="signed char" ID="6242"/>
   <type Family="Base" Name="unsigned char" ID="6260"/>
   <type Family="typedef" Name="uint8_t" Line="46" ID="6249" toTI="6260"/>
   <type Family="Base" Name="short int" ID="6267"/>
   <type Family="Base" Name="short unsigned int" ID="6285"/>
   <type Family="typedef" Name="uint16_t" Line="58" ID="6274" toTI="6285"/>
   <type Family="Base" Name="long int" ID="6292"/>
   <type Family="Base" Name="long unsigned int" ID="6310"/>
   <type Family="typedef" Name="uint32_t" Line="84" ID="6299" toTI="6310"/>
   <type Family="Base" Name="long long int" ID="6317"/>
   <type Family="Base" Name="long long unsigned int" ID="6324"/>
   <type Family="Base" Name="int" ID="6331"/>
   <type Family="Base" Name="unsigned int" ID="6338"/>
   <type Family="array" ID="6353" toTI="6299"/>
   <type Family="typedef" Name="FunctionalState" Line="350" ID="6391" toTI="6369"/>
   <type Family="ComponentList" Line="802" ID="6403">
    <Component Name="CRL" TI="6412" Line="803" Offs="0"/>
    <Component Name="CRH" TI="6427" Line="804" Offs="4"/>
    <Component Name="IDR" TI="6442" Line="805" Offs="8"/>
    <Component Name="ODR" TI="6457" Line="806" Offs="12"/>
    <Component Name="BSRR" TI="6472" Line="807" Offs="16"/>
    <Component Name="BRR" TI="6487" Line="808" Offs="20"/>
    <Component Name="LCKR" TI="6502" Line="809" Offs="24"/>
   </type>
   <type Family="typedef" Name="GPIO_TypeDef" Line="810" ID="6518" toTI="6403"/>
   <type Family="ComponentList" Line="817" ID="6530">
    <Component Name="EVCR" TI="6539" Line="818" Offs="0"/>
    <Component Name="MAPR" TI="6554" Line="819" Offs="4"/>
    <Component Name="EXTICR" TI="6569" Line="820" Offs="8"/>
   </type>
   <type Family="typedef" Name="GPIOSpeed_TypeDef" Line="62" ID="6617" toTI="6590"/>
   <type Family="typedef" Name="GPIOMode_TypeDef" Line="79" ID="6686" toTI="6628"/>
   <type Family="ComponentList" Line="91" ID="6697">
    <Component Name="GPIO_Pin" TI="6705" Line="92" Offs="0"/>
    <Component Name="GPIO_Speed" TI="6719" Line="95" Offs="2"/>
    <Component Name="GPIO_Mode" TI="6733" Line="98" Offs="3"/>
   </type>
   <type Family="typedef" Name="GPIO_InitTypeDef" Line="100" ID="6748" toTI="6697"/>
   <type Family="typedef" Name="BitAction" Line="110" ID="6780" toTI="6759"/>
   <function Name="GPIO_Init" TI="0" FileName="D:\WkPjt\MStory2.0\Mango-Z1.Firmware\Libraries\STM32F10x_StdPeriph_Driver\src\stm32f10x_gpio.c" Line="173">
   <type Family="Pointer" TI="6925" toTI="6518"/>
    <parameter Name="GPIOx" TI="6925" FileName="D:\WkPjt\MStory2.0\Mango-Z1.Firmware\Libraries\STM32F10x_StdPeriph_Driver\src\stm32f10x_gpio.c" Line="173" Addr="0x0" Param="Yes"/>
   <type Family="Pointer" TI="6931" toTI="6748"/>
    <parameter Name="GPIO_InitStruct" TI="6931" FileName="D:\WkPjt\MStory2.0\Mango-Z1.Firmware\Libraries\STM32F10x_StdPeriph_Driver\src\stm32f10x_gpio.c" Line="173" Addr="0x1" Param="Yes"/>
    <variable Name="currentmode" FileName="D:\WkPjt\MStory2.0\Mango-Z1.Firmware\Libraries\STM32F10x_StdPeriph_Driver\src\stm32f10x_gpio.c" Line="174" Addr="0x7" TI="6299"/>
    <variable Name="currentpin" FileName="D:\WkPjt\MStory2.0\Mango-Z1.Firmware\Libraries\STM32F10x_StdPeriph_Driver\src\stm32f10x_gpio.c" Line="174" Addr="0x1" TI="6299"/>
    <variable Name="pinpos" FileName="D:\WkPjt\MStory2.0\Mango-Z1.Firmware\Libraries\STM32F10x_StdPeriph_Driver\src\stm32f10x_gpio.c" Line="174" Addr="0xC" TI="6299"/>
    <variable Name="pos" FileName="D:\WkPjt\MStory2.0\Mango-Z1.Firmware\Libraries\STM32F10x_StdPeriph_Driver\src\stm32f10x_gpio.c" Line="174" Addr="0x3" TI="6299"/>
    <variable Name="tmpreg" FileName="D:\WkPjt\MStory2.0\Mango-Z1.Firmware\Libraries\STM32F10x_StdPeriph_Driver\src\stm32f10x_gpio.c" Line="175" Addr="0x4" TI="6299"/>
   </function >
  </module>
 </modulelist>
</aoffile>

